app_id,name,release_date,price,metacritic_url,categories,genres,tags
1272080,PAYDAY 3,2023-09-21,14.99,https://www.metacritic.com/game/pc/payday-3?ftag=MCD-06-10aaa1f,"Single-player,Multi-player,Co-op,Online Co-op,Cross-Platform Multiplayer,Steam Achievements,Steam Trading Cards,In-App Purchases,Camera Comfort,Custom Volume Controls,Adjustable Difficulty,Stereo Sound,Subtitle Options,Surround Sound,Partial Controller Support,Steam Cloud,Family Sharing","Action,Adventure,RPG","Heist,Co-op,Crime,Action,Multiplayer,FPS,Shooter,Stealth,Tactical,America,Online Co-Op,Dark Humor,First-Person,PvE,Gun Customization,RPG,Combat,3D,Realistic,Shoot 'Em Up"
2742010,Off-Road: Redneck Racing,2024-02-12,7.99,https://www.metacritic.com/game/pc/off-road-redneck-racing?ftag=MCD-06-10aaa1f,"Single-player,Multi-player,PvP,LAN PvP,Steam Cloud,Family Sharing","Action,Racing","Racing,Cartoon,Arcade,Driving,First-Person,3D,Funny,PvP,PvE,Controller,Vehicular Combat,Third Person,Split Screen,Capitalism,Military,Offroad,Comedy,Physics,Destruction,Anime"
1147860,UFO 50,2024-09-18,18.74,https://www.metacritic.com/game/pc/ufo-50?ftag=MCD-06-10aaa1f,"Single-player,Multi-player,PvP,Shared/Split Screen PvP,Co-op,Shared/Split Screen Co-op,Shared/Split Screen,Steam Achievements,Full controller support,Steam Trading Cards,Steam Cloud,Remote Play Together,Family Sharing","Action,Adventure,Indie,RPG,Strategy","Indie,Pixel Graphics,Action,Retro,Strategy,RPG,2D,Adventure,Arcade,Difficult,Casual,1980s,Local Multiplayer,Minigames,Rogue-like,2D Platformer,Puzzle,Platformer,Great Soundtrack,Sports"
1088850,Marvel's Guardians of the Galaxy,2021-10-26,8.99,https://www.metacritic.com/game/pc/marvels-guardians-of-the-galaxy?ftag=MCD-06-10aaa1f,"Single-player,Steam Achievements,Full controller support,Steam Trading Cards,Adjustable Text Size,Camera Comfort,Custom Volume Controls,Adjustable Difficulty,Playable without Timed Input,Stereo Sound,Subtitle Options,Surround Sound,Steam Cloud,HDR available,Family Sharing","Action,Adventure","Singleplayer,Story Rich,Action,Action-Adventure,Superhero,Third-Person Shooter,Choices Matter,Comedy,Sci-fi,Adventure,Exploration,Space,Shooter,Cinematic,Great Soundtrack,Atmospheric,Aliens,RPG,Open World,Multiplayer"
1898290,LEGO® Bricktales,2022-10-12,4.49,https://www.metacritic.com/game/pc/lego-bricktales?ftag=MCD-06-10aaa1f,"Single-player,Steam Achievements,Full controller support,Steam Trading Cards,Steam Cloud,Family Sharing","Adventure,Casual,Simulation","Puzzle,LEGO,Cozy,Colorful,Design & Illustration,Family Friendly,Controller,Casual,Isometric,Singleplayer,Top-Down,Relaxing,3D,Funny,Atmospheric,Building,Adventure,Physics,Sandbox,Comedy"
1234430,Ad Infinitum,2023-09-14,5.24,https://www.metacritic.com/game/pc/ad-infinitum?ftag=MCD-06-10aaa1f,"Single-player,Steam Achievements,Full controller support,Steam Trading Cards,Steam Cloud,Family Sharing","Action,Adventure","Horror,Action,Psychological Horror,First-Person,Atmospheric,Survival Horror,Singleplayer,Dark,Gore,Survival,Adventure,Indie,World War I,Story Rich,Puzzle,Exploration,Violent,Mystery,War,Historical"
2386310,Ultros,2024-02-13,9.99,https://www.metacritic.com/game/pc/ultros?ftag=MCD-06-10aaa1f,"Single-player,Steam Achievements,Full controller support,Steam Cloud,Family Sharing","Adventure,Indie","Metroidvania,Adventure,Platformer,Sci-fi,2D Platformer,Female Protagonist,Exploration,Action,Psychedelic,Singleplayer,2D,Colorful,Hand-drawn,Rogue-lite,Roguevania,Stylized,Soundtrack,Atmospheric,Mystery,Combat"
1798020,Mega Man Battle Network Legacy Collection Vol. 2,2023-04-13,12.79,https://www.metacritic.com/game/pc/mega-man-battle-network-legacy-collection-vol-2?ftag=MCD-06-10aaa1f,"Single-player,Multi-player,PvP,Online PvP,Steam Achievements,Full controller support,Steam Trading Cards,Steam Cloud,Family Sharing","Action,RPG","RPG,Action,Action RPG,Pixel Graphics,Singleplayer,Deckbuilding,PvP,Retro,Trading,2D,Science,PvE,JRPG,Anime,Sci-fi,CRPG"
2634890,MARVEL vs. CAPCOM Fighting Collection: Arcade Classics,2024-09-11,24.99,https://www.metacritic.com/game/pc/marvel-vs-capcom-fighting-collection-arcade-classics?ftag=MCD-06-10aaa1f,"Single-player,Multi-player,PvP,Online PvP,Shared/Split Screen PvP,Co-op,Online Co-op,Shared/Split Screen Co-op,Shared/Split Screen,Steam Achievements,Full controller support,Steam Cloud,Remote Play Together,Family Sharing",Action,"Action,2D Fighter,Multiplayer,Beat 'em up,Singleplayer,Comic Book,Pixel Graphics,Retro,Superhero,1990's,Fighting,Local Multiplayer,Arcade,Online Co-Op,Score Attack,Classic,Local Co-Op,Co-op,Great Soundtrack"
1920100,Backfirewall_,2023-01-30,5.99,https://www.metacritic.com/game/pc/backfirewall_?ftag=MCD-06-10aaa1f,"Single-player,Full controller support,Steam Cloud,Family Sharing","Adventure,Casual,Indie","Adventure,Narration,Comedy,Casual,First-Person,Story Rich,Puzzle,Exploration,Funny,Singleplayer,Indie,3D,Physics,Minimalist"
347800,Ghost Song,2022-11-03,9.99,https://www.metacritic.com/game/pc/ghost-song?ftag=MCD-06-10aaa1f,"Single-player,Steam Achievements,Full controller support,Steam Cloud,Family Sharing","Action,Adventure,Indie,RPG","Metroidvania,Sci-fi,2D,Action,Atmospheric,Platformer,Indie,Singleplayer,Adventure,Side Scroller,Dark,Hand-drawn,2D Platformer,Action-Adventure,Controller,Horror,Difficult,Robots,Female Protagonist,Post-apocalyptic"
824550,SD GUNDAM BATTLE ALLIANCE,2022-08-24,14.99,https://www.metacritic.com/game/pc/sd-gundam-battle-alliance?ftag=MCD-06-10aaa1f,"Single-player,Multi-player,Co-op,Online Co-op,Steam Achievements,Full controller support,Steam Trading Cards,Steam Cloud,Family Sharing","Action,RPG","Mechs,Action RPG,Robots,Hack and Slash,PvE,Anime,RPG,Lore-Rich,Online Co-Op,Third Person,Alternate History,Action,Multiplayer,Sci-fi,Animation & Modeling,Singleplayer,Space,Beat 'em up,Co-op,Combat"
1299690,Gori: Cuddly Carnage,2024-08-29,8.79,https://www.metacritic.com/game/pc/gori-cuddly-carnage?ftag=MCD-06-10aaa1f,"Single-player,Steam Achievements,Full controller support,Steam Trading Cards,Adjustable Text Size,Custom Volume Controls,Adjustable Difficulty,Stereo Sound,Surround Sound,Steam Cloud,Family Sharing","Action,Adventure,Indie","Controller,Combat,Cyberpunk,Horror,Comedy,Blood,Third Person,Character Customization,Gore,Hack and Slash,Action,Destruction,Cats,Singleplayer,Action-Adventure,Stylized,3D Platformer,Difficult,Adventure,Metroidvania"
835650,Rising Lords,2024-01-18,11.99,https://www.metacritic.com/game/pc/rising-lords?ftag=MCD-06-10aaa1f,"Single-player,Multi-player,PvP,Online PvP,LAN PvP,Co-op,Online Co-op,LAN Co-op,Steam Achievements,Full controller support,Steam Trading Cards,Steam Workshop,Steam Turn Notifications,Includes level editor,Family Sharing","Indie,Simulation,Strategy","Medieval,Turn-Based Tactics,Strategy,Turn-Based Strategy,Indie,Multiplayer,Tactical,Turn-Based,Turn-Based Combat,Base-Building,Hex Grid,2D,City Builder,Simulation,Early Access,Singleplayer,Sandbox,Hand-drawn,Co-op,Replay Value"
1824580,Dungeon Drafters,2023-04-27,12.49,https://www.metacritic.com/game/pc/dungeon-drafters?ftag=MCD-06-10aaa1f,"Single-player,Steam Achievements,Full controller support,Steam Trading Cards,Camera Comfort,Color Alternatives,Custom Volume Controls,Playable without Timed Input,Stereo Sound,Steam Cloud,Remote Play on TV,Family Sharing","Indie,RPG,Strategy","Tactical RPG,Deckbuilding,Mystery Dungeon,Turn-Based Combat,Dungeon Crawler,Rogue-lite,Card Game,Procedural Generation,JRPG,Strategy,RPG,Grid-Based Movement,Multiple Endings,Old School,Pixel Graphics,Anime,Colorful,Fantasy,Female Protagonist,Singleplayer"
1850570,DEATH STRANDING DIRECTOR'S CUT,2022-03-30,15.99,https://www.metacritic.com/game/pc/death-stranding-directors-cut?ftag=MCD-06-10aaa1f,"Single-player,Steam Achievements,Full controller support,Steam Trading Cards,Adjustable Text Size,Camera Comfort,Custom Volume Controls,Adjustable Difficulty,Playable without Timed Input,Save Anytime,Stereo Sound,Subtitle Options,Surround Sound,Steam Cloud,HDR available,Family Sharing","Action,Adventure","Story Rich,Open World,Walking Simulator,Atmospheric,Adventure,Great Soundtrack,Exploration,Post-apocalyptic,Cinematic,Singleplayer,Third Person,Action,Sci-fi,Horror,Relaxing,Action-Adventure,Stealth,Third-Person Shooter,Multiplayer,Combat"
3454980,Mortal Kombat: Legacy Kollection,2025-10-29,49.99,https://www.metacritic.com/game/pc/mortal-kombat-legacy-kollection?ftag=MCD-06-10aaa1f,"Single-player,Multi-player,PvP,Online PvP,Shared/Split Screen PvP,Shared/Split Screen,Steam Achievements,Full controller support,Steam Cloud,Remote Play Together,Family Sharing",Action,
919360,Alaloth: Champions of The Four Kingdoms,2024-11-21,20.99,https://www.metacritic.com/game/pc/alaloth---champions-of-the-four-kingdoms?ftag=MCD-06-10aaa1f,"Single-player,Multi-player,Co-op,Shared/Split Screen Co-op,Shared/Split Screen,Steam Achievements,Full controller support,Steam Cloud,Remote Play Together,Family Sharing","Action,Adventure,Indie,RPG,Strategy","Action RPG,Isometric,Souls-like,Hack and Slash,Fantasy,Dungeon Crawler,Sandbox,Dark Fantasy,Singleplayer,RPG,Open World,Lore-Rich,CRPG,Story Rich,Top-Down,Nonlinear,Exploration,Magic,Swordplay,Action"
1109680,Regiments,2022-08-16,17.99,https://www.metacritic.com/game/pc/regiments?ftag=MCD-06-10aaa1f,"Single-player,Steam Cloud,Family Sharing","Indie,Simulation,Strategy","Strategy,Wargame,Real Time Tactics,Cold War,Combat,RTS,Realistic,Tactical,Alternate History,War,Singleplayer,1980s,Modern,Military,Tanks,Simulation,Indie,3D,Choices Matter,PvE"
1644080,Rock 'n' Roll Will Never Die!,2022-04-28,1.49,https://www.metacritic.com/game/pc/rock-n-roll-will-never-die!?ftag=MCD-06-10aaa1f,"Single-player,Steam Achievements,Family Sharing","Adventure,Indie","Adventure,Point & Click,Story Rich,Comedy,Cartoon,1990's,Dark Humor,Hand-drawn,Funny,1980s,Dark Comedy,Narration,Satire,Cartoony,Comic Book,Cute,Singleplayer,2D,Conversation,Colorful"
1521970,Goblin Stone,2024-03-12,9.99,https://www.metacritic.com/game/pc/goblin-stone?ftag=MCD-06-10aaa1f,"Single-player,Steam Achievements,Steam Cloud,Family Sharing","Indie,RPG,Strategy","Singleplayer,Base-Building,Cute,Rogue-like,Dungeon Crawler,Turn-Based Combat,Colony Sim,Dark Humor,Side Scroller,Perma Death,Narration,Story Rich,Choices Matter,Party-Based RPG,Adventure,Hand-drawn,Class-Based,Colorful,Fantasy,Management"
1975360,DRAINUS,2022-05-22,7.49,https://www.metacritic.com/game/pc/drainus?ftag=MCD-06-10aaa1f,"Single-player,Steam Achievements,Partial Controller Support,Steam Cloud,Family Sharing","Action,Indie","Action,Shoot 'Em Up,Indie,Shooter,Singleplayer,2D,Female Protagonist,Bullet Hell,Pixel Graphics,Side Scroller,Arcade,Sci-fi,Anime"
1817230,Hi-Fi RUSH,2023-01-25,17.99,https://www.metacritic.com/game/pc/hi-fi-rush?ftag=MCD-06-10aaa1f,"Single-player,Steam Achievements,Full controller support,Steam Trading Cards,Captions available,Camera Comfort,Color Alternatives,Custom Volume Controls,Adjustable Difficulty,Stereo Sound,Surround Sound,Steam Cloud,Family Sharing",Action,"Rhythm,Action,Hack and Slash,Great Soundtrack,Singleplayer,Cartoony,Action-Adventure,Music,Platformer,Character Action Game,Colorful,Spectacle fighter,Comedy,Stylized,Beat 'em up,Anime,Cyberpunk,Third Person,Robots,Adventure"
1324530,"Warhammer 40,000: Shootas, Blood & Teef",2022-10-20,7.99,https://www.metacritic.com/game/pc/warhammer-40000-shootas-blood-teef?ftag=MCD-06-10aaa1f,"Single-player,Multi-player,PvP,Online PvP,Shared/Split Screen PvP,Co-op,Online Co-op,Shared/Split Screen Co-op,Shared/Split Screen,Steam Achievements,Full controller support,Steam Cloud,Remote Play Together,Family Sharing","Action,Adventure","PvP,Adventure,Warhammer 40K,Side Scroller,2D Platformer,Shoot 'Em Up,Bullet Hell,Shooter,Twin Stick Shooter,Platformer,Beat 'em up,Arcade,2D,Action-Adventure,Funny,Co-op,Cartoony,Action,Hand-drawn,Local Co-Op"
1619230,The Star Named EOS,2024-07-22,8.99,https://www.metacritic.com/game/pc/the-star-named-eos?ftag=MCD-06-10aaa1f,"Single-player,Steam Achievements,Full controller support,Steam Trading Cards,Steam Cloud,Family Sharing","Adventure,Indie","Anime,First-Person,Casual,Hidden Object,360 Video,Atmospheric,Puzzle,Hand-drawn,Indie,Singleplayer,Adventure,Stylized,Short,Point & Click,Story Rich,Exploration,Interactive Fiction,Drama,Surreal,Narration"
619390,Oddworld: Soulstorm Enhanced Edition,2022-06-21,9.99,https://www.metacritic.com/game/pc/oddworld-soulstorm?ftag=MCD-06-10aaa1f,"Single-player,Steam Achievements,Full controller support,Steam Trading Cards,Family Sharing","Action,Adventure,Indie","Action,Adventure,Action-Adventure,Platformer,Puzzle,2D Platformer,Puzzle-Platformer,2.5D,Realistic,1990's,Conspiracy,Dark,Dark Humor,Dystopian,Lore-Rich,Sci-fi,Combat,Multiple Endings,Stealth,Story Rich"
1451090,Tactics Ogre: Reborn,2022-11-11,19.99,https://www.metacritic.com/game/pc/tactics-ogre-reborn?ftag=MCD-06-10aaa1f,"Single-player,Steam Achievements,Steam Trading Cards,Partial Controller Support,Steam Cloud,Family Sharing","RPG,Simulation","Tactical RPG,Turn-Based Tactics,RPG,Strategy RPG,Simulation,2.5D,JRPG,Turn-Based,Fantasy,Singleplayer,Turn-Based Combat,Pixel Graphics,Turn-Based Strategy,Party-Based RPG,Story Rich,Isometric,Great Soundtrack,Remake,Retro,Anime"
1392960,STORY OF SEASONS: Pioneers of Olive Town,2021-09-15,13.99,https://www.metacritic.com/game/pc/story-of-seasons-pioneers-of-olive-town?ftag=MCD-06-10aaa1f,"Single-player,Steam Achievements,Steam Trading Cards,Partial Controller Support,Steam Cloud,Family Sharing","Casual,RPG,Simulation","Farming Sim,Casual,RPG,Simulation,Life Sim,Romance,Anime,Agriculture,Cartoon,Cute,3D,Building,Top-Down,Cats,Cooking,Dog,Family Friendly,Relaxing,Character Customization,Story Rich"
526870,Satisfactory,2024-09-10,27.99,https://www.metacritic.com/game/pc/satisfactory?ftag=MCD-06-10aaa1f,"Single-player,Multi-player,Co-op,Online Co-op,Cross-Platform Multiplayer,Steam Achievements,Adjustable Text Size,Camera Comfort,Color Alternatives,Custom Volume Controls,Adjustable Difficulty,Playable without Timed Input,Save Anytime,Stereo Sound,Surround Sound,Partial Controller Support,Steam Cloud,Remote Play on Tablet,Family Sharing","Adventure,Indie,Simulation,Strategy","Base-Building,Automation,Open World,Multiplayer,Crafting,Co-op,Building,Resource Management,Sandbox,Exploration,Adventure,Open World Survival Craft,Survival,First-Person,Simulation,Strategy,Sci-fi,Singleplayer,Early Access,Indie"
1318970,This Way Madness Lies,2022-11-10,1.49,https://www.metacritic.com/game/pc/this-way-madness-lies?ftag=MCD-06-10aaa1f,"Single-player,Steam Achievements,Full controller support,Steam Cloud,Family Sharing",RPG,"JRPG,RPG,Comedy,Female Protagonist,Anime,Turn-Based Combat,Funny,Pixel Graphics,Lovecraftian,Family Friendly,2D,Retro,Combat,Singleplayer,Linear"
2103680,Mediterranea Inferno,2023-08-24,2.24,https://www.metacritic.com/game/pc/mediterranea-inferno?ftag=MCD-06-10aaa1f,"Single-player,Steam Achievements,Full controller support,Steam Trading Cards,Family Sharing",Adventure,"LGBTQ+,Choose Your Own Adventure,Visual Novel,Horror,Comic Book,Romance,Surreal,Choices Matter,Multiple Endings,Story Rich,Anime,Colorful,Hand-drawn,Thriller,Psychedelic,Drama,Dark,Psychological,Adventure,Emotional"
2688950,Planet Coaster 2,2024-11-06,24.99,https://www.metacritic.com/game/pc/planet-coaster-2?ftag=MCD-06-10aaa1f,"Single-player,Multi-player,Steam Achievements,Full controller support,Steam Trading Cards,Steam Cloud,HDR available,Family Sharing","Simulation,Strategy","Simulation,Strategy,Building,Sandbox,City Builder,3D,God Game,Singleplayer,Economy,Realistic,Online Co-Op,Colorful,Management,Atmospheric,Family Friendly,Funny,Relaxing,Asynchronous Multiplayer,Multiplayer,Horror"
2081470,Red Matter 2,2022-08-18,15.89,https://www.metacritic.com/game/pc/red-matter-2?ftag=MCD-06-10aaa1f,"Single-player,Steam Achievements,Tracked Controller Support,VR Only,Steam Cloud,Family Sharing","Action,Adventure,Indie","Adventure,VR,Action-Adventure,Puzzle,Physics,Combat,Atmospheric,Story Rich,Mystery,Sci-fi,Action,Indie,6DOF,Singleplayer,Linear,Exploration,FPS,Space"
1138850,Heavenly Bodies,2021-12-07,6.79,https://www.metacritic.com/game/pc/heavenly-bodies?ftag=MCD-06-10aaa1f,"Single-player,Multi-player,Co-op,Shared/Split Screen Co-op,Shared/Split Screen,Steam Achievements,Full controller support,Steam Cloud,Remote Play on TV,Remote Play Together,Family Sharing","Action,Adventure,Indie,Simulation","Physics,Difficult,Local Co-Op,Space,Adventure,Simulation,Puzzle,Atmospheric,Precision Platformer,Co-op,Stylized,Puzzle-Platformer,Singleplayer,Action,Indie,Funny,2.5D,Local Multiplayer,Comedy,Multiplayer"
374190,Infernax,2022-02-14,10.99,https://www.metacritic.com/game/pc/infernax?ftag=MCD-06-10aaa1f,"Single-player,Multi-player,Co-op,Shared/Split Screen Co-op,Shared/Split Screen,Steam Achievements,Full controller support,Steam Trading Cards,Steam Cloud,Remote Play Together,Family Sharing","Action,Adventure,Indie,RPG","Metroidvania,Action,Pixel Graphics,Gore,RPG,Indie,Adventure,Retro,2D,Violent,Dark Fantasy,Singleplayer,Side Scroller,Fantasy,Dark,Supernatural,Old School,Choices Matter,Multiple Endings,Blood"
3035120,Is This Seat Taken?,2025-08-07,7.99,https://www.metacritic.com/game/pc/is-this-seat-taken?ftag=MCD-06-10aaa1f,"Single-player,Steam Achievements,Full controller support,Steam Trading Cards,Camera Comfort,Color Alternatives,Custom Volume Controls,Keyboard Only Option,Mouse Only Option,Playable without Timed Input,Touch Only Option,Steam Cloud,Family Sharing","Casual,Indie",
1061880,Conan Chop Chop,2022-03-01,3.74,https://www.metacritic.com/game/pc/conan-chop-chop?ftag=MCD-06-10aaa1f,"Single-player,Multi-player,Co-op,Online Co-op,Shared/Split Screen Co-op,Steam Achievements,Full controller support,Steam Trading Cards,Steam Cloud,Remote Play Together,Family Sharing","Action,Adventure,Indie","Rogue-lite,Action Roguelike,Action,Adventure,Rogue-like,Local Co-Op,Loot,Online Co-Op,Hack and Slash,Cartoony,Character Customization,Dungeon Crawler,Multiplayer,Party Game,Action-Adventure,RPG,Funny,Arcade,Fantasy,4 Player Local"
1153640,Chorus,2021-12-03,6.24,https://www.metacritic.com/game/pc/chorus?ftag=MCD-06-10aaa1f,"Single-player,Full controller support,Family Sharing","Action,Adventure","Action,Adventure,Indie,Space,Female Protagonist,Shooter,Sci-fi,Spaceships,Singleplayer,Flight,Space Sim,Open World,Third Person,Story Rich,Arcade,Difficult,Exploration,Multiplayer"
1922560,Plants vs. Zombies™ Garden Warfare 2: Deluxe Edition,2022-05-16,2.99,https://www.metacritic.com/game/pc/plants-vs-zombies-garden-warfare-2?ftag=MCD-06-10aaa1f,"Single-player,Multi-player,PvP,Online PvP,Co-op,Online Co-op,Steam Achievements,In-App Purchases","Action,Casual,Strategy","Zombies,Hero Shooter,PvP,Third-Person Shooter,Funny,Action,Character Customization,Multiplayer,Shooter,Team-Based,Third Person,Controller,Casual,Cute,Colorful,Cartoon,Combat,Atmospheric,Co-op,Online Co-Op"
1359980,POSTAL: Brain Damaged,2022-06-09,4.99,https://www.metacritic.com/game/pc/postal-brain-damaged?ftag=MCD-06-10aaa1f,"Single-player,Steam Achievements,Full controller support,Steam Workshop,Steam Cloud,Steam Leaderboards,Family Sharing",Action,"Shooter,Action,Boomer Shooter,Stylized,Atmospheric,Pixel Graphics,Comedy,First-Person,Funny,Politics,Memes,Shoot 'Em Up,Survival,FPS,Gore,Fast-Paced,Retro,Violent,Soundtrack,Horror"
1342490,Daemon X Machina: Titanic Scion,2025-09-05,48.99,https://www.metacritic.com/game/pc/daemon-x-machina-titanic-scion?ftag=MCD-06-10aaa1f,"Single-player,Multi-player,Co-op,Online Co-op,Cross-Platform Multiplayer,Steam Achievements,Steam Trading Cards,Partial Controller Support,Steam Cloud,Family Sharing",Action,
1644940,Loddlenaut,2023-11-16,6.99,https://www.metacritic.com/game/pc/loddlenaut?ftag=MCD-06-10aaa1f,"Single-player,Steam Achievements,Full controller support,Steam Trading Cards,Steam Cloud,Family Sharing","Adventure,Casual,Indie","Underwater,Relaxing,Open World,Cute,Colorful,Adventure,Cozy,Creature Collector,3D,Sci-fi,Exploration,Atmospheric,Sandbox,Casual,Singleplayer,Crafting,Aliens,Third Person,Survival,Pixel Graphics"
1119980,In Sound Mind,2021-09-28,3.49,https://www.metacritic.com/game/pc/in-sound-mind?ftag=MCD-06-10aaa1f,"Single-player,Steam Achievements,Full controller support,Steam Trading Cards,Steam Cloud,Family Sharing","Action,Indie","Horror,Psychological Horror,Story Rich,Puzzle,Action,Singleplayer,Atmospheric,First-Person,Indie,Shooter,FPS,Action-Adventure,Exploration,Platformer,Psychedelic,Cats,Music,3D Platformer,Hidden Object,Puzzle-Platformer"
977880,Eastward,2021-09-16,12.49,https://www.metacritic.com/game/pc/eastward?ftag=MCD-06-10aaa1f,"Single-player,Steam Achievements,Full controller support,Steam Trading Cards,Steam Cloud,Family Sharing","Action,Adventure,Indie,RPG","Pixel Graphics,Story Rich,Adventure,Singleplayer,Action RPG,Atmospheric,RPG,Post-apocalyptic,Action,JRPG,2D,Cute,Soundtrack,Female Protagonist,Relaxing,Dark,Mature,Comedy,Indie,Casual"
924970,Back 4 Blood,2021-10-12,5.99,https://www.metacritic.com/game/pc/back-4-blood?ftag=MCD-06-10aaa1f,"Single-player,Multi-player,PvP,Online PvP,Co-op,Online Co-op,Full controller support,HDR available,Family Sharing",Action,"Zombies,Online Co-Op,Multiplayer,FPS,Shooter,Action,Co-op,Gore,Horror,Singleplayer,First-Person,Survival,Blood,Violent,Adventure,Survival Horror,PvE,PvP,Rogue-lite,Replay Value"
1743850,HYPER DEMON,2022-09-19,3.74,https://www.metacritic.com/game/pc/hyper-demon?ftag=MCD-06-10aaa1f,"Single-player,Multi-player,PvP,Online PvP,Steam Achievements,Family Sharing","Action,Indie","FPS,Arena Shooter,Fast-Paced,Difficult,Spectacle fighter,Score Attack,Bullet Hell,Action,Time Attack,Lovecraftian,Arcade,Bullet Time,Psychedelic,Shooter,Singleplayer,Shoot 'Em Up,3D,Surreal,Demons,Combat"
2213300,Might & Magic: Clash of Heroes - Definitive Edition,2023-07-20,8.99,https://www.metacritic.com/game/pc/might-magic-clash-of-heroes---definitive-edition?ftag=MCD-06-10aaa1f,"Single-player,Multi-player,PvP,Online PvP,Shared/Split Screen PvP,Co-op,Online Co-op,Shared/Split Screen,Steam Achievements,Full controller support,Steam Cloud,Remote Play Together,Family Sharing","Adventure,Casual,RPG,Strategy","Strategy,RPG,Puzzle,Turn-Based Strategy,Match 3,Singleplayer,Multiplayer,Casual,Fantasy,Tactical,Adventure,2D,Local Multiplayer,Female Protagonist,Magic,Board Game,Turn-Based Tactics,PvP,Online Co-Op,Family Friendly"
2153350,Brothers: A Tale of Two Sons Remake,2024-02-28,7.99,https://www.metacritic.com/game/pc/brothers-a-tale-of-two-sons-remake?ftag=MCD-06-10aaa1f,"Single-player,Multi-player,Co-op,Shared/Split Screen Co-op,Shared/Split Screen,Steam Achievements,Full controller support,Steam Cloud,Remote Play Together,Family Sharing","Adventure,Casual","Adventure,Casual,Local Co-Op,Singleplayer,Action-Adventure,Co-op,Online Co-Op,Puzzle,Remake"
1798010,Mega Man Battle Network Legacy Collection Vol. 1,2023-04-13,12.79,https://www.metacritic.com/game/pc/mega-man-battle-network-legacy-collection-vol-1?ftag=MCD-06-10aaa1f,"Single-player,Multi-player,PvP,Online PvP,Steam Achievements,Full controller support,Steam Trading Cards,Steam Cloud,Family Sharing","Action,RPG","RPG,Action,Action RPG,Pixel Graphics,Singleplayer,Deckbuilding,PvP,Retro,Trading,2D,Science,PvE,JRPG,Anime,Classic,Sci-fi,CRPG"
1203710,UnMetal,2021-09-28,3.99,https://www.metacritic.com/game/pc/unmetal?ftag=MCD-06-10aaa1f,"Single-player,Steam Achievements,Full controller support,Steam Trading Cards,Steam Cloud,Family Sharing","Action,Adventure,Indie","2D,Pixel Graphics,Old School,Action,Comedy,Indie,Adventure,Retro,Funny,1980s,Military,Action-Adventure,Top-Down,Satire,Stealth,Singleplayer,War,Parody,Cold War,1990's"
849210,Raccoo Venture,2023-12-13,5.99,https://www.metacritic.com/game/pc/raccoo-venture?ftag=MCD-06-10aaa1f,"Single-player,Steam Achievements,Full controller support,Steam Trading Cards,Steam Cloud,Family Sharing","Action,Adventure","Exploration,Collectathon,Hidden Object,Puzzle,PvE,Difficult,Platformer,Character Customization,Cute,Third Person,Funny,Controller,Linear,3D,Action,Cartoony,Colorful,Stylized,Fantasy,Family Friendly"
1350200,IMMORTALITY,2022-08-30,9.99,https://www.metacritic.com/game/pc/immortality?ftag=MCD-06-10aaa1f,"Single-player,Steam Achievements,Full controller support,Captions available,Steam Cloud,Family Sharing","Adventure,Casual,Indie,Simulation","Hidden Object,Choose Your Own Adventure,Realistic,Story Rich,Horror,Noir,Puzzle,Interactive Fiction,Adventure,FMV,Drama,Point & Click,Visual Novel,Exploration,LGBTQ+,Detective,Immersive Sim,Emotional,Dark,Open World"
3478050,Road to Empress I,2025-09-08,6.79,https://www.metacritic.com/game/pc/road-to-empress?ftag=MCD-06-10aaa1f,"Single-player,Steam Achievements,In-App Purchases,Family Sharing","Adventure,Casual,Indie,RPG,Simulation",
1028350,Pupperazzi: The Dog Photography Game,2022-01-20,8.99,https://www.metacritic.com/game/pc/pupperazzi?ftag=MCD-06-10aaa1f,"Single-player,Steam Achievements,Partial Controller Support,Family Sharing","Action,Casual,Indie","Exploration,Photo Editing,Simulation,Family Friendly,Collectathon,Sandbox,Cute,Platformer,Walking Simulator,First-Person,3D,Funny,Relaxing,Creature Collector,Casual,Surreal,Cartoony,Controller,Colorful,Dog"
721180,Dustborn,2024-08-20,2.99,https://www.metacritic.com/game/pc/dustborn?ftag=MCD-06-10aaa1f,"Single-player,Steam Achievements,Full controller support,Steam Cloud,Family Sharing","Action,Adventure,Indie","Indie,Story Rich,Singleplayer,Comic Book,Choices Matter,Female Protagonist,LGBTQ+,Colorful,Lore-Rich,Adventure,Emotional,Exploration,Alternate History,Action-Adventure,Third Person,Drama,Atmospheric,Action,Futuristic,Superhero"
889910,Hell Pie,2022-07-21,4.99,https://www.metacritic.com/game/pc/hell-pie?ftag=MCD-06-10aaa1f,"Single-player,Steam Achievements,Full controller support,Steam Trading Cards,Steam Cloud,Family Sharing","Action,Adventure","Comedy,Third Person,Platformer,Singleplayer,3D Platformer,Collectathon,Cute,Adventure,Cartoony,Action-Adventure,Dark Humor,3D,Demons,Family Friendly,Satire,Violent,Controller,Character Customization,Sexual Content,Combat"
2407270,AI LIMIT,2025-03-27,26.24,https://www.metacritic.com/game/pc/ai-limit?ftag=MCD-06-10aaa1f,"Single-player,Steam Achievements,Full controller support,Steam Cloud,Family Sharing","Action,Adventure,Indie,RPG","Souls-like,Female Protagonist,Anime,Action RPG,Combat,Post-apocalyptic,Action,Adventure,RPG,Action-Adventure,3D,Dungeon Crawler,Drama,Singleplayer,Dystopian,Fantasy,Cute,Indie,Hack and Slash,Sexual Content"
2079180,VIDEOVERSE,2023-08-07,9.09,https://www.metacritic.com/game/pc/videoverse?ftag=MCD-06-10aaa1f,"Single-player,Steam Achievements,Steam Trading Cards,Color Alternatives,Custom Volume Controls,Keyboard Only Option,Narrated Game Menus,Playable without Timed Input,Save Anytime,Subtitle Options,Touch Only Option,Partial Controller Support,Steam Cloud,Family Sharing","Adventure,Casual,Indie,Simulation","Adventure,Indie,Visual Novel,Story Rich,Interactive Fiction,Narrative,Pixel Graphics,Retro,Narration,Singleplayer,Choices Matter,Choose Your Own Adventure,Emotional,Drama,Casual,Simulation,Anime,LGBTQ+,Romance,Nudity"
1154670,Die by the Blade,2024-05-16,14.99,https://www.metacritic.com/game/pc/die-by-the-blade?ftag=MCD-06-10aaa1f,"Multi-player,PvP,Online PvP,Shared/Split Screen PvP,Shared/Split Screen,Cross-Platform Multiplayer,Steam Achievements,Full controller support,Steam Cloud,Family Sharing","Action,Casual,Indie","Gore,Swordplay,3D Fighter,Competitive,Multiplayer,PvP,Blood,Character Customization,Local Multiplayer,Fighting,Arcade,Violent,Combat,Action,3D,Martial Arts,Ninja,Cyberpunk,Futuristic,Singleplayer"
1649010,Miasma Chronicles,2023-05-23,10.49,https://www.metacritic.com/game/pc/miasma-chronicles?ftag=MCD-06-10aaa1f,"Single-player,Steam Achievements,Full controller support,Steam Cloud,Family Sharing","Action,Strategy","Tactical RPG,Turn-Based Strategy,Tactical,Action,Turn-Based Tactics,Strategy,Action-Adventure,Cinematic,Third Person,America,Atmospheric,Dystopian,Futuristic,Post-apocalyptic,Lore-Rich,Robots,Sci-fi,Story Rich,Singleplayer,Violent"
920210,LEGO® Star Wars™: The Skywalker Saga,2022-04-05,4.99,https://www.metacritic.com/game/pc/lego-star-wars-the-skywalker-saga?ftag=MCD-06-10aaa1f,"Single-player,Multi-player,Co-op,Shared/Split Screen Co-op,Shared/Split Screen,Steam Achievements,Full controller support,Steam Cloud,Remote Play on Phone,Remote Play on Tablet,Remote Play Together,HDR available,Family Sharing","Action,Adventure","LEGO,Adventure,Co-op,Multiplayer,Open World,Space,Local Co-Op,Action,Sci-fi,Singleplayer,Funny,Family Friendly,Third Person,Story Rich,Epic,Great Soundtrack,Memes,Beautiful,Puzzle,NSFW"
2305840,Cat Quest III,2024-08-08,11.99,https://www.metacritic.com/game/pc/cat-quest-iii?ftag=MCD-06-10aaa1f,"Single-player,Multi-player,Co-op,Shared/Split Screen Co-op,Shared/Split Screen,Steam Achievements,Full controller support,Steam Cloud,Remote Play Together,Family Sharing","Action,Adventure,Indie,RPG","Action,Adventure,Cats,Action RPG,Local Co-Op,Exploration,Cute,Pirates,Character Customization,2.5D,Combat,Open World,Cartoon,Colorful,Singleplayer,Family Friendly,Isometric,Fantasy,Loot,Funny"
2394650,Crypt Custodian,2024-08-27,12.99,https://www.metacritic.com/game/pc/crypt-custodian?ftag=MCD-06-10aaa1f,"Single-player,Steam Achievements,Full controller support,Camera Comfort,Custom Volume Controls,Adjustable Difficulty,Keyboard Only Option,Save Anytime,Steam Cloud,Family Sharing",Adventure,"Metroidvania,Adventure,Action,Exploration,Atmospheric,Cute,Indie,Action RPG,Action-Adventure,Story Rich,Cats,Platformer,Hand-drawn,Funny,Nonlinear,Colorful,Dungeon Crawler,Puzzle,RPG,Singleplayer"
1361510,Teenage Mutant Ninja Turtles: Shredder's Revenge,2022-06-16,14.99,https://www.metacritic.com/game/pc/teenage-mutant-ninja-turtles-shredders-revenge?ftag=MCD-06-10aaa1f,"Single-player,Multi-player,Co-op,Online Co-op,Shared/Split Screen Co-op,Shared/Split Screen,Steam Achievements,Full controller support,Steam Trading Cards,Steam Cloud,Remote Play Together,Family Sharing","Action,Adventure,Casual,Indie","Beat 'em up,Multiplayer,Side Scroller,Pixel Graphics,Co-op Campaign,2D,Action-Adventure,Ninja,Arcade,Martial Arts,Action,Colorful,Indie,Cartoon,Family Friendly,Singleplayer,Local Co-Op,Comic Book,Adventure,Atmospheric"
1395030,Kathy Rain: Director's Cut,2021-10-26,3.74,https://www.metacritic.com/game/pc/kathy-rain-directors-cut?ftag=MCD-06-10aaa1f,"Single-player,Steam Achievements,Full controller support,Steam Cloud,Family Sharing","Adventure,Indie","Point & Click,Female Protagonist,Detective,Pixel Graphics,1990's,Mystery,Investigation,Story Rich,Puzzle,Adventure,Emotional,Atmospheric,Exploration,Visual Novel,Hand-drawn,Dark,2D,Singleplayer,Soundtrack,Narrative"
1656930,Coridden,2025-01-29,12.99,https://www.metacritic.com/game/pc/coridden?ftag=MCD-06-10aaa1f,"Single-player,Multi-player,Co-op,Online Co-op,Shared/Split Screen Co-op,Shared/Split Screen,Steam Achievements,Full controller support,Adjustable Text Size,Custom Volume Controls,Adjustable Difficulty,Playable without Timed Input,Save Anytime,Stereo Sound,Steam Cloud,Remote Play Together,Family Sharing","Action,Adventure,Indie,RPG","Adventure,Local Multiplayer,Online Co-Op,Multiplayer,Hack and Slash,Singleplayer,Action RPG,Local Co-Op,Co-op,3D,Action,RPG,Exploration,Story Rich,Character Customization,Fantasy,PvE,Post-apocalyptic,Top-Down,Isometric"
2058150,Duck Paradox,2024-10-09,2.49,https://www.metacritic.com/game/pc/duck-paradox?ftag=MCD-06-10aaa1f,"Single-player,Full controller support,Family Sharing","Action,Adventure,Indie","Singleplayer,Shoot 'Em Up,Arcade,Action Roguelike,Bullet Hell,Platformer,Difficult,Adventure,Time Manipulation,Perma Death,Pixel Graphics,Sandbox,Colorful,Souls-like,Rogue-like,Shooter,Bullet Time,Multiple Endings,Controller,Female Protagonist"
2069180,The King's Dilemma: Chronicles,2023-01-30,4.49,https://www.metacritic.com/game/pc/the-kings-dilemma-chronicles?ftag=MCD-06-10aaa1f,"Single-player,Steam Achievements,Steam Cloud,Family Sharing","RPG,Simulation","Simulation,RPG,Political Sim,Interactive Fiction,Strategy RPG,Base-Building,Lore-Rich,Choices Matter,Dynamic Narration,Multiple Endings,Nonlinear,Story Rich,Historical,Economy,Medieval,Politics,Management,Political,Hand-drawn,Fantasy"
2396240,SteamWorld Heist II,2024-08-08,9.89,https://www.metacritic.com/game/pc/steamworld-heist-ii?ftag=MCD-06-10aaa1f,"Single-player,Steam Achievements,Full controller support,Steam Trading Cards,Steam Cloud,Family Sharing","Indie,RPG,Strategy","Funny,Singleplayer,Turn-Based Tactics,Turn-Based Strategy,Turn-Based,Story Rich,Tactical RPG,2D,Strategy,Puzzle,RPG,Heist,Adventure,Action-Adventure,Action,Naval,Indie,Tactical,Action RPG,Exploration"
2231190,Magical Delicacy,2024-07-16,14.99,https://www.metacritic.com/game/pc/magical-delicacy?ftag=MCD-06-10aaa1f,"Single-player,Steam Achievements,Full controller support,Adjustable Text Size,Camera Comfort,Color Alternatives,Custom Volume Controls,Adjustable Difficulty,Keyboard Only Option,Playable without Timed Input,Save Anytime,Steam Cloud,Family Sharing","Adventure,Indie","Cooking,Platformer,Magic,Exploration,Pixel Graphics,Relaxing,2D Platformer,Cute,2D,Female Protagonist,Economy,Metroidvania,Fantasy,Life Sim,Story Rich,Management,Mystery,RPG,Crafting,Adventure"
1485590,ENDLESS™ Dungeon - Definitive Edition,2023-10-19,7.49,https://www.metacritic.com/game/pc/endless-dungeon?ftag=MCD-06-10aaa1f,"Single-player,Multi-player,Co-op,Online Co-op,Steam Achievements,Full controller support,Steam Trading Cards,Family Sharing","Action,Strategy","Action,Tower Defense,Rogue-like,Strategy,Dungeon Crawler,Action RPG,Rogue-lite,Action Roguelike,Twin Stick Shooter,Mystery Dungeon,Tactical RPG,Sci-fi,Co-op,Soundtrack,Replay Value,Top-Down,3D,PvE,Multiplayer,Procedural Generation"
2492290,Uncover the Smoking Gun,2024-06-23,11.99,https://www.metacritic.com/game/pc/uncover-the-smoking-gun?ftag=MCD-06-10aaa1f,"Single-player,Steam Achievements,Steam Trading Cards","Adventure,Casual,Indie,Simulation,Strategy","Immersive Sim,Interactive Fiction,Investigation,Crime,First-Person,Detective,Colorful,Text-Based,Strategy,Adventure,Multiple Endings,Story Rich,Mystery,Futuristic,Simulation,Resource Management,Visual Novel,Casual,Cinematic,Realistic"
692890,Roboquest,2023-11-07,14.99,https://www.metacritic.com/game/pc/roboquest?ftag=MCD-06-10aaa1f,"Single-player,Multi-player,Co-op,Online Co-op,Cross-Platform Multiplayer,Steam Achievements,Full controller support,Steam Trading Cards,Camera Comfort,Custom Volume Controls,Adjustable Difficulty,Stereo Sound,Steam Cloud,Family Sharing","Action,Indie","FPS,Action Roguelike,Rogue-lite,Shooter,Online Co-Op,Co-op,Fast-Paced,Looter Shooter,Bullet Hell,Action,Post-apocalyptic,Indie,Stylized,Sci-fi,Multiplayer,Perma Death,Rogue-like,First-Person,Colorful,Singleplayer"
695330,SEASON: A letter to the future,2023-01-31,24.99,https://www.metacritic.com/game/pc/season-a-letter-to-the-future?ftag=MCD-06-10aaa1f,"Single-player,Steam Achievements,Full controller support,Steam Cloud,Family Sharing","Adventure,Casual,Indie","Open World,Mystery,Visual Novel,Narrative,Female Protagonist,Emotional,Interactive Fiction,Exploration,Atmospheric,Relaxing,Drama,Adventure,Stylized,Philosophical,Singleplayer,Nature,Photo Editing,Cinematic,Story Rich,Narration"
2545360,Lonely Mountains: Snow Riders,2025-01-21,16.99,https://www.metacritic.com/game/pc/lonely-mountains-snow-riders?ftag=MCD-06-10aaa1f,"Single-player,Multi-player,PvP,Online PvP,Co-op,Online Co-op,Steam Achievements,Full controller support,Adjustable Text Size,Camera Comfort,Color Alternatives,Custom Volume Controls,Keyboard Only Option,Playable without Timed Input,Stereo Sound,Surround Sound,Steam Cloud,Family Sharing,Steam Timeline","Indie,Racing,Sports","Sports,Skiing,Multiplayer,Racing,Online Co-Op,Singleplayer,PvP,PvE,Nature,Exploration,Arcade,Family Friendly,Snow,Stylized,Character Customization,Relaxing,Controller,3D,Physics,Old School"
2473480,Tails of Iron 2: Whiskers of Winter,2025-01-28,12.49,https://www.metacritic.com/game/pc/tails-of-iron-2-whiskers-of-winter?ftag=MCD-06-10aaa1f,"Single-player,Steam Achievements,Full controller support,Steam Trading Cards,Steam Cloud,Family Sharing","Action,Adventure,Indie,RPG","Action RPG,Souls-like,Difficult,Combat,Dark Fantasy,Singleplayer,Adventure,Action-Adventure,Story Rich,RPG,2D,Action,Narration,Fantasy,Atmospheric,Medieval,Character Customization,Indie,2.5D,Swordplay"
1134100,Frozenheim,2022-06-16,5.99,https://www.metacritic.com/game/pc/frozenheim?ftag=MCD-06-10aaa1f,"Single-player,Multi-player,PvP,Online PvP,Co-op,Online Co-op,Steam Achievements,Family Sharing","Simulation,Strategy","Economy,Resource Management,Co-op,PvP,Base-Building,Online Co-Op,Vikings,Colony Sim,Simulation,Management,War,Medieval,Strategy,Singleplayer,Multiplayer,Naval Combat,3D,Stylized,Fantasy,Combat"
1608640,OTXO,2023-04-20,7.49,https://www.metacritic.com/game/pc/otxo?ftag=MCD-06-10aaa1f,"Single-player,Steam Achievements,Full controller support,Steam Cloud,Family Sharing","Action,Simulation","Action Roguelike,Top-Down Shooter,Violent,Bullet Time,Fast-Paced,Shoot 'Em Up,Blood,Rogue-lite,Noir,Singleplayer,Mystery,Action,Combat,Survival,Shooter,Top-Down,Controller,Great Soundtrack,Rogue-like,Simulation"
1569580,Blue Prince,2025-04-10,19.79,https://www.metacritic.com/game/pc/blue-prince?ftag=MCD-06-10aaa1f,"Single-player,Steam Achievements,Full controller support,Steam Cloud,Family Sharing","Adventure,Indie,Strategy","Puzzle,Exploration,Mystery,Investigation,Singleplayer,Story Rich,Rogue-lite,Indie,First-Person,Adventure,Atmospheric,Escape Room,3D,Simulation,Nonlinear,Strategy,Rogue-like,Level Editor,Stylized,Replay Value"
957960,Inkulinati,2024-02-22,7.49,https://www.metacritic.com/game/pc/inkulinati?ftag=MCD-06-10aaa1f,"Single-player,Multi-player,PvP,Shared/Split Screen PvP,Shared/Split Screen,Steam Achievements,Full controller support,Steam Trading Cards,Steam Cloud,Remote Play on TV,Remote Play Together,Family Sharing","Indie,Strategy","Medieval,Turn-Based Strategy,Turn-Based Tactics,Rogue-lite,Turn-Based,Funny,Deckbuilding,Dark Humor,Hand-drawn,2D,PvP,Stylized,Strategy RPG,PvE,Historical,Turn-Based Combat,Strategy,Multiplayer,Singleplayer,Local Multiplayer"
2243670,Return to Grace,2023-05-30,8.99,https://www.metacritic.com/game/pc/return-to-grace?ftag=MCD-06-10aaa1f,"Single-player,Full controller support,Family Sharing",Adventure,"Walking Simulator,3D,First-Person,Funny,Choices Matter,Dynamic Narration,Multiple Endings,Story Rich,Sci-fi,Space,Artificial Intelligence,Adventure,Mystery,Futuristic,Retro,Singleplayer,Narrative,Female Protagonist"
1036890,Shadow Warrior 3: Definitive Edition,2022-03-01,11.99,https://www.metacritic.com/game/pc/shadow-warrior-3?ftag=MCD-06-10aaa1f,"Single-player,Steam Achievements,Full controller support,Steam Trading Cards,Steam Cloud,Family Sharing","Action,Adventure","FPS,Action,Adventure,Shooter,Arena Shooter,Beautiful,First-Person,Cinematic,Colorful,Gore,Atmospheric,Realistic,Dark,Demons,Dark Fantasy,Destruction,Dragons,Fantasy,Funny,Ninja"
1793090,Blockbuster Inc.,2024-06-06,4.99,https://www.metacritic.com/game/pc/blockbuster-inc?ftag=MCD-06-10aaa1f,"Single-player,Steam Achievements,Steam Workshop,Steam Cloud,Includes level editor,Family Sharing","Casual,Simulation","Simulation,Sandbox,Building,Base-Building,Level Editor,Character Customization,Immersive Sim,Video Production,Moddable,Management,Movie,3D,Historical,Economy,Cartoony,Casual,Time Management,Stylized,Resource Management,Singleplayer"
1170570,The Drifter,2025-07-17,16.99,https://www.metacritic.com/game/pc/the-drifter?ftag=MCD-06-10aaa1f,"Single-player,Steam Achievements,Full controller support,Mouse Only Option,Playable without Timed Input,Save Anytime,Stereo Sound,Steam Cloud,Family Sharing","Adventure,Indie",
1782330,Green Hell VR,2022-06-09,9.99,https://www.metacritic.com/game/pc/green-hell-vr?ftag=MCD-06-10aaa1f,"Single-player,Tracked Controller Support,VR Only,Family Sharing","Action,Adventure,Indie,Simulation","VR,Survival,Adventure,Action,Simulation,Exploration,Realistic,Action-Adventure,Immersive Sim,Hunting,Crafting,Interactive Fiction,Sandbox,Open World,Time Management,Singleplayer,Nature,Atmospheric,Resource Management,Modern"
1575470,Frogun,2022-08-02,5.99,https://www.metacritic.com/game/pc/frogun?ftag=MCD-06-10aaa1f,"Single-player,Multi-player,PvP,Shared/Split Screen PvP,Shared/Split Screen,Steam Achievements,Full controller support,Steam Trading Cards,Steam Cloud,Remote Play Together,Family Sharing","Action,Adventure,Indie","Cute,3D Platformer,Female Protagonist,Platformer,3D,Action,Third Person,Cartoony,Colorful,Pixel Graphics,Casual,Family Friendly,Adventure,Physics,Retro,Cartoon,Funny,Singleplayer,Indie,Action-Adventure"
1114290,Windjammers 2,2022-01-20,4.99,https://www.metacritic.com/game/pc/windjammers-2?ftag=MCD-06-10aaa1f,"Single-player,Multi-player,PvP,Online PvP,Shared/Split Screen PvP,Shared/Split Screen,Steam Achievements,Full controller support,Steam Cloud,Remote Play on TV,Remote Play Together,Family Sharing","Indie,Sports,Strategy","Sports,PvP,Arcade,Multiplayer,Fast-Paced,Strategy,2D,Hand-drawn,Retro,Family Friendly,1990's,Local Multiplayer,Cult Classic,Singleplayer,Sequel,e-sports,Addictive,Shooter,Difficult,Indie"
1084600,My Time at Sandrock,2023-11-02,17.99,https://www.metacritic.com/game/pc/my-time-at-sandrock?ftag=MCD-06-10aaa1f,"Single-player,Multi-player,Co-op,Online Co-op,Steam Achievements,Full controller support,Steam Cloud,Family Sharing","Adventure,Casual,Indie,RPG,Simulation","Life Sim,Building,Farming Sim,Multiplayer,Sandbox,Crafting,RPG,Dating Sim,Open World,Character Customization,Mining,Adventure,Post-apocalyptic,Simulation,Casual,Singleplayer,Female Protagonist,Cartoony,Indie,LGBTQ+"
1822240,Stars In The Trash,2024-12-09,7.19,https://www.metacritic.com/game/pc/stars-in-the-trash?ftag=MCD-06-10aaa1f,"Single-player,Steam Achievements,Full controller support,Steam Trading Cards,Steam Cloud,Family Sharing","Adventure,Indie","Adventure,Atmospheric,Cute,Hand-drawn,Cats,Family Friendly,Cartoon,Singleplayer,2D,Story Rich,Platformer,Exploration,Linear,Indie,Dog,Casual,Emotional,Cinematic,Puzzle,Wholesome"
1345860,Grapple Dog,2022-02-10,3.74,https://www.metacritic.com/game/pc/grapple-dog?ftag=MCD-06-10aaa1f,"Single-player,Steam Achievements,Full controller support,Family Sharing","Action,Adventure,Indie","2D Platformer,Platformer,Action,2D,Cute,Funny,Pixel Graphics,Adventure,Dog,Cartoony,Relaxing,Colorful,Indie,Family Friendly,Stylized,Retro,Singleplayer,Side Scroller,Difficult"
1050370,LUNARK,2023-03-30,19.99,https://www.metacritic.com/game/pc/lunark?ftag=MCD-06-10aaa1f,"Single-player,Steam Achievements,Full controller support,Steam Cloud,Family Sharing","Action,Adventure,Indie","Indie,Pixel Graphics,Action,Adventure,Platformer,2D,Colorful,Retro,Cyberpunk,Sci-fi,Singleplayer,Action-Adventure,Exploration,Side Scroller,2D Platformer,Cinematic,Atmospheric,Dystopian,1990's,Aliens"
597180,Old World,2022-05-18,9.99,https://www.metacritic.com/game/pc/old-world?ftag=MCD-06-10aaa1f,"Single-player,Multi-player,PvP,Online PvP,Shared/Split Screen PvP,Co-op,Online Co-op,Shared/Split Screen Co-op,Shared/Split Screen,Cross-Platform Multiplayer,Steam Achievements,Steam Trading Cards,Steam Workshop,Adjustable Text Size,Camera Comfort,Color Alternatives,Custom Volume Controls,Adjustable Difficulty,Mouse Only Option,Playable without Timed Input,Save Anytime,Steam Cloud,Includes level editor,Remote Play Together,Family Sharing","RPG,Simulation,Strategy","Strategy,Simulation,4X,Grand Strategy,Turn-Based Strategy,Historical,War,Multiplayer,Tactical,Turn-Based,Sandbox,Management,Moddable,Co-op,Singleplayer,Replay Value,Economy,Diplomacy,Military,Hex Grid"
1924180,Phantom Spark,2024-08-15,8.99,https://www.metacritic.com/game/pc/phantom-spark?ftag=MCD-06-10aaa1f,"Single-player,Multi-player,PvP,Online PvP,Shared/Split Screen PvP,Shared/Split Screen,Cross-Platform Multiplayer,Steam Achievements,Full controller support,Remote Play Together,Family Sharing","Casual,Indie,Racing,Sports","Sports,PvP,Flight,Racing,Atmospheric,Driving,Competitive,Arcade,3D,e-sports,Split Screen,Relaxing,Controller,Casual,Colorful,Stylized,Score Attack,Family Friendly,Sci-fi,Physics"
1970580,Backpack Hero,2023-11-14,9.99,https://www.metacritic.com/game/pc/backpack-hero?ftag=MCD-06-10aaa1f,"Single-player,Steam Achievements,Full controller support,Steam Workshop,Steam Cloud,Family Sharing","Adventure,Casual,Indie,RPG,Strategy","Replay Value,Turn-Based,Inventory Management,Roguelike Deckbuilder,Deckbuilding,2D,Fantasy,Rogue-like,Strategy,Building,Choices Matter,Turn-Based Strategy,Casual,Rogue-lite,Procedural Generation,Singleplayer,Card Battler,Controller,Female Protagonist,Moddable"
2076580,Pepper Grinder,2024-03-28,5.99,https://www.metacritic.com/game/pc/pepper-grinder?ftag=MCD-06-10aaa1f,"Single-player,Steam Achievements,Full controller support,Steam Cloud,Family Sharing","Action,Indie","2D Platformer,Difficult,Platformer,Arcade,Action-Adventure,Female Protagonist,2D,Cute,Funny,Controller,Action,Pixel Graphics,Colorful,Retro,Combat,Singleplayer,Indie,Remake"
2371890,Chronicles of the Wolf,2025-06-19,15.99,https://www.metacritic.com/game/pc/chronicles-of-the-wolf?ftag=MCD-06-10aaa1f,"Single-player,Steam Achievements,Full controller support,Family Sharing","Action,Adventure,Indie",
1390410,Midnight Fight Express,2022-08-23,9.99,https://www.metacritic.com/game/pc/midnight-fight-express?ftag=MCD-06-10aaa1f,"Single-player,Steam Achievements,Full controller support,Steam Cloud,Stats,Steam Leaderboards,Family Sharing","Action,Indie","Action,Beat 'em up,Fighting,3D,Isometric,Gore,Violent,Combat,Singleplayer,Stylized,Indie,Modern,Great Soundtrack,Martial Arts"
1080450,Wayward Strand,2022-09-15,13.99,https://www.metacritic.com/game/pc/wayward-strand?ftag=MCD-06-10aaa1f,"Single-player,Full controller support,Family Sharing","Adventure,Indie,RPG,Simulation","Singleplayer,Story Rich,Atmospheric,Adventure,Choices Matter,Female Protagonist,Emotional,Relaxing,Mystery,Wholesome,Exploration,Cozy,Stylized,Drama,Conversation,Simulation,Funny,Choose Your Own Adventure,Narrative,Alternate History"
2379780,Balatro,2024-02-20,12.74,https://www.metacritic.com/game/pc/balatro?ftag=MCD-06-10aaa1f,"Single-player,Steam Achievements,Full controller support,Steam Trading Cards,Color Alternatives,Custom Volume Controls,Mouse Only Option,Playable without Timed Input,Touch Only Option,Steam Cloud,Family Sharing","Casual,Indie,Strategy","Card Game,Roguelike Deckbuilder,Rogue-like,Deckbuilding,Singleplayer,Strategy,Pixel Graphics,Replay Value,Rogue-lite,Turn-Based,Card Battler,Casual,Difficult,Choices Matter,2D,Turn-Based Strategy,Indie,Relaxing,Arcade,Procedural Generation"
1457080,The Mageseeker: A League of Legends Story™,2023-04-18,7.49,https://www.metacritic.com/game/pc/the-mageseeker-a-league-of-legends-story?ftag=MCD-06-10aaa1f,"Single-player,Steam Achievements,Full controller support,Steam Trading Cards,Steam Cloud,Family Sharing","Action,Indie,RPG","RPG,Pixel Graphics,2D,Hack and Slash,Singleplayer,Fantasy,Magic,Combat,Story Rich,Top-Down,Action,Indie,Action RPG,Arcade,Action-Adventure,Adventure,Rogue-like,Funny,Action Roguelike,Remake"
858710,Gravity Circuit,2023-07-13,7.64,https://www.metacritic.com/game/pc/gravity-circuit?ftag=MCD-06-10aaa1f,"Single-player,Steam Achievements,Full controller support,Steam Trading Cards,Steam Cloud,Family Sharing","Action,Indie","Action,Platformer,Pixel Graphics,Indie,2D,Singleplayer,2D Platformer,Robots,Fast-Paced,Controller,Retro,Side Scroller,Great Soundtrack,Beat 'em up,Superhero,Sci-fi,Soundtrack"
2005680,Akka Arrh,2023-02-21,5.99,https://www.metacritic.com/game/pc/akka-arrh?ftag=MCD-06-10aaa1f,"Single-player,Steam Achievements,Full controller support,Steam Trading Cards,Steam Cloud,Steam Leaderboards,Family Sharing",Action,"Bullet Hell,Shoot 'Em Up,Top-Down Shooter,Shooter,Arcade,Top-Down,Action,Funny,Controller,Abstract,Colorful,Stylized,Sci-fi,Space,Score Attack,Psychedelic,Futuristic,Old School,Retro,Combat"
3180240,Tetris® Forever,2024-11-12,20.99,https://www.metacritic.com/game/pc/tetris-forever?ftag=MCD-06-10aaa1f,"Single-player,Multi-player,PvP,Shared/Split Screen PvP,Shared/Split Screen,Steam Achievements,Full controller support,Steam Trading Cards,Steam Cloud,Remote Play Together,Family Sharing",Casual,"Puzzle,Arcade,2D,Casual,Split Screen,Controller,Colorful,Pixel Graphics,Family Friendly,Score Attack,1980s,1990's,Old School,Retro,4 Player Local,Local Multiplayer,Singleplayer,Multiplayer"
1747050,Sam & Max: Beyond Time and Space,2021-12-08,9.99,https://www.metacritic.com/game/pc/sam-max-beyond-time-and-space-remastered?ftag=MCD-06-10aaa1f,"Single-player,Steam Achievements,Full controller support,Steam Cloud,Remote Play on TV,Remote Play Together,Family Sharing","Adventure,Indie","Adventure,Point & Click,Puzzle,3D,Cartoony,Comedy,Satire,Story Rich,Singleplayer,Cartoon,Funny,Comic Book,Third Person,Detective,Dog,Conversation,Controller,Indie,Episodic,Colorful"
2683030,Deathwish Enforcers Special Edition,2024-02-14,4.99,https://www.metacritic.com/game/pc/deathwish-enforcers-special-edition?ftag=MCD-06-10aaa1f,"Single-player,Multi-player,Co-op,Shared/Split Screen Co-op,Shared/Split Screen,Steam Achievements,Partial Controller Support,Remote Play Together,Family Sharing",Action,"Action,Arcade,2D,Shoot 'Em Up,Retro,Co-op,Side Scroller,Multiplayer,Local Multiplayer,Shooter,Pixel Graphics,Local Co-Op,Funny,Platformer,Singleplayer,Fast-Paced,Parody,Adventure,Cartoony,Controller"
2060130,Return to Monkey Island,2022-09-19,7.49,https://www.metacritic.com/game/pc/return-to-monkey-island?ftag=MCD-06-10aaa1f,"Single-player,Steam Achievements,Full controller support,Steam Cloud,Family Sharing","Adventure,Casual","Point & Click,Adventure,Comedy,Puzzle,Funny,Singleplayer,Story Rich,2D,Hand-drawn,Pirates,Nostalgia,Cartoon,Drama,Choices Matter,Colorful,Family Friendly,Casual,1990's,Cartoony,Stylized"
1475810,Ghostwire: Tokyo,2022-03-24,14.99,https://www.metacritic.com/game/pc/ghostwire-tokyo?ftag=MCD-06-10aaa1f,"Single-player,Steam Achievements,Full controller support,Steam Trading Cards,Captions available,Playable without Timed Input,Stereo Sound,Surround Sound,Steam Cloud,HDR available,Family Sharing",Action,"Singleplayer,Supernatural,Open World,First-Person,Horror,Action-Adventure,Action,Story Rich,Atmospheric,Surreal,Lore-Rich,Mystery,Combat,Exploration,FPS,Cyberpunk,Adventure,Realistic,Psychological Horror,Survival Horror"
1382070,Viewfinder,2023-07-18,8.74,https://www.metacritic.com/game/pc/viewfinder?ftag=MCD-06-10aaa1f,"Single-player,Steam Achievements,Full controller support,Family Sharing","Adventure,Indie","Puzzle-Platformer,Puzzle,First-Person,Singleplayer,Abstract,Psychological,Surreal,Adventure,Physics,Action-Adventure,Dark Humor,Atmospheric,Narration,Exploration,3D Platformer,Colorful,Story Rich,Platformer,Stylized,Retro"
1593030,Terra Nil,2023-03-28,9.99,https://www.metacritic.com/game/pc/terra-nil?ftag=MCD-06-10aaa1f,"Single-player,Steam Achievements,Steam Cloud,Family Sharing","Casual,Indie,Strategy","Nature,Strategy,Relaxing,Puzzle,City Builder,Procedural Generation,Atmospheric,Casual,Turn-Based Strategy,Isometric,Singleplayer,2.5D,Colorful,Resource Management,Emotional,Cute,Family Friendly,Stylized,Instrumental Music,Post-apocalyptic"
1812090,Escape Academy,2022-07-13,4.99,https://www.metacritic.com/game/pc/escape-academy?ftag=MCD-06-10aaa1f,"Single-player,Multi-player,PvP,Online PvP,Shared/Split Screen PvP,Co-op,Online Co-op,Shared/Split Screen Co-op,Shared/Split Screen,Cross-Platform Multiplayer,Steam Achievements,Full controller support,Steam Trading Cards,Camera Comfort,Color Alternatives,Custom Volume Controls,Playable without Timed Input,Stereo Sound,Steam Cloud,Remote Play Together,Family Sharing",Adventure,"Escape Room,Puzzle,Multiplayer,Online Co-Op,Visual Novel,Local Co-Op,Adventure,Co-op,Casual,Mystery,Story Rich,3D,Cartoony,Colorful,First-Person,Split Screen,Controller,Team-Based,Singleplayer,Local Multiplayer"
2602230,MotionRec,2025-10-27,7.99,https://www.metacritic.com/game/pc/motionrec?ftag=MCD-06-10aaa1f,"Single-player,Steam Achievements,Full controller support,Custom Volume Controls,Keyboard Only Option,Playable without Timed Input,Steam Cloud,Family Sharing","Action,Adventure,Casual,Indie",
1783360,Meg's Monster,2023-03-02,10.49,https://www.metacritic.com/game/pc/megs-monster?ftag=MCD-06-10aaa1f,"Single-player,Steam Achievements,Full controller support,Steam Cloud,Family Sharing","Adventure,Indie,RPG","Indie,Pixel Graphics,Linear,JRPG,Adventure,2D,Emotional,Singleplayer,Wholesome,Turn-Based,RPG,Underground,Story Rich,Interactive Fiction,Soundtrack,Funny,Cute,Colorful,Family Friendly,Retro"
1532690,BLACKTAIL,2022-12-15,5.99,https://www.metacritic.com/game/pc/blacktail?ftag=MCD-06-10aaa1f,"Single-player,Steam Achievements,Full controller support,Steam Trading Cards,Adjustable Text Size,Custom Volume Controls,Playable without Timed Input,Save Anytime,Stereo Sound,Subtitle Options,Steam Cloud,Family Sharing","Action,Adventure,RPG","Story Rich,Action-Adventure,Archery,Mythology,Open World,Atmospheric,Dark Fantasy,First-Person,Exploration,Choices Matter,Female Protagonist,Dark Humor,Action RPG,Surreal,Singleplayer,Colorful,FPS,Action,Medieval,Multiple Endings"
733110,8-Bit Adventures 2,2023-01-31,9.99,https://www.metacritic.com/game/pc/8-bit-adventures-2?ftag=MCD-06-10aaa1f,"Single-player,Steam Achievements,Steam Trading Cards,Partial Controller Support,Steam Cloud,Family Sharing","Adventure,Indie,RPG","JRPG,Story Rich,Turn-Based,Party-Based RPG,RPG,Exploration,2D,Turn-Based Combat,Pixel Graphics,Linear,Fantasy,Adventure,Old School,Retro,Singleplayer,Strategy,Sequel,RPGMaker,Soundtrack,Indie"
1082190,Elroy and the Aliens,2025-04-02,9.89,https://www.metacritic.com/game/pc/elroy-and-the-aliens?ftag=MCD-06-10aaa1f,"Single-player,Steam Achievements,Full controller support,Custom Volume Controls,Mouse Only Option,Playable without Timed Input,Save Anytime,Stereo Sound,Subtitle Options,Touch Only Option,Steam Cloud,Family Sharing",Adventure,"Adventure,Point & Click,Puzzle,Sci-fi,Mystery,Exploration,Investigation,Story Rich,Female Protagonist,Wholesome,2D,Funny,Multiple Endings,Narration,Cartoony,Colorful,Hand-drawn,Family Friendly,Singleplayer,Interactive Fiction"
1228500,1428: Shadows over Silesia,2022-10-04,3.99,https://www.metacritic.com/game/pc/1428-shadows-over-silesia?ftag=MCD-06-10aaa1f,"Single-player,Steam Achievements,Full controller support,Steam Trading Cards,Adjustable Text Size,Custom Volume Controls,Adjustable Difficulty,Keyboard Only Option,Narrated Game Menus,Playable without Timed Input,Save Anytime,Stereo Sound,Surround Sound,Steam Cloud,Remote Play on TV,Family Sharing","Action,Adventure,Indie,RPG","Historical,Medieval,Indie,Adventure,Dark Humor,Story Rich,Action-Adventure,Mystery,Point & Click,RPG,Stylized,Third Person,Top-Down,Swordplay,Linear,Fantasy,Logic,Demons,Mythology,Faith"
1313290,Let Them Trade,2025-07-24,12.59,https://www.metacritic.com/game/pc/let-them-trade?ftag=MCD-06-10aaa1f,"Single-player,Steam Achievements,Steam Workshop,Includes level editor,Family Sharing","Indie,Simulation,Strategy",
2751000,Prince of Persia The Lost Crown,2024-08-08,11.99,https://www.metacritic.com/game/pc/prince-of-persia-the-lost-crown?ftag=MCD-06-10aaa1f,"Single-player,Steam Achievements,Full controller support,Captions available","Action,Adventure","Metroidvania,Exploration,2D Platformer,Side Scroller,Action,Precision Platformer,Adventure,Action-Adventure,Action RPG,Controller,Colorful,Singleplayer,Stylized,Combat,Atmospheric,Hack and Slash,Great Soundtrack,Platformer,Souls-like,Multiplayer"
2742830,Monster Train 2,2025-05-21,19.99,https://www.metacritic.com/game/pc/monster-train-2?ftag=MCD-06-10aaa1f,"Single-player,Steam Achievements,Full controller support,Steam Trading Cards,Camera Comfort,Custom Volume Controls,Adjustable Difficulty,Keyboard Only Option,Mouse Only Option,Playable without Timed Input,Save Anytime,Steam Cloud,Family Sharing","Indie,Strategy","Strategy,Card Game,Rogue-like,Turn-Based Strategy,Turn-Based Tactics,Demons,Fantasy,Trains,Singleplayer,PvP,Multiplayer,Deckbuilding,Colorful,Choices Matter,Indie,Difficult,Magic,Procedural Generation,Replay Value,Roguelike Deckbuilder"
2600140,"Please, Touch The Artwork 2",2024-02-19,0.0,https://www.metacritic.com/game/pc/please-touch-the-artwork-2?ftag=MCD-06-10aaa1f,"Single-player,Steam Achievements,Full controller support,Steam Cloud,Remote Play on TV,Remote Play Together","Adventure,Casual,Indie",
2113850,Spirit City: Lofi Sessions,2024-04-08,7.19,https://www.metacritic.com/game/pc/spirit-city-lofi-sessions?ftag=MCD-06-10aaa1f,"Single-player,Steam Achievements,Steam Trading Cards,Steam Cloud,Stats,Family Sharing","Casual,Indie,Simulation","Cozy,Relaxing,Utilities,Casual,Music,Life Sim,Character Customization,Creature Collector,Wholesome,Atmospheric,Design & Illustration,Cute,Immersive,Idler,Singleplayer,Anime,Simulation,Family Friendly,Colorful,Ambient"
1469610,Last Train Home,2023-11-28,15.99,https://www.metacritic.com/game/pc/last-train-home?ftag=MCD-06-10aaa1f,"Single-player,Steam Achievements,Steam Trading Cards,Camera Comfort,Color Alternatives,Custom Volume Controls,Adjustable Difficulty,Mouse Only Option,Playable without Timed Input,Save Anytime,Stereo Sound,Steam Cloud,Family Sharing",Strategy,"Strategy,Real Time Tactics,RTS,Trains,Historical,Singleplayer,Choices Matter,3D,War,World War I,Survival,Wargame,Unforgiving,Management,Base-Building,Atmospheric,Realistic,Tactical,Isometric,Multiple Endings"
1145350,Hades II,2025-09-25,22.49,https://www.metacritic.com/game/pc/hades-ii?ftag=MCD-06-10aaa1f,"Single-player,Steam Achievements,Full controller support,Steam Trading Cards,Captions available,Steam Cloud,Family Sharing","Action,Indie,RPG","Action,Rogue-like,Rogue-lite,Hack and Slash,RPG,Action Roguelike,Mythology,Dungeon Crawler,Action RPG,Isometric,Hand-drawn,Female Protagonist,Story Rich,Singleplayer,Atmospheric,Indie,Souls-like,Early Access,LGBTQ+,Perma Death"
1307690,The Darkest Tales,2022-10-13,7.99,https://www.metacritic.com/game/pc/the-darkest-tales?ftag=MCD-06-10aaa1f,"Single-player,Steam Achievements,Full controller support,Steam Trading Cards,Steam Cloud,Family Sharing","Action,Adventure","Dark Fantasy,Adventure,Platformer,Action-Adventure,Action,2D Platformer,Metroidvania,Horror,Atmospheric,Dark,Surreal,Character Action Game,Cute,Story Rich,Magic,Singleplayer,Hack and Slash,Supernatural,Emotional,Controller"
1790600,DRAGON BALL: Sparking! ZERO,2024-10-10,34.99,https://www.metacritic.com/game/pc/dragon-ball-sparking!-zero?ftag=MCD-06-10aaa1f,"Single-player,Multi-player,PvP,Online PvP,Shared/Split Screen PvP,Shared/Split Screen,Steam Achievements,Full controller support,Camera Comfort,Custom Volume Controls,Stereo Sound,Steam Cloud,Remote Play Together,HDR available,Family Sharing",Action,"Anime,Action,Multiplayer,3D Fighter,Local Multiplayer,Fighting,PvP,Combat,Martial Arts,Singleplayer,Competitive,3D,Physics,Third Person,2.5D,Co-op,Action-Adventure,PvE,Open World,Spectacle fighter"
1555150,Pocket Bravery,2023-08-31,13.99,https://www.metacritic.com/game/pc/pocket-bravery?ftag=MCD-06-10aaa1f,"Single-player,Multi-player,PvP,Online PvP,Shared/Split Screen PvP,Shared/Split Screen,Steam Achievements,Full controller support,Steam Cloud,Remote Play Together,Family Sharing","Action,Indie","Fighting,Competitive,Pixel Graphics,Multiplayer,2D Fighter,e-sports,Story Rich,Arcade,Singleplayer,Retro,Multiple Endings,Action,Local Multiplayer,Beat 'em up,Hand-drawn,Stylized,Lore-Rich,Spectacle fighter,Action-Adventure,Cartoony"
1649080,Two Point Campus,2022-08-09,4.49,https://www.metacritic.com/game/pc/two-point-campus?ftag=MCD-06-10aaa1f,"Single-player,Steam Achievements,Full controller support,Steam Trading Cards,Steam Cloud,Family Sharing","Casual,Indie,Simulation,Strategy","Management,Simulation,Building,Strategy,City Builder,Casual,Sandbox,Funny,Cartoony,Isometric,Comedy,Singleplayer,Family Friendly,Indie,Economy,Tactical,Replay Value,Education,Cute,Retro"
1099220,The Alien Cube,2021-10-14,3.99,https://www.metacritic.com/game/pc/the-alien-cube?ftag=MCD-06-10aaa1f,"Single-player,Full controller support,Steam Cloud,Family Sharing","Adventure,Indie","Lovecraftian,Horror,Exploration,Atmospheric,Investigation,Controller,Survival,Adventure,Story Rich,Psychological Horror,Mystery,Walking Simulator,Survival Horror,Sci-fi,Singleplayer,Realistic,First-Person,Psychological,Thriller,Indie"
2456430,Athena Crisis,2024-09-23,5.99,https://www.metacritic.com/game/pc/athena-crisis?ftag=MCD-06-10aaa1f,"Single-player,Multi-player,PvP,Online PvP,Co-op,Online Co-op,Cross-Platform Multiplayer,Full controller support,Family Sharing","Indie,Strategy","Turn-Based Tactics,Turn-Based Strategy,Pixel Graphics,Tactical,Sci-fi,PvE,PvP,Retro,2D,Top-Down,Colorful,Tactical RPG,Strategy,Co-op,Relaxing,Atmospheric,Level Editor,Early Access,Online Co-Op,Multiplayer"
1098770,The Crimson Diamond,2024-08-15,11.24,https://www.metacritic.com/game/pc/the-crimson-diamond?ftag=MCD-06-10aaa1f,"Single-player,Steam Achievements,Family Sharing",Adventure,"Adventure,Mystery,Indie,Retro,Cozy,Old School,Pixel Graphics,Exploration,Typing,Text-Based,Point & Click,Female Protagonist,2D,Third Person,Detective,Singleplayer,Historical,Story Rich,Colorful,Multiple Endings"
2316580,Tales of Kenzera™: ZAU,2024-04-23,6.99,https://www.metacritic.com/game/pc/tales-of-kenzera-zau?ftag=MCD-06-10aaa1f,"Single-player,Steam Achievements,Full controller support,Color Alternatives,Adjustable Difficulty,Keyboard Only Option,Stereo Sound,Steam Cloud,Family Sharing","Action,Adventure,Indie","Metroidvania,Adventure,Action-Adventure,Colorful,Atmospheric,Platformer,Exploration,Fantasy,Mythology,Side Scroller,Lore-Rich,Action,Singleplayer,Story Rich,Difficult,Souls-like,Dark Fantasy,Great Soundtrack,2D Platformer,Precision Platformer"
691790,Arcadian Atlas,2023-07-27,9.99,https://www.metacritic.com/game/pc/arcadian-atlas?ftag=MCD-06-10aaa1f,"Single-player,Steam Achievements,Steam Cloud,Family Sharing","Indie,RPG,Strategy","Singleplayer,Tactical RPG,Turn-Based Strategy,Pixel Graphics,Turn-Based Tactics,Strategy RPG,Strategy,Turn-Based,JRPG,RPG,Female Protagonist,Story Rich,Stylized,Fantasy,Hand-drawn,Dark Fantasy,Class-Based,CRPG,Isometric,2D"
2312770,Linkito,2024-07-23,7.49,https://www.metacritic.com/game/pc/linkito?ftag=MCD-06-10aaa1f,"Single-player,Steam Achievements,Full controller support,Steam Cloud,Includes level editor,Family Sharing","Indie,Simulation,Strategy","Moddable,Puzzle,Logic,Sandbox,Controller,Level Editor,Simulation,Relaxing,Crafting,Programming,Automation,Puzzle-Platformer,Game Development,Strategy,Minimalist,2D,Singleplayer,Physics,Story Rich,Tabletop"
1290980,Extra Coin,2024-10-08,7.49,https://www.metacritic.com/game/pc/extra-coin?ftag=MCD-06-10aaa1f,"Single-player,Multi-player,PvP,Shared/Split Screen PvP,Shared/Split Screen,Steam Achievements,Full controller support,Custom Volume Controls,Adjustable Difficulty,Stereo Sound,Steam Cloud,Remote Play Together,Family Sharing","Adventure,Indie","Story Rich,Atmospheric,Adventure,Exploration,Female Protagonist,Arcade,Emotional,Soundtrack,Singleplayer,Management,Indie,Action,Multiple Endings,Collectathon,Choices Matter,Colorful,Stylized,Drama,Sports,Pixel Graphics"
756800,Contraband Police,2023-03-08,13.49,https://www.metacritic.com/game/pc/contraband-police?ftag=MCD-06-10aaa1f,"Single-player,Steam Achievements,Full controller support,Steam Cloud,Stats,Family Sharing","Action,Adventure,Simulation","Open World,Simulation,First-Person,Singleplayer,Action,Realistic,Multiple Endings,1980s,Automobile Sim,FPS,Story Rich,Management,Detective,Survival,Immersive Sim,Action-Adventure,Physics,Destruction,Atmospheric,Indie"
2185060,Two Point Museum,2025-03-04,23.99,https://www.metacritic.com/game/pc/two-point-museum?ftag=MCD-06-10aaa1f,"Single-player,Steam Achievements,Full controller support,Steam Trading Cards,Steam Workshop,Adjustable Text Size,Camera Comfort,Custom Volume Controls,Mouse Only Option,Playable without Timed Input,Save Anytime,Stereo Sound,Surround Sound,Steam Cloud,Family Sharing","Casual,Indie,Simulation,Strategy","Simulation,Casual,Strategy,Building,City Builder,Life Sim,Sandbox,Exploration,Cartoony,Cute,Isometric,Economy,Comedy,Management,Family Friendly,Funny,Nature,Relaxing,Sci-fi,Singleplayer"
1458300,The Gap,2023-10-19,5.99,https://www.metacritic.com/game/pc/the-gap?ftag=MCD-06-10aaa1f,"Single-player,Steam Achievements,Full controller support,Steam Cloud,Family Sharing","Adventure,Casual,Indie","Mystery,Atmospheric,Multiple Endings,Walking Simulator,First-Person,Mature,Casual,Short,Exploration,Adventure,Minimalist,Detective,Supernatural,Singleplayer,Drama,Thriller,Story Rich,Investigation,Psychological,Sci-fi"
2218750,Halls of Torment,2024-09-24,4.99,https://www.metacritic.com/game/pc/halls-of-torment?ftag=MCD-06-10aaa1f,"Single-player,Steam Achievements,Full controller support,Steam Trading Cards,Custom Volume Controls,Keyboard Only Option,Mouse Only Option,Playable without Timed Input,Steam Cloud,Family Sharing","Action,Indie,RPG","Action Roguelike,Rogue-lite,Bullet Hell,Pixel Graphics,Action RPG,Dark Fantasy,Rogue-like,Action,RPG,Arcade,Hack and Slash,Top-Down,2D,Singleplayer,Dark,Atmospheric,Demons,Gothic,Fantasy,Medieval"
1879330,WARRIORS OROCHI 3 Ultimate Definitive Edition,2022-07-12,27.99,https://www.metacritic.com/game/pc/warriors-orochi-3-ultimate?ftag=MCD-06-10aaa1f,"Single-player,Multi-player,PvP,Shared/Split Screen PvP,Co-op,Shared/Split Screen Co-op,Shared/Split Screen,Steam Achievements,Steam Trading Cards,Custom Volume Controls,Adjustable Difficulty,Keyboard Only Option,Save Anytime,Stereo Sound,Surround Sound,Partial Controller Support,Steam Cloud,Family Sharing","Action,Strategy","Action,Strategy,Hack and Slash,Musou,Adventure,Fantasy,Singleplayer,Multiplayer,Local Co-Op,PvP,Local Multiplayer,Co-op,Anime,Historical"
3164330,Infinity Nikki,2025-04-28,0.0,https://www.metacritic.com/game/pc/infinity-nikki?ftag=MCD-06-10aaa1f,"Single-player,Multi-player,Co-op,Cross-Platform Multiplayer,Steam Achievements,In-App Purchases,Partial Controller Support","Action,Adventure,Casual,RPG,Simulation,Free To Play",
1150530,Wizard with a Gun,2023-10-17,7.49,https://www.metacritic.com/game/pc/wizard-with-a-gun?ftag=MCD-06-10aaa1f,"Single-player,Multi-player,Co-op,Online Co-op,Steam Achievements,Full controller support,Steam Cloud,Family Sharing","Action,Adventure,Indie","Action,Adventure,Sandbox,Action-Adventure,Dungeon Crawler,Exploration,Rogue-like,Hack and Slash,Top-Down Shooter,Rogue-lite,2.5D,Cartoon,Colorful,Cute,Isometric,Stylized,Crafting,Third Person,Dark Fantasy,Multiplayer"
1395520,The Séance of Blake Manor,2025-10-27,14.99,https://www.metacritic.com/game/pc/the-seance-of-blake-manor?ftag=MCD-06-10aaa1f,"Single-player,Steam Achievements,Full controller support,Steam Trading Cards,Adjustable Text Size,Camera Comfort,Color Alternatives,Custom Volume Controls,Playable without Timed Input,Save Anytime,Stereo Sound,Subtitle Options,Surround Sound,Steam Cloud,Family Sharing",Adventure,
1812860,Dice Gambit,2025-08-14,19.99,https://www.metacritic.com/game/pc/dice-gambit?ftag=MCD-06-10aaa1f,"Single-player,Steam Achievements,Adjustable Difficulty,Mouse Only Option,Playable without Timed Input,Steam Cloud,Family Sharing","Indie,RPG,Strategy",
2455640,Romancing SaGa 2: Revenge of the Seven,2024-10-24,29.99,https://www.metacritic.com/game/pc/romancing-saga-2-revenge-of-the-seven?ftag=MCD-06-10aaa1f,"Single-player,Steam Achievements,Full controller support,Steam Trading Cards,Steam Cloud,Family Sharing",RPG,"JRPG,Tactical RPG,Party-Based RPG,3D,Controller,Story Rich,Lore-Rich,RPG,Fantasy,Third Person,Class-Based,Medieval,Remake,Singleplayer,Emotional,Turn-Based,1990's,Anime,Turn-Based Combat,Choices Matter"
949480,BROK the InvestiGator,2022-08-26,9.99,https://www.metacritic.com/game/pc/brok-the-investigator?ftag=MCD-06-10aaa1f,"Single-player,Multi-player,Co-op,Shared/Split Screen Co-op,Shared/Split Screen,Steam Achievements,Full controller support,Steam Trading Cards,Captions available,Adjustable Text Size,Camera Comfort,Color Alternatives,Custom Volume Controls,Adjustable Difficulty,Keyboard Only Option,Mouse Only Option,Narrated Game Menus,Playable without Timed Input,Save Anytime,Stereo Sound,Subtitle Options,Surround Sound,Steam Cloud,Remote Play on TV,Remote Play Together,Family Sharing","Action,Adventure,Indie,RPG","Adventure,Point & Click,Beat 'em up,Detective,Choices Matter,RPG,Story Rich,Mystery,Dystopian,Action,Cartoony,Atmospheric,Investigation,Soundtrack,2D,Action-Adventure,Emotional,Cyberpunk,Futuristic,Post-apocalyptic"
2054970,Dragon's Dogma 2,2024-03-21,29.39,https://www.metacritic.com/game/pc/dragons-dogma-2?ftag=MCD-06-10aaa1f,"Single-player,Steam Achievements,Steam Trading Cards,Partial Controller Support,Steam Cloud,HDR available,Family Sharing","Action,RPG","Open World,RPG,Action RPG,Fantasy,Singleplayer,Action,Adventure,Dragons,Magic,Action-Adventure,Medieval,Character Customization,Swordplay,Third Person,Physics,Artificial Intelligence,Lore-Rich,Multiplayer,3D,PvE"
1150440,Aliens: Dark Descent,2023-06-19,15.99,https://www.metacritic.com/game/pc/aliens-dark-descent?ftag=MCD-06-10aaa1f,"Single-player,Steam Achievements,Full controller support,Adjustable Text Size,Camera Comfort,Color Alternatives,Custom Volume Controls,Adjustable Difficulty,Playable without Timed Input,Save Anytime,Stereo Sound,Subtitle Options,Surround Sound,Steam Cloud,Family Sharing","Action,Strategy","Strategy,Action,Tactical,RTS,Sci-fi,Real Time Tactics,Singleplayer,Aliens,Dark,Action-Adventure,Horror,Survival,Top-Down,Space,3D,Violent,Combat,Stealth,Isometric,Top-Down Shooter"
1206060,Happy Game,2021-10-28,3.28,https://www.metacritic.com/game/pc/happy-game?ftag=MCD-06-10aaa1f,"Single-player,Steam Achievements,Steam Trading Cards,Partial Controller Support,Family Sharing","Adventure,Casual,Indie","Horror,Cute,Psychedelic,Dark,Casual,Atmospheric,Indie,Surreal,Singleplayer,Funny,2D,Adventure,Colorful,Stylized,Point & Click,Gore,Violent,Supernatural,Story Rich,Linear"
1044720,Farthest Frontier,2025-10-23,24.49,https://www.metacritic.com/game/pc/farthest-frontier?ftag=MCD-06-10aaa1f,"Single-player,Steam Workshop,Family Sharing","Indie,Simulation,Strategy","Early Access,Historical,Agriculture,Medieval,4X,Immersive Sim,City Builder,Resource Management,Top-Down,RTS,Strategy,Management,Base-Building,Building,Simulation,Economy,Survival,Farming,Action RTS,War"
1811740,The Plague Doctor of Wippra,2022-10-05,7.99,https://www.metacritic.com/game/pc/the-plague-doctor-of-wippra?ftag=MCD-06-10aaa1f,"Single-player,Steam Achievements,Family Sharing","Adventure,Indie","Point & Click,Pixel Graphics,Exploration,Atmospheric,Story Rich,Narrative,Historical,Medieval,Adventure,Narration,Singleplayer,Indie,Puzzle"
2526310,Out of Sight,2025-05-22,13.49,https://www.metacritic.com/game/pc/out-of-sight?ftag=MCD-06-10aaa1f,"Single-player,Steam Achievements,Full controller support,Camera Comfort,Custom Volume Controls,Stereo Sound,Subtitle Options,Steam Cloud,Family Sharing","Adventure,Indie","Puzzle,Adventure,Dark,Horror,Atmospheric,Female Protagonist,Stealth,Action-Adventure,Exploration,3D,Cute,First-Person,Third Person,Controller,Linear,Story Rich,Realistic,Stylized,Emotional,Mystery"
1622910,Still Wakes the Deep,2024-06-18,8.74,https://www.metacritic.com/game/pc/still-wakes-the-deep?ftag=MCD-06-10aaa1f,"Single-player,Steam Achievements,Full controller support,Captions available,Steam Cloud,HDR available,Family Sharing","Action,Adventure,Indie","Psychological Horror,Horror,Lovecraftian,Story Rich,Atmospheric,Action,Walking Simulator,Singleplayer,First-Person,Sci-fi,Narrative,Gore,Dark Fantasy,Dark,Stealth,Thriller,Survival Horror,Survival,Sexual Content,Indie"
2008920,Lorelei and the Laser Eyes,2024-05-16,14.99,https://www.metacritic.com/game/pc/lorelei-and-the-laser-eyes?ftag=MCD-06-10aaa1f,"Single-player,Steam Achievements,Full controller support,Steam Trading Cards,Steam Cloud,Family Sharing","Adventure,Indie","Adventure,Puzzle,Action,Exploration,Action-Adventure,Horror,Mystery,Stylized,Indie,3D,Psychological,Dark Fantasy,Story Rich,Singleplayer,Female Protagonist,Noir"
1239950,Astronaut: The Best,2023-08-15,5.54,https://www.metacritic.com/game/pc/astronaut-the-best?ftag=MCD-06-10aaa1f,"Single-player,Steam Achievements,Full controller support,Steam Cloud,Family Sharing","Adventure,Indie,Simulation,Strategy","Interactive Fiction,Story Rich,Dark Humor,Choose Your Own Adventure,Resource Management,Rogue-lite,Visual Novel,Choices Matter,Multiple Endings,Simulation,Hand-drawn,Rogue-like,Replay Value,Procedural Generation,Adventure,Singleplayer,Lore-Rich,Indie,2D,Colorful"
2593370,The Hungry Lamb: Traveling in the Late Ming Dynasty,2024-04-22,6.79,https://www.metacritic.com/game/pc/the-hungry-lamb?ftag=MCD-06-10aaa1f,"Single-player,Steam Achievements,Steam Trading Cards,Partial Controller Support,Steam Cloud,Family Sharing","Adventure,Indie,RPG","Visual Novel,Historical,Multiple Endings,Cooking,Interactive Fiction,Story Rich,Dating Sim,Dark,Adventure,Anime,Cute,Word Game,Drama,Romance,RPG,Psychological Horror,Singleplayer,Mystery,Casual,Medieval"
1162700,Midnight Protocol,2021-10-13,3.74,https://www.metacritic.com/game/pc/midnight-protocol?ftag=MCD-06-10aaa1f,"Single-player,Steam Achievements,Steam Trading Cards,Steam Workshop,Steam Cloud,Includes level editor,Family Sharing","Action,Adventure,Indie,RPG,Strategy","Singleplayer,Hacking,Typing,Story Rich,Atmospheric,Turn-Based Strategy,Strategy RPG,Minimalist,Strategy,Crime,Indie,Sci-fi,Tactical RPG,Action,Programming,Turn-Based Tactics,RPG,Experimental,3D,Investigation"
1252240,Aeon Drive,2021-09-30,1.49,https://www.metacritic.com/game/pc/aeon-drive?ftag=MCD-06-10aaa1f,"Single-player,Multi-player,PvP,Shared/Split Screen PvP,Co-op,Shared/Split Screen Co-op,Shared/Split Screen,Steam Achievements,Full controller support,Steam Leaderboards,Remote Play Together,Family Sharing","Action,Adventure,Indie","Difficult,Story Rich,Side Scroller,Exploration,Retro,Puzzle-Platformer,Precision Platformer,Pixel Graphics,Platformer,Indie,Co-op,2D Platformer,Female Protagonist,2D,Singleplayer,Action,Action-Adventure,PvP,Local Co-Op,Multiplayer"
1710540,Fall of Porcupine,2023-06-15,3.99,https://www.metacritic.com/game/pc/fall-of-porcupine?ftag=MCD-06-10aaa1f,"Single-player,Steam Achievements,Full controller support,Steam Trading Cards,Family Sharing","Adventure,Indie","Story Rich,Atmospheric,Indie,Cute,Interactive Fiction,Emotional,Choices Matter,Narration,Adventure,Controller,Hand-drawn,2D,Singleplayer,Conversation,Linear,Colorful,Cartoony,Stylized,Drama,2D Platformer"
1691750,Sky Oceans: Wings for Hire,2024-10-10,11.24,https://www.metacritic.com/game/pc/sky-oceans-wings-for-hire?ftag=MCD-06-10aaa1f,"Single-player,Steam Achievements,Full controller support,Steam Cloud,Family Sharing",RPG,"Turn-Based Strategy,Story Rich,JRPG,Anime,Turn-Based Combat,Party-Based RPG,Pirates,Adventure,Exploration,Emotional,Cartoon,Colorful,Flight,Narrative,Resource Management,Fantasy,Singleplayer,Magic,Jet,Third Person"
1163060,The Making of Karateka,2023-08-29,8.99,https://www.metacritic.com/game/pc/the-making-of-karateka?ftag=MCD-06-10aaa1f,"Single-player,Steam Achievements,Full controller support,Steam Cloud,Family Sharing",Action,"Action,2D Fighter,2D Platformer,Documentary,Singleplayer,Pixel Graphics,Cinematic,Combat,2D,Game Development,Education,1980s,Historical,Old School,Story Rich,Controller,Classic,Linear"
1128920,EVERSPACE™ 2,2023-04-06,9.99,https://www.metacritic.com/game/pc/everspace-2?ftag=MCD-06-10aaa1f,"Single-player,Steam Achievements,Full controller support,Steam Trading Cards,Steam Cloud,Family Sharing","Action,Adventure,RPG,Simulation","Shooter,Space,Loot,Exploration,Looter Shooter,Open World,Action RPG,Action-Adventure,Story Rich,Adventure,Action,PvE,Combat,Simulation,Flight,RPG,Singleplayer,Third-Person Shooter,Third Person,Sci-fi"
1106830,Rainbow Billy: The Curse of the Leviathan,2021-10-05,4.99,https://www.metacritic.com/game/pc/rainbow-billy-the-curse-of-the-leviathan?ftag=MCD-06-10aaa1f,"Single-player,Steam Achievements,Full controller support,Adjustable Text Size,Color Alternatives,Custom Volume Controls,Adjustable Difficulty,Keyboard Only Option,Save Anytime,Stereo Sound,Surround Sound,Steam Cloud,Remote Play on TV,Family Sharing","Adventure,Indie,RPG","Emotional,Indie,Creature Collector,RPG,Story Rich,Puzzle-Platformer,Fishing,LGBTQ+,Turn-Based Combat,Cute,Cartoon,Party-Based RPG,Dating Sim,Puzzle,Colorful,Funny,2.5D,Collectathon,Family Friendly,Quick-Time Events"
1942010,Vengeful Guardian: Moonrider,2023-01-12,8.49,https://www.metacritic.com/game/pc/vengeful-guardian-moonrider?ftag=MCD-06-10aaa1f,"Single-player,Steam Achievements,Full controller support,Steam Cloud,Family Sharing","Action,Indie","Retro,Platformer,Hack and Slash,Pixel Graphics,Action,Post-apocalyptic,2D,Arcade,2D Platformer,Shooter,Metroidvania,Side Scroller,Character Customization,Hero Shooter,Artificial Intelligence,Destruction,Mechs,Robots,Sci-fi,Combat"
1438480,Saviorless,2024-04-02,2.59,https://www.metacritic.com/game/pc/saviorless?ftag=MCD-06-10aaa1f,"Single-player,Steam Achievements,Full controller support,Steam Cloud,Family Sharing","Action,Adventure,Indie","2D Platformer,Indie,Action-Adventure,Dark Fantasy,Hand-drawn,Story Rich,Puzzle-Platformer,Hack and Slash,Stylized,Atmospheric,Narration,Surreal,Conversation,Adventure,Platformer,Controller,Multiple Endings,2D,Action,Comic Book"
1889740,Paper Trail,2024-05-21,4.99,https://www.metacritic.com/game/pc/paper-trail?ftag=MCD-06-10aaa1f,"Single-player,Steam Achievements,Full controller support,Adjustable Text Size,Camera Comfort,Color Alternatives,Custom Volume Controls,Playable without Timed Input,Stereo Sound,Subtitle Options,Steam Cloud,Family Sharing","Adventure,Casual,Indie,Strategy","Puzzle,Indie,Nature,Atmospheric,Exploration,Adventure,Colorful,Singleplayer,2D,Top-Down,Cozy,Casual,Sokoban,Cartoon,Collectathon,Female Protagonist,Hand-drawn,Relaxing,Wholesome,Strategy"
2362420,Mass Effect 2 (2010) Edition,2023-05-15,7.49,https://www.metacritic.com/game/pc/mass-effect-2?ftag=MCD-06-10aaa1f,Single-player,RPG,"RPG,Action,Third-Person Shooter,Sci-fi,Space,Choices Matter,Story Rich,Singleplayer,Adventure,Cinematic,Romance,Third Person,Character Customization,Shooter,Atmospheric,Female Protagonist,Action RPG,Real-Time with Pause,Gore,Violent"
1739900,Death of the Reprobate,2024-11-07,9.74,https://www.metacritic.com/game/pc/death-of-the-reprobate?ftag=MCD-06-10aaa1f,"Single-player,Steam Achievements,Steam Trading Cards,Steam Cloud,Family Sharing","Adventure,Indie","Point & Click,Story Rich,Dark Comedy,Medieval,Comedy,Philosophical,Adventure,Multiple Endings,Hand-drawn,Exploration,2D,Choices Matter,Retro,Old School,Singleplayer,Colorful,Gothic,Dark Humor,Indie,Historical"
1497440,COCOON,2023-09-29,12.49,https://www.metacritic.com/game/pc/cocoon?ftag=MCD-06-10aaa1f,"Single-player,Steam Achievements,Full controller support,Steam Trading Cards,Steam Cloud,Family Sharing","Adventure,Indie","Adventure,Puzzle,Exploration,Indie,3D,Puzzle-Platformer,Atmospheric,Stylized,Singleplayer,Futuristic,Space,Controller,Beautiful,Linear,Great Soundtrack,Sci-fi,Electronic Music,Isometric,Short,Action"
1523650,Stargate: Timekeepers,2024-01-23,22.49,https://www.metacritic.com/game/pc/stargate-timekeepers?ftag=MCD-06-10aaa1f,"Single-player,Steam Achievements,Steam Cloud,Family Sharing",Strategy,"Strategy,Real Time Tactics,Stealth,Sci-fi,Exploration,Tactical,Singleplayer,3D,RTS,Atmospheric,Female Protagonist,Fantasy,Action RTS,Adventure,Puzzle,Simulation"
2050650,Resident Evil 4,2023-03-23,15.99,https://www.metacritic.com/game/pc/resident-evil-4?ftag=MCD-06-10aaa1f,"Single-player,Steam Achievements,Full controller support,Steam Trading Cards,Steam Cloud,HDR available,Family Sharing","Action,Adventure","Horror,Action,Survival Horror,Third-Person Shooter,Singleplayer,Zombies,Story Rich,Survival,Cinematic,Dark,Remake,Realistic,Third Person,Gore,Resource Management,VR,Adventure,Violent,Action-Adventure,Psychological Horror"
1182900,A Plague Tale: Requiem,2022-10-17,17.49,https://www.metacritic.com/game/pc/a-plague-tale-requiem?ftag=MCD-06-10aaa1f,"Single-player,Steam Achievements,Full controller support,Steam Trading Cards,Adjustable Text Size,Camera Comfort,Custom Volume Controls,Adjustable Difficulty,Playable without Timed Input,Stereo Sound,Subtitle Options,Surround Sound,Steam Cloud,Family Sharing","Action,Adventure","Adventure,Action,Action-Adventure,Exploration,Cinematic,Interactive Fiction,Third Person,Atmospheric,Female Protagonist,Realistic,3D,Dark,Alternate History,Emotional,Drama,Medieval,Singleplayer,Historical,Mystery,Narration"
1710170,Blade of Darkness,2021-10-07,5.99,https://www.metacritic.com/game/pc/blade-of-darkness?ftag=MCD-06-10aaa1f,"Single-player,Steam Achievements,Full controller support,Steam Cloud,Family Sharing","Action,RPG","Violent,Dark Fantasy,Difficult,Souls-like,Action,Combat,RPG,Gore,Dark,Atmospheric,Third Person,Action RPG,Action-Adventure,Hack and Slash,Fantasy,Lore-Rich,Moddable,Singleplayer,Narration,Replay Value"
1477980,Freud's Bones-the game,2022-05-25,5.49,https://www.metacritic.com/game/pc/freuds-bones-the-game?ftag=MCD-06-10aaa1f,"Single-player,Steam Achievements,Family Sharing","Adventure,Indie,RPG,Simulation,Strategy","Point & Click,Choose Your Own Adventure,Detective,Multiple Endings,2D,Story Rich,Dynamic Narration,Atmospheric,Drama,Investigation,Psychological,Adventure,Strategy,Puzzle,RPG,2.5D,Cute,Noir,Narration,Singleplayer"
3197710,Iwakura Aria,2025-08-14,31.99,https://www.metacritic.com/game/pc/iwakura-aria?ftag=MCD-06-10aaa1f,"Single-player,Partial Controller Support,Steam Cloud,Family Sharing","Adventure,Simulation",
1211930,Ghost on the Shore,2022-02-24,9.99,https://www.metacritic.com/game/pc/ghost-on-the-shore?ftag=MCD-06-10aaa1f,"Single-player,Steam Achievements,Full controller support,Steam Cloud,Family Sharing",Adventure,"Adventure,Atmospheric,Exploration,Story Rich,Singleplayer,Walking Simulator,Romance,Mystery,Emotional,Female Protagonist,Narration,Great Soundtrack,Drama,Indie,Point & Click,Choices Matter,Puzzle,Multiple Endings,Colorful,Investigation"
1958220,WitchSpring R,2023-09-25,20.99,https://www.metacritic.com/game/pc/witchspring-r?ftag=MCD-06-10aaa1f,"Single-player,Full controller support,Family Sharing","Adventure,Indie,RPG","Cute,RPG,Funny,Female Protagonist,JRPG,Turn-Based Combat,Story Rich,Crafting,Exploration,Anime,Magic,Singleplayer,Choose Your Own Adventure,Turn-Based,3D,Fantasy,Indie,Character Customization,Turn-Based Strategy,Adventure"
2304440,Creatures of Ava,2024-08-07,12.49,https://www.metacritic.com/game/pc/creatures-of-ava?ftag=MCD-06-10aaa1f,"Single-player,Steam Achievements,Full controller support,Steam Trading Cards,Steam Cloud,Family Sharing","Action,Adventure,Indie","Action-Adventure,Creature Collector,Exploration,Wholesome,Crafting,Sci-fi,Space,Action,Adventure,Cozy,Female Protagonist,Casual,Lore-Rich,Colorful,Cute,Cartoony,Singleplayer,Story Rich,Atmospheric,Emotional"
1155330,Showgunners,2023-05-02,8.99,https://www.metacritic.com/game/pc/showgunners?ftag=MCD-06-10aaa1f,"Single-player,Steam Achievements,Full controller support,Steam Cloud,Family Sharing",,"Turn-Based Tactics,Turn-Based Combat,Turn-Based Strategy,Tactical,Action,Sci-fi,Strategy,Isometric,Top-Down,Singleplayer,Dystopian,1990's,Dark,Atmospheric,Character Customization,Combat,Real Time Tactics,Exploration,Linear,Tactical RPG"
1839810,Out Of Hands,2025-04-21,14.39,https://www.metacritic.com/game/pc/out-of-hands?ftag=MCD-06-10aaa1f,"Single-player,Steam Achievements,Full controller support,Steam Cloud,Family Sharing","Adventure,Casual,Indie,RPG,Strategy","Surreal,Card Battler,Multiple Endings,Psychological Horror,Stylized,Psychedelic,Atmospheric,Adventure,Deckbuilding,RPG,Strategy RPG,Hand-drawn,Turn-Based Strategy,Strategy,Thriller,Card Game,Indie,Turn-Based Combat,Singleplayer,Turn-Based Tactics"
1934680,Age of Mythology: Retold,2024-09-04,14.99,https://www.metacritic.com/game/pc/age-of-mythology-retold?ftag=MCD-06-10aaa1f,"Single-player,Multi-player,PvP,Online PvP,Co-op,Online Co-op,Cross-Platform Multiplayer,Steam Achievements,Partial Controller Support,Steam Cloud,Includes level editor,Family Sharing",Strategy,"Strategy,3D,RTS,Story Rich,Lore-Rich,Base-Building,Resource Management,Mythology,Fantasy,Singleplayer,Top-Down,PvE,Level Editor,Moddable,Action RTS,Multiplayer,PvP,Co-op,Online Co-Op,Tutorial"
1413580,The Dragoness: Command of the Flame,2022-09-01,3.99,https://www.metacritic.com/game/pc/the-dragoness-command-of-the-flame?ftag=MCD-06-10aaa1f,"Single-player,Steam Achievements,Full controller support,Steam Trading Cards,Family Sharing","RPG,Strategy","Turn-Based Tactics,Fantasy,Strategy,Tactical,Grid-Based Movement,Resource Management,Tactical RPG,Dragons,Turn-Based Strategy,Rogue-lite,Exploration,Magic,Strategy RPG,RPG,Story Rich,Turn-Based Combat,Rogue-like,Procedural Generation,Isometric,Singleplayer"
780310,The Riftbreaker,2021-10-14,11.99,https://www.metacritic.com/game/pc/the-riftbreaker?ftag=MCD-06-10aaa1f,"Single-player,Multi-player,Co-op,Online Co-op,LAN Co-op,Steam Achievements,Full controller support,Steam Trading Cards,Steam Workshop,Steam Cloud,Includes level editor,Remote Play on TV,Family Sharing","Action,Adventure,Indie,RPG,Simulation,Strategy","Base-Building,Tower Defense,Survival,Strategy,Hack and Slash,Crafting,Resource Management,Sci-fi,Building,Exploration,Action RPG,Adventure,RPG,Isometric,Loot,Sandbox,Simulation,Mechs,Action,Atmospheric"
1072290,Ravenlok: Legendary Edition,2025-04-11,14.99,https://www.metacritic.com/game/pc/ravenlok?ftag=MCD-06-10aaa1f,"Single-player,Steam Achievements,Full controller support,Steam Cloud,Family Sharing","Action,Adventure,Indie,RPG","Action,Adventure,Indie,Action-Adventure,Singleplayer,RPG,Action RPG,Fantasy,Female Protagonist,Hack and Slash,3D,Voxel,Pixel Graphics,Cinematic,Controller"
1651560,Fabledom,2024-05-13,8.39,https://www.metacritic.com/game/pc/fabledom?ftag=MCD-06-10aaa1f,"Single-player,Steam Cloud,Family Sharing","Casual,Simulation,Strategy","City Builder,Relaxing,Colony Sim,Sandbox,Economy,Diplomacy,Simulation,Fantasy,Romance,Cartoony,Resource Management,Casual,Procedural Generation,Base-Building,Cute,Strategy,Agriculture,Funny,Colorful,Management"
1309950,Children of the Sun,2024-04-09,5.99,https://www.metacritic.com/game/pc/children-of-the-sun?ftag=MCD-06-10aaa1f,"Single-player,Steam Achievements,Full controller support,Steam Cloud,Family Sharing","Action,Indie,Strategy","Action,Strategy,Arcade,Shooter,Real Time Tactics,Psychedelic,Third-Person Shooter,Stylized,3D,Indie,Assassin,Third Person,Puzzle,Dark,Atmospheric,Singleplayer,Female Protagonist,Tactical,Sniper,Horror"
2378620,Anomaly Agent,2024-01-24,3.59,https://www.metacritic.com/game/pc/anomaly-agent?ftag=MCD-06-10aaa1f,"Single-player,Steam Achievements,Full controller support,Steam Cloud,Family Sharing","Action,Adventure,Indie","Action Roguelike,2D Platformer,Side Scroller,Hack and Slash,Souls-like,Platformer,2D Fighter,Rogue-lite,Action RPG,Action-Adventure,Rogue-like,2D,Cyberpunk,Conversation,Choices Matter,Controller,Linear,Story Rich,Pixel Graphics,Multiple Endings"
2370170,EARTH DEFENSE FORCE: WORLD BROTHERS 2,2024-09-26,19.99,https://www.metacritic.com/game/pc/earth-defense-force-world-brothers-2?ftag=MCD-06-10aaa1f,"Single-player,Multi-player,Co-op,Online Co-op,Steam Achievements,Steam Trading Cards,Partial Controller Support,Steam Cloud,Family Sharing",Action,"Action,Shooter,Third-Person Shooter,Voxel,3D,Cute,Online Co-Op,Co-op,Sci-fi,Singleplayer,Multiplayer,Aliens,PvE,Team-Based,Parody"
2287220,F1® Manager 2023,2023-07-31,13.74,https://www.metacritic.com/game/pc/f1-manager-2023?ftag=MCD-06-10aaa1f,"Single-player,Steam Achievements,Steam Trading Cards,Partial Controller Support,Steam Cloud,Family Sharing","Simulation,Strategy","Simulation,Strategy,Sports,Automobile Sim,Immersive Sim,Time Management,3D,Management,Realistic,Driving,Economy,Racing,Family Friendly,Tactical,Base-Building,Choices Matter,PvE,Resource Management,Team-Based,Singleplayer"
1659040,HITMAN World of Assassination,2022-01-20,2.99,https://www.metacritic.com/game/pc/hitman-3?ftag=MCD-06-10aaa1f,"Single-player,Steam Achievements,Full controller support,Tracked Controller Support,VR Supported,Custom Volume Controls,Playable without Timed Input,Stereo Sound,Subtitle Options,Surround Sound,Steam Cloud,Family Sharing","Action,Adventure","Stealth,Assassin,Action,Singleplayer,VR,Sandbox,Shooter,Violent,Multiplayer,Third Person,Third-Person Shooter,Realistic,Adventure,Cinematic,Open World,Puzzle,Funny,Immersive Sim,Gore,Capitalism"
959860,The Valiant,2022-10-19,6.24,https://www.metacritic.com/game/pc/the-valiant?ftag=MCD-06-10aaa1f,"Single-player,Multi-player,PvP,Online PvP,Co-op,Online Co-op,Steam Achievements,Full controller support,Steam Cloud,Family Sharing","RPG,Strategy","Strategy,RTS,Medieval,RPG,Action RTS,Multiplayer,Singleplayer,Competitive,Online Co-Op,PvE,PvP,Combat,Loot,Story Rich,3D,Isometric"
922050,DOOMBLADE,2023-05-31,4.79,https://www.metacritic.com/game/pc/doomblade?ftag=MCD-06-10aaa1f,"Single-player,Steam Achievements,Full controller support,Steam Trading Cards,Steam Cloud,Family Sharing","Action,Adventure,Indie","Exploration,Metroidvania,Side Scroller,2D Platformer,Hack and Slash,Souls-like,Platformer,Action-Adventure,Female Protagonist,2D,Dark Humor,Multiple Endings,Colorful,Nonlinear,Story Rich,Action,Dark Fantasy,Atmospheric,Adventure,Singleplayer"
1893810,Solium Infernum,2024-02-22,19.99,https://www.metacritic.com/game/pc/solium-infernum?ftag=MCD-06-10aaa1f,"Single-player,Multi-player,PvP,Online PvP,Steam Achievements,Steam Trading Cards,Steam Cloud,Steam Turn Notifications,Family Sharing","Indie,Strategy","Strategy,Turn-Based Strategy,Politics,Grand Strategy,Diplomacy,Political,Conspiracy,Asynchronous Multiplayer,Choices Matter,Demons,Psychological Horror,Dark Fantasy,Gothic,Board Game,War,Mythology,Dark,Horror,Immersive Sim,Wargame"
2114740,Blasphemous 2,2023-08-24,9.89,https://www.metacritic.com/game/pc/blasphemous-2?ftag=MCD-06-10aaa1f,"Single-player,Steam Achievements,Full controller support,Steam Cloud,Family Sharing","Action,Adventure,Indie","Combat,Fantasy,Metroidvania,Souls-like,Adventure,2D Platformer,Pixel Graphics,Difficult,Side Scroller,Hack and Slash,Unforgiving,2D,Platformer,Action RPG,Horror,Lore-Rich,Action-Adventure,Story Rich,Nonlinear,Multiple Endings"
1280930,Astral Ascent,2023-11-14,12.49,https://www.metacritic.com/game/pc/astral-ascent?ftag=MCD-06-10aaa1f,"Single-player,Multi-player,Co-op,Shared/Split Screen Co-op,Shared/Split Screen,Steam Achievements,Full controller support,Steam Trading Cards,Steam Cloud,Remote Play Together,Family Sharing","Action,Adventure,Indie","Action Roguelike,Rogue-lite,Hack and Slash,Indie,Atmospheric,Replay Value,Difficult,Story Rich,Anime,Hand-drawn,Rogue-like,Magic,Perma Death,Action,Pixel Graphics,Fantasy,Co-op,Singleplayer,Platformer,Local Co-Op"
2001340,Fuga: Melodies of Steel 2,2023-05-10,19.99,https://www.metacritic.com/game/pc/fuga-melodies-of-steel-2?ftag=MCD-06-10aaa1f,"Single-player,Steam Achievements,Steam Trading Cards,Partial Controller Support,Steam Cloud,Family Sharing","RPG,Simulation,Strategy","RPG,JRPG,Strategy,Turn-Based Tactics,Tactical RPG,Strategy RPG,Turn-Based Strategy,Turn-Based Combat,Turn-Based,Drama,Tanks,Fantasy,War,Atmospheric,Emotional,Story Rich,Simulation,Cute,Singleplayer,Anime"
1999770,Atelier Ryza 3: Alchemist of the End & the Secret Key,2023-03-23,0.0,https://www.metacritic.com/game/pc/atelier-ryza-3-alchemist-of-the-end-the-secret-key?ftag=MCD-06-10aaa1f,"Single-player,Steam Achievements,Partial Controller Support,Steam Cloud,Family Sharing","Adventure,Casual,RPG,Simulation","Exploration,JRPG,Female Protagonist,Collectathon,Puzzle,RPG,Cute,Open World,Lore-Rich,Turn-Based Combat,Story Rich,Anime,Action,Casual,Colorful,Emotional,Simulation,Adventure,Singleplayer,Sexual Content"
1772530,Toy Tactics,2024-09-19,12.49,https://www.metacritic.com/game/pc/toy-tactics?ftag=MCD-06-10aaa1f,"Single-player,Multi-player,PvP,Online PvP,Co-op,Online Co-op,Steam Achievements,Full controller support,Steam Cloud,Family Sharing","Action,Strategy","Physics,Historical,Simulation,Medieval,Combat,Singleplayer,War,Action,Sandbox,Funny,Strategy,Multiplayer,Online Co-Op,Rome,Comedy,Magic,Dinosaurs,Tactical,Action RTS,Family Friendly"
1601580,Frostpunk 2,2024-09-20,26.99,https://www.metacritic.com/game/pc/frostpunk-2?ftag=MCD-06-10aaa1f,"Single-player,Steam Achievements,Full controller support,Steam Trading Cards,Steam Workshop,Adjustable Text Size,Custom Volume Controls,Adjustable Difficulty,Save Anytime,Stereo Sound,Surround Sound,Steam Cloud,Family Sharing","Simulation,Strategy","Strategy,City Builder,Survival,Resource Management,Post-apocalyptic,Simulation,Singleplayer,Steampunk,Sequel,Management,Atmospheric,Base-Building,Choices Matter,Political Sim,Great Soundtrack,Violent,Politics,Snow,Colony Sim,Psychological Horror"
1182620,Impostor Factory,2021-09-30,3.49,https://www.metacritic.com/game/pc/impostor-factory?ftag=MCD-06-10aaa1f,"Single-player,Steam Achievements,Steam Trading Cards,Partial Controller Support,Steam Cloud,Family Sharing","Adventure,Casual,Indie,RPG","Story Rich,Emotional,Pixel Graphics,Adventure,RPG,2D,Singleplayer,Top-Down,Atmospheric,Psychological Horror,Comedy,Mystery,Narrative,Interactive Fiction,Lovecraftian,Linear,Cute,Funny,Retro,JRPG"
871980,Digimon Survive,2022-07-28,9.59,https://www.metacritic.com/game/pc/digimon-survive?ftag=MCD-06-10aaa1f,"Single-player,Steam Achievements,Steam Trading Cards,Partial Controller Support,Steam Cloud,Family Sharing",RPG,"Visual Novel,Tactical RPG,Anime,JRPG,Story Rich,Mystery,Turn-Based Tactics,Singleplayer,Drama,Psychological,Survival,Soundtrack,Emotional,Text-Based,RPG,Isometric,Turn-Based Strategy,Strategy RPG,2.5D,Simulation"
1538850,Grotto,2021-10-26,1.29,https://www.metacritic.com/game/pc/grotto?ftag=MCD-06-10aaa1f,"Single-player,Steam Achievements,Full controller support,Family Sharing","Adventure,Indie","Choices Matter,Interactive Fiction,Multiple Endings,Immersive Sim,Walking Simulator,Psychological,Replay Value,Choose Your Own Adventure,Colorful,Singleplayer,Atmospheric,First-Person,2D,Indie,Exploration,Story Rich,Adventure,LGBTQ+"
894620,ATONE: Heart of the Elder Tree,2023-01-27,2.99,https://www.metacritic.com/game/pc/atone-heart-of-the-elder-tree?ftag=MCD-06-10aaa1f,"Single-player,Steam Achievements,Full controller support,Steam Cloud,Family Sharing","Action,Adventure,Indie,RPG","Adventure,Story Rich,Puzzle,Rhythm,Combat,Hand-drawn,Mystery,Drama,Emotional,RPG,Narrative,Action-Adventure,Female Protagonist,Lore-Rich,Atmospheric,Exploration,Colorful,Singleplayer,Multiple Endings,Indie"
311260,The Guild 3,2022-06-14,5.99,https://www.metacritic.com/game/pc/the-guild-3?ftag=MCD-06-10aaa1f,"Single-player,Multi-player,PvP,Online PvP,Co-op,Online Co-op,Steam Achievements,Steam Workshop,Steam Cloud,Family Sharing","RPG,Simulation,Strategy","Economy,Life Sim,Medieval,Simulation,Strategy,RPG,Multiplayer,Open World,Sandbox,Building,Singleplayer,Politics,Survival,Management,Trading,Resource Management,Historical,RTS,Early Access,Adventure"
2545220,Tormenture,2024-10-21,5.99,https://www.metacritic.com/game/pc/tormenture?ftag=MCD-06-10aaa1f,"Single-player,Steam Achievements,Full controller support,Steam Cloud,Family Sharing","Action,Adventure,Indie","Retro,Exploration,Puzzle,Dark,Pixel Graphics,Nostalgia,Horror,Adventure,Singleplayer,2D,3D,Side Scroller,1980s,Mystery,Surreal,Story Rich,Immersive,Atmospheric,Old School,Action"
2076140,Tavern Talk - A Cozy Visual Novel,2024-06-20,11.69,https://www.metacritic.com/game/pc/tavern-talk?ftag=MCD-06-10aaa1f,"Single-player,Steam Achievements,Full controller support,Adjustable Text Size,Color Alternatives,Custom Volume Controls,Mouse Only Option,Playable without Timed Input,Save Anytime,Subtitle Options,Family Sharing","Adventure,Casual,Indie,Simulation","Singleplayer,Fantasy,Visual Novel,Cozy,Dungeons & Dragons,LGBTQ+,Multiple Endings,Atmospheric,Life Sim,Colorful,Relaxing,Simulation,Conversation,Anime,Cartoony,2D,Choices Matter,Emotional,Interactive Fiction,Story Rich"
1062830,Embr,2021-09-23,3.99,https://www.metacritic.com/game/pc/embr?ftag=MCD-06-10aaa1f,"Single-player,Multi-player,Co-op,Online Co-op,LAN Co-op,Cross-Platform Multiplayer,Steam Achievements,Full controller support,Camera Comfort,Custom Volume Controls,Playable without Timed Input,Save Anytime,Steam Cloud,Family Sharing","Action,Casual,Indie,Simulation,Strategy","Action,Simulation,Strategy,Casual,Co-op,Multiplayer,Co-op Campaign,Funny,Singleplayer,Indie,Online Co-Op,First-Person,Controller,Replay Value,Colorful,Character Customization,Cartoony,Early Access,3D,Stylized"
771700,Airhead,2024-02-12,4.99,https://www.metacritic.com/game/pc/airhead?ftag=MCD-06-10aaa1f,"Single-player,Steam Achievements,Full controller support,Steam Cloud,Family Sharing","Adventure,Indie","Indie,Adventure,Action,Puzzle-Platformer,Metroidvania,Atmospheric,Puzzle,Surreal,Difficult,Singleplayer,Platformer,Physics,Side Scroller,Dark,Great Soundtrack,Cute,Beautiful,Emotional,Mystery,2.5D"
1582650,Caravan SandWitch,2024-09-12,12.49,https://www.metacritic.com/game/pc/caravan-sandwitch?ftag=MCD-06-10aaa1f,"Single-player,Steam Achievements,Full controller support,Steam Cloud,Family Sharing","Adventure,Casual,Indie","Exploration,Adventure,Singleplayer,Interactive Fiction,Driving,Mystery,Post-apocalyptic,Colorful,Third Person,3D Platformer,Cute,Casual,Stylized,Robots,Action-Adventure,Metroidvania,Futuristic,1980s,3D,Retro"
1967430,Ghost Trick: Phantom Detective,2023-06-29,9.89,https://www.metacritic.com/game/pc/ghost-trick-phantom-detective?ftag=MCD-06-10aaa1f,"Single-player,Steam Achievements,Full controller support,Steam Trading Cards,Steam Cloud,Family Sharing","Action,Adventure","Puzzle,Adventure,Mystery,Story Rich,Action,Detective,Singleplayer,Action-Adventure,Anime,Visual Novel,Great Soundtrack,Point & Click,Supernatural,Cult Classic,Funny,Classic,Atmospheric,Comedy"
1332010,Stray,2022-07-19,17.99,https://www.metacritic.com/game/pc/stray?ftag=MCD-06-10aaa1f,"Single-player,Steam Achievements,Full controller support,Steam Trading Cards,Steam Cloud,Remote Play on TV,Family Sharing","Adventure,Indie","Cats,Adventure,Atmospheric,Cyberpunk,Singleplayer,Cute,Exploration,Robots,Beautiful,Puzzle,Third Person,Horror,Sci-fi,Indie,Dystopian,Open World,Mystery,Action,Colorful,Stealth"
1155970,Roadwarden,2022-09-12,2.74,https://www.metacritic.com/game/pc/roadwarden?ftag=MCD-06-10aaa1f,"Single-player,Steam Achievements,Family Sharing","Adventure,Indie,RPG","RPG,Text-Based,Adventure,Indie,Pixel Graphics,Interactive Fiction,Story Rich,Choose Your Own Adventure,Fantasy,Choices Matter,Visual Novel,Multiple Endings,Dark Fantasy,Atmospheric,Mystery,Singleplayer,Detective,Drama,Crime,LGBTQ+"
1498570,THE KING OF FIGHTERS XV,2024-12-12,29.99,https://www.metacritic.com/game/pc/the-king-of-fighters-xv?ftag=MCD-06-10aaa1f,"Single-player,Multi-player,PvP,Online PvP,Shared/Split Screen PvP,Shared/Split Screen,Cross-Platform Multiplayer,Steam Achievements,Full controller support,Steam Cloud,Remote Play Together,Family Sharing",Action,"2D Fighter,Fighting,Action,PvP,Multiplayer,3D,Singleplayer,Anime,Arcade,Competitive,Sexual Content,Great Soundtrack,2.5D,Local Multiplayer,Female Protagonist,Nudity,Character Customization"
1581480,HUMANITY,2023-05-15,14.99,https://www.metacritic.com/game/pc/humanity?ftag=MCD-06-10aaa1f,"Single-player,Steam Achievements,Full controller support,VR Supported,Steam Cloud,Includes level editor,Remote Play on TV,Family Sharing","Action,Casual,Indie","Puzzle,Puzzle-Platformer,Singleplayer,Dog,Casual,Lemmings,Action,Story Rich,Adventure,VR,Exploration,3D,Minimalist,Stylized,Level Editor,Third Person,Logic,Atmospheric,Difficult,Fantasy"
515960,Martha Is Dead,2022-02-24,8.09,https://www.metacritic.com/game/pc/martha-is-dead?ftag=MCD-06-10aaa1f,"Single-player,Steam Achievements,Full controller support,Steam Trading Cards,Steam Cloud,Family Sharing","Adventure,Indie","Psychological Horror,Story Rich,Psychological,Female Protagonist,Horror,Adventure,Atmospheric,Cinematic,Thriller,Narration,World War II,Mystery,Dark,Drama,Dynamic Narration,Indie,Nudity,Exploration,First-Person,War"
1190970,House Flipper 2,2023-12-14,23.99,https://www.metacritic.com/game/pc/house-flipper-2?ftag=MCD-06-10aaa1f,"Single-player,Multi-player,Co-op,Online Co-op,LAN Co-op,Cross-Platform Multiplayer,Steam Achievements,Full controller support,Steam Trading Cards,Custom Volume Controls,Playable without Timed Input,Save Anytime,Stereo Sound,Steam Cloud,Includes level editor,Family Sharing","Casual,Indie,Simulation","Simulation,Relaxing,Building,Casual,Co-op,Design & Illustration,Family Friendly,Replay Value,Online Co-Op,Sandbox,Destruction,Colorful,Immersive Sim,3D,Singleplayer,Base-Building,First-Person,Education,Indie,Realistic"
1824220,Chivalry 2,2022-06-12,7.99,https://www.metacritic.com/game/pc/chivalry-2?ftag=MCD-06-10aaa1f,"Multi-player,PvP,Online PvP,Cross-Platform Multiplayer,Steam Achievements,Steam Trading Cards,In-App Purchases,Partial Controller Support","Action,Massively Multiplayer","Swordplay,Medieval,Massively Multiplayer,Hack and Slash,Multiplayer,Gore,Historical,Action,PvP,War,First-Person,Combat,Military,3D,Third Person,FPS,Wargame,Atmospheric,Comedy,3D Fighter"
2017080,Nickelodeon All-Star Brawl 2,2023-11-07,9.99,https://www.metacritic.com/game/pc/nickelodeon-all-star-brawl-2?ftag=MCD-06-10aaa1f,"Single-player,Multi-player,PvP,Online PvP,Shared/Split Screen PvP,Shared/Split Screen,Steam Achievements,Full controller support,Remote Play Together,Family Sharing",Action,"Action,2D Fighter,Arcade,Beat 'em up,e-sports,2D Platformer,Cartoon,2D,Cartoony,1990's,Cats,Comedy,Dog,Family Friendly,Funny,PvP,Combat,PvE,Multiplayer,Singleplayer"
2680190,Rails Across America,2024-01-06,1.99,https://www.metacritic.com/game/pc/rails-across-america?ftag=MCD-06-10aaa1f,"Single-player,Multi-player,PvP,LAN PvP,Steam Cloud,Family Sharing","Simulation,Strategy","Simulation,Strategy,Trains,America,Grand Strategy,Level Editor,RTS,Historical,Political Sim,PvP,Old School,Real Time Tactics,2D,Colorful,Capitalism,Diplomacy,Economy,Family Friendly,Tactical,Grid-Based Movement"
2461280,Lessaria: Fantasy Kingdom Sim,2025-10-20,19.92,https://www.metacritic.com/game/pc/lessaria-fantasy-kingdom-sim?ftag=MCD-06-10aaa1f,"Single-player,Steam Achievements,Family Sharing","Indie,RPG,Simulation,Strategy",
790710,World of Warplanes,2022-02-10,0.0,https://www.metacritic.com/game/pc/world-of-warplanes?ftag=MCD-06-10aaa1f,"Multi-player,MMO,PvP,Online PvP,Co-op,Online Co-op,Steam Trading Cards,In-App Purchases","Action,Massively Multiplayer,Simulation,Free To Play","Flight,FPS,Third-Person Shooter,Cold War,Military,World War II,PvP,Shooter,First-Person,Arcade,3D,Third Person,Controller,Team-Based,Action,Simulation,Colorful,Realistic,Atmospheric,Cinematic"
990630,The Last Campfire,2021-10-07,1.49,https://www.metacritic.com/game/pc/the-last-campfire?ftag=MCD-06-10aaa1f,"Single-player,Steam Achievements,Full controller support,Steam Trading Cards,Steam Cloud,Family Sharing","Adventure,Indie","Puzzle,Adventure,Singleplayer,Cute,Indie,Emotional,Atmospheric,Relaxing,Story Rich,Fantasy,Family Friendly,Narration,3D Platformer,Soundtrack,Puzzle-Platformer,Philosophical,Dark Fantasy,3D,Controller,Dark"
1933370,Mark of the Deep,2025-01-24,13.99,https://www.metacritic.com/game/pc/mark-of-the-deep?ftag=MCD-06-10aaa1f,"Single-player,Steam Achievements,Full controller support,Steam Cloud,Family Sharing","Action,Adventure,Indie","Pirates,Action-Adventure,Singleplayer,Souls-like,Metroidvania,Story Rich,Action,Adventure,Exploration,Action Roguelike,Rogue-like,Isometric,Dark Fantasy,Atmospheric,Multiple Endings,Combat,Narrative,Fantasy,Controller,Stylized"
2199510,Herald: The Interactive Period Drama – Complete Edition,2025-05-01,11.99,https://www.metacritic.com/game/pc/herald-an-interactive-period-drama?ftag=MCD-06-10aaa1f,"Single-player,Steam Achievements,Full controller support,Steam Cloud,Family Sharing","Adventure,Indie","Adventure,Point & Click,Interactive Fiction,Visual Novel,Choose Your Own Adventure,Third Person,Alternate History,Lore-Rich,Mystery,Naval,Drama,Sailing,LGBTQ+,Historical,Story Rich,Multiple Endings,Conversation,Choices Matter,Singleplayer,Controller"
2447980,Crown Gambit,2025-06-18,10.79,https://www.metacritic.com/game/pc/crown-gambit?ftag=MCD-06-10aaa1f,"Single-player,Steam Achievements,Full controller support,Steam Cloud,Family Sharing","Adventure,Indie,RPG,Strategy",
2313700,Constance,2025-11-24,19.99,https://www.metacritic.com/game/pc/constance?ftag=MCD-06-10aaa1f,"Single-player,Steam Achievements,Full controller support,Camera Comfort,Custom Volume Controls,Adjustable Difficulty,Keyboard Only Option,Playable without Timed Input,Save Anytime,Stereo Sound,Steam Cloud,Remote Play on TV,Family Sharing","Action,Adventure,Indie",
981430,Gordian Quest,2022-06-23,8.79,https://www.metacritic.com/game/pc/gordian-quest?ftag=MCD-06-10aaa1f,"Single-player,Multi-player,PvP,Online PvP,Full controller support,Steam Cloud,Family Sharing","Adventure,Indie,RPG,Strategy","RPG,Card Game,Card Battler,Strategy,Adventure,Replay Value,Indie,Turn-Based,Tactical,Roguelike Deckbuilder,PvP,Fantasy,Deckbuilding,Turn-Based Combat,Rogue-like,Turn-Based Strategy,Turn-Based Tactics,Party-Based RPG,Procedural Generation,Dice"
1887400,ANTONBLAST,2024-12-03,13.99,https://www.metacritic.com/game/pc/antonblast?ftag=MCD-06-10aaa1f,"Single-player,Steam Achievements,Full controller support,Camera Comfort,Custom Volume Controls,Keyboard Only Option,Stereo Sound,Steam Cloud,Family Sharing","Action,Adventure,Indie","2D Platformer,2D,Action,Singleplayer,Fast-Paced,Destruction,Cartoony,Exploration,Comic Book,Puzzle-Platformer,Retro,Platformer,Indie,Puzzle,Action-Adventure,Surreal,Controller,Colorful,2.5D,Score Attack"
1172650,INDUSTRIA,2021-09-30,2.39,https://www.metacritic.com/game/pc/industria?ftag=MCD-06-10aaa1f,"Single-player,Steam Achievements,Steam Trading Cards,Partial Controller Support,Steam Cloud,Family Sharing","Action,Adventure,Indie","FPS,Action,Sci-fi,Singleplayer,Dystopian,Atmospheric,Story Rich,Mystery,Shooter,Adventure,Surreal,Female Protagonist,Puzzle,First-Person,Alternate History,Soundtrack,Horror,Immersive,Robots,Indie"
2870350,Pipistrello and the Cursed Yoyo,2025-05-28,13.99,https://www.metacritic.com/game/pc/pipistrello-and-the-cursed-yoyo?ftag=MCD-06-10aaa1f,"Single-player,Steam Achievements,Full controller support,Steam Trading Cards,Camera Comfort,Custom Volume Controls,Adjustable Difficulty,Keyboard Only Option,Playable without Timed Input,Save Anytime,Stereo Sound,Steam Cloud,Includes level editor,Remote Play on TV,Family Sharing","Action,Adventure,Indie",
784150,Workers & Resources: Soviet Republic,2024-06-20,9.99,https://www.metacritic.com/game/pc/workers-resources-soviet-republic?ftag=MCD-06-10aaa1f,"Single-player,Steam Achievements,Steam Trading Cards,Steam Workshop,Adjustable Text Size,Camera Comfort,Custom Volume Controls,Adjustable Difficulty,Save Anytime,Partial Controller Support,Steam Cloud,Includes level editor,Family Sharing","Simulation,Strategy","Strategy,Simulation,City Builder,Base-Building,Management,Building,Sandbox,Grand Strategy,Survival,Open World,Colony Sim,Resource Management,Historical,Singleplayer,4X,Economy,Moddable,RTS,Replay Value,Real-Time with Pause"
736820,Knights of Honor II: Sovereign,2022-12-06,14.84,https://www.metacritic.com/game/pc/knights-of-honor-ii-sovereign?ftag=MCD-06-10aaa1f,"Single-player,Multi-player,PvP,Online PvP,Co-op,Online Co-op,Steam Achievements,Steam Trading Cards,Steam Cloud,Family Sharing","Simulation,Strategy","Strategy,Simulation,Medieval,Grand Strategy,RTS,Historical,Multiplayer,Singleplayer,4X,Sandbox,City Builder,Open World,Sexual Content,Management"
2288350,RAIDOU Remastered: The Mystery of the Soulless Army,2025-06-18,34.99,https://www.metacritic.com/game/pc/raidou-remastered-the-mystery-of-the-soulless-army?ftag=MCD-06-10aaa1f,"Single-player,Steam Achievements,Full controller support,Steam Trading Cards,Custom Volume Controls,Adjustable Difficulty,Keyboard Only Option,Save Anytime,Stereo Sound,Steam Cloud,Family Sharing","Action,RPG",
2111090,Let's! Revolution!,2023-07-19,7.99,https://www.metacritic.com/game/pc/lets!-revolution!?ftag=MCD-06-10aaa1f,"Single-player,Steam Achievements,Full controller support,Steam Cloud,Family Sharing","Indie,Strategy","Turn-Based Strategy,Colorful,Singleplayer,Grid-Based Movement,Rogue-like,Turn-Based Tactics,Logic,Relaxing,Casual,Puzzle,Strategy,Rogue-lite,Dungeon Crawler,2D,Funny,Procedural Generation,Perma Death,Hand-drawn,Tactical,Class-Based"
2221490,Tom Clancy’s The Division® 2,2023-01-12,7.49,https://www.metacritic.com/game/pc/tom-clancys-the-division-2?ftag=MCD-06-10aaa1f,"Single-player,Multi-player,PvP,Online PvP,Co-op,Online Co-op,Steam Achievements,Captions available,In-App Purchases,Partial Controller Support,HDR available","Action,Adventure,RPG","Looter Shooter,Open World,Third-Person Shooter,Multiplayer,Singleplayer,Online Co-Op,Action,Shooter,Adventure,RPG,Post-apocalyptic,Co-op,Loot,Character Customization,Survival,Massively Multiplayer,PvE,Military,PvP,Story Rich"
1533420,Neon White,2022-06-16,9.99,https://www.metacritic.com/game/pc/neon-white?ftag=MCD-06-10aaa1f,"Single-player,Steam Achievements,Full controller support,Steam Cloud,Steam Leaderboards,Family Sharing","Action,Adventure,Indie","FPS,3D Platformer,Parkour,Platformer,Action,Fast-Paced,Shooter,Anime,Indie,Precision Platformer,Adventure,Singleplayer,Stylized,First-Person,3D,Dating Sim,Story Rich,Card Game,Combat,Great Soundtrack"
1730080,Beyond the Long Night,2023-04-17,1.79,https://www.metacritic.com/game/pc/beyond-the-long-night?ftag=MCD-06-10aaa1f,"Single-player,Steam Achievements,Full controller support,Steam Cloud,Family Sharing","Action,Adventure,Indie","Action Roguelike,Twin Stick Shooter,Rogue-like,Rogue-lite,Puzzle,Exploration,Dungeon Crawler,2D,Mystery,Funny,Multiple Endings,Pixel Graphics,Atmospheric,Action,Procedural Generation,Action-Adventure,Adventure,Surreal,Cute,Minimalist"
1545560,Shadow Gambit: The Cursed Crew,2023-08-17,9.99,https://www.metacritic.com/game/pc/shadow-gambit-the-cursed-crew?ftag=MCD-06-10aaa1f,"Single-player,Steam Achievements,Full controller support,Steam Trading Cards,Adjustable Text Size,Camera Comfort,Color Alternatives,Custom Volume Controls,Adjustable Difficulty,Save Anytime,Stereo Sound,Subtitle Options,Steam Cloud,Family Sharing","RPG,Strategy","Strategy,RPG,Fantasy,Character Customization,RTS,Dark Fantasy,CRPG,Tactical,Story Rich,Choices Matter,Real Time Tactics,War,Singleplayer,Grand Strategy,Adventure,Action,Atmospheric,Stealth,Combat,Class-Based"
1727180,NeverAwake,2022-09-28,13.99,https://www.metacritic.com/game/pc/neverawake?ftag=MCD-06-10aaa1f,"Single-player,Steam Achievements,Full controller support,Steam Cloud,Family Sharing","Action,Indie","Action,Arcade,Shooter,Twin Stick Shooter,Shoot 'Em Up,Side Scroller,Cute,Hand-drawn,Abstract,Dark,Dark Fantasy,Emotional,Dark Humor,Score Attack,Multiple Endings,Female Protagonist,Story Rich,Singleplayer,Indie,Bullet Hell"
1135690,Unpacking,2021-11-01,7.99,https://www.metacritic.com/game/pc/unpacking?ftag=MCD-06-10aaa1f,"Single-player,Steam Achievements,Full controller support,Steam Trading Cards,Adjustable Text Size,Camera Comfort,Color Alternatives,Custom Volume Controls,Adjustable Difficulty,Mouse Only Option,Playable without Timed Input,Save Anytime,Stereo Sound,Steam Cloud,Family Sharing","Casual,Indie,Simulation","Relaxing,Cute,Casual,Pixel Graphics,Puzzle,Story Rich,Singleplayer,Simulation,Indie,Life Sim,Atmospheric,Point & Click,LGBTQ+,Female Protagonist,Isometric,Family Friendly,Colorful,Inventory Management,2D,Hidden Object"
2058730,The Darkest Files,2025-03-25,14.99,https://www.metacritic.com/game/pc/the-darkest-files?ftag=MCD-06-10aaa1f,"Single-player,Steam Achievements,Full controller support,Steam Trading Cards,Captions available,Adjustable Text Size,Camera Comfort,Custom Volume Controls,Adjustable Difficulty,Keyboard Only Option,Mouse Only Option,Playable without Timed Input,Save Anytime,Subtitle Options,Steam Cloud,Family Sharing","Adventure,Indie,Simulation","Adventure,Historical,Detective,Female Protagonist,Puzzle,Simulation,Atmospheric,Political Sim,Immersive Sim,First-Person,Investigation,3D,Noir,Mystery,Nonlinear,Choices Matter,Singleplayer,Story Rich,Controller,Indie"
1373960,INDIKA,2024-05-02,13.74,https://www.metacritic.com/game/pc/indika?ftag=MCD-06-10aaa1f,"Single-player,Full controller support,Family Sharing",Adventure,"Surreal,Puzzle,Horror,Third Person,Story Rich,Psychedelic,Dark,Exploration,Psychological,Mature,Narration,Cinematic,Mystery,Adventure,Female Protagonist,Linear,Singleplayer,Walking Simulator,Conversation,Atmospheric"
1145290,Out There: Oceans of Time,2022-05-26,3.89,https://www.metacritic.com/game/pc/out-there-oceans-of-time?ftag=MCD-06-10aaa1f,"Single-player,Steam Achievements,Steam Cloud,Family Sharing","Adventure,Indie,RPG,Strategy","Adventure,Singleplayer,Resource Management,Survival,Atmospheric,Open World,Space,Strategy,Rogue-lite,RPG,Sci-fi,Rogue-like,Replay Value,Choices Matter,Story Rich,Turn-Based,Turn-Based Strategy,Exploration,Choose Your Own Adventure,Female Protagonist"
1681430,RoboCop: Rogue City,2023-11-02,15.99,https://www.metacritic.com/game/pc/robocop-rogue-city?ftag=MCD-06-10aaa1f,"Single-player,Steam Achievements,Full controller support,Steam Trading Cards,Steam Cloud,Family Sharing","Action,Adventure","FPS,Action,First-Person,Singleplayer,Shooter,Gore,Story Rich,Cyberpunk,Sci-fi,Adventure,Atmospheric,Violent,Soundtrack,RPG,Robots,Dystopian,Action RPG,Crime,Futuristic,Mature"
1043810,Tactical Breach Wizards,2024-08-22,12.99,https://www.metacritic.com/game/pc/tactical-breach-wizards?ftag=MCD-06-10aaa1f,"Single-player,Steam Achievements,Full controller support,Steam Workshop,Steam Cloud,Includes level editor,Family Sharing","Adventure,Indie,RPG,Strategy","Turn-Based Tactics,Puzzle,Turn-Based Strategy,Story Rich,Turn-Based,Funny,Singleplayer,Tactical,Strategy RPG,Tactical RPG,RPG,Military,Adventure,Indie,Isometric,Comedy,Mystery,Fantasy,Strategy,Satire"
1293460,Ash of Gods: The Way,2023-04-27,8.74,https://www.metacritic.com/game/pc/ash-of-gods-the-way?ftag=MCD-06-10aaa1f,"Single-player,Steam Achievements,Full controller support,Steam Trading Cards,Steam Cloud,Remote Play on Phone,Remote Play on Tablet,Remote Play on TV,Family Sharing","Indie,Strategy","Choices Matter,Turn-Based Strategy,Choose Your Own Adventure,Singleplayer,Deckbuilding,Hand-drawn,Dark Fantasy,Card Battler,PvE,2D,Story Rich,Difficult,Isometric,Card Game,Tactical,Puzzle,Tactical RPG,Nonlinear,RPG,Turn-Based Tactics"
1174640,Arcadia Fallen,2021-11-17,6.24,https://www.metacritic.com/game/pc/arcadia-fallen?ftag=MCD-06-10aaa1f,"Single-player,Steam Achievements,Full controller support,Steam Trading Cards,Camera Comfort,Color Alternatives,Custom Volume Controls,Adjustable Difficulty,Keyboard Only Option,Mouse Only Option,Playable without Timed Input,Save Anytime,Stereo Sound,Subtitle Options,Touch Only Option,Steam Cloud,Stats,Family Sharing","Adventure,Casual,Indie,RPG,Simulation","Choose Your Own Adventure,Visual Novel,Dating Sim,Otome,Character Customization,Immersive Sim,Puzzle,Female Protagonist,Romance,RPG,Comic Book,Cute,2D,LGBTQ+,Text-Based,Story Rich,Choices Matter,Funny,Fantasy,Anime"
2303350,Sticky Business,2023-07-17,4.99,https://www.metacritic.com/game/pc/sticky-business?ftag=MCD-06-10aaa1f,"Single-player,Steam Achievements,Partial Controller Support,Steam Cloud,Family Sharing","Casual,Simulation","Casual,Relaxing,Simulation,Cute,Indie,Wholesome,Pixel Graphics,Colorful,Puzzle,LGBTQ+,Family Friendly,Singleplayer,Life Sim,Cozy,2D,Sandbox,Economy,Point & Click,Atmospheric,Immersive Sim"
1771300,Kingdom Come: Deliverance II,2025-02-04,29.99,https://www.metacritic.com/game/pc/kingdom-come-deliverance-ii?ftag=MCD-06-10aaa1f,"Single-player,Steam Achievements,Full controller support,Steam Trading Cards,Custom Volume Controls,Playable without Timed Input,Stereo Sound,Surround Sound,Steam Cloud,Family Sharing","Action,Adventure,RPG","RPG,Medieval,Open World,Singleplayer,Realistic,First-Person,Story Rich,Adventure,Action,Combat,Historical,Swordplay,Political,Immersive,Choices Matter,Atmospheric,Alternate History,LGBTQ+,Action-Adventure,3D"
3061810,Like a Dragon: Pirate Yakuza in Hawaii,2025-02-20,23.99,https://www.metacritic.com/game/pc/like-a-dragon-pirate-yakuza-in-hawaii?ftag=MCD-06-10aaa1f,"Single-player,Steam Achievements,Full controller support,Steam Trading Cards,Steam Cloud,Family Sharing","Action,Adventure,RPG","Action,Adventure,RPG,Pirates,Naval Combat,Hack and Slash,Funny,Action RPG,Third Person,JRPG,Character Customization,Action-Adventure,Fantasy,Drama,Exploration,3D,Cinematic,Naval,Sailing,Swordplay"
2097570,StarVaders,2025-04-30,18.74,https://www.metacritic.com/game/pc/starvaders?ftag=MCD-06-10aaa1f,"Single-player,Steam Achievements,Full controller support,Camera Comfort,Color Alternatives,Custom Volume Controls,Adjustable Difficulty,Keyboard Only Option,Mouse Only Option,Playable without Timed Input,Save Anytime,Steam Cloud,Family Sharing","Adventure,Indie,Strategy","Roguelike Deckbuilder,Deckbuilding,Turn-Based Tactics,Rogue-lite,Visual Novel,Difficult,Card Game,Turn-Based Strategy,Board Game,Rogue-like,Female Protagonist,Strategy,Card Battler,2D,Retro,Mechs,Cute,Turn-Based Combat,Anime,Colorful"
2362090,Chicken Police: Into the HIVE!,2024-11-07,12.99,https://www.metacritic.com/game/pc/chicken-police-into-the-hive!?ftag=MCD-06-10aaa1f,"Single-player,Steam Achievements,Full controller support,Color Alternatives,Custom Volume Controls,Mouse Only Option,Playable without Timed Input,Subtitle Options,Steam Cloud,Family Sharing","Adventure,Casual,Simulation","Puzzle,Story Rich,Stylized,Visual Novel,Point & Click,Detective,First-Person,Surreal,Noir,Action,Investigation,Mystery,Crime,Atmospheric,Singleplayer,Soundtrack,Exploration,Dark Humor,Drama,Lore-Rich"
1000410,WRATH: Aeon of Ruin,2024-02-27,4.99,https://www.metacritic.com/game/pc/wrath-aeon-of-ruin?ftag=MCD-06-10aaa1f,"Single-player,Steam Achievements,Partial Controller Support,Steam Cloud,Family Sharing",Action,"Action,Boomer Shooter,FPS,Retro,Gore,Violent,Old School,First-Person,Shooter,Horror,Arena Shooter,Singleplayer,1990's,Dark Fantasy,Early Access,Blood,Atmospheric,Difficult,Great Soundtrack,Classic"
1039100,No Place for Bravery,2022-09-22,12.99,https://www.metacritic.com/game/pc/no-place-for-bravery?ftag=MCD-06-10aaa1f,"Single-player,Steam Achievements,Full controller support,Family Sharing","Action,Adventure,Indie,RPG","Pixel Graphics,Indie,Singleplayer,Adventure,Souls-like,Action RPG,Post-apocalyptic,Choices Matter,Top-Down,2D,Story Rich,Hack and Slash,RPG,Hand-drawn,Exploration,Multiple Endings,Stylized,Combat,War,Action"
2189860,Outer Terror,2023-04-20,9.99,https://www.metacritic.com/game/pc/outer-terror?ftag=MCD-06-10aaa1f,"Single-player,Multi-player,Co-op,Shared/Split Screen Co-op,Shared/Split Screen,Full controller support,Steam Trading Cards,Remote Play on TV,Remote Play Together,Family Sharing","Action,Adventure,Indie","Action,Adventure,Action Roguelike,Action-Adventure,Arcade,Bullet Hell,2.5D,Colorful,Pixel Graphics,1980s,1990's,Atmospheric,Dark Fantasy,Demons,Mystery,Combat,Story Rich,Co-op,Multiplayer,Online Co-Op"
3548520,DOG WITCH,2025-11-05,7.99,https://www.metacritic.com/game/pc/dog-witch?ftag=MCD-06-10aaa1f,"Single-player,Steam Achievements,Full controller support,Steam Cloud,Family Sharing","Indie,Strategy",
2296380,I Expect You To Die 3: Cog in the Machine,2023-09-28,12.49,https://www.metacritic.com/game/pc/i-expect-you-to-die-3-cog-in-the-machine?ftag=MCD-06-10aaa1f,"Single-player,Steam Achievements,VR Only,Color Alternatives,Custom Volume Controls,Playable without Timed Input,Save Anytime,Subtitle Options,Steam Cloud,Family Sharing","Action,Adventure,Simulation","Adventure,Action,Simulation,Puzzle,VR,First-Person,Stylized,Cold War,Comedy,Horror,Investigation,Mystery,Retro,Singleplayer,Co-op,Multiplayer,Escape Room,Soundtrack"
1084160,Jagged Alliance 3,2023-07-14,17.99,https://www.metacritic.com/game/pc/jagged-alliance-3?ftag=MCD-06-10aaa1f,"Single-player,Multi-player,Co-op,Online Co-op,Steam Achievements,Full controller support,Steam Trading Cards,Steam Cloud,Family Sharing","Action,Strategy","Strategy,Turn-Based Tactics,Tactical,Turn-Based Strategy,Turn-Based Combat,RPG,Tactical RPG,Singleplayer,Strategy RPG,Co-op Campaign,Isometric,Loot,Action,3D,Turn-Based,Military,Co-op,Classic,Online Co-Op,Sexual Content"
2011780,Yellow Taxi Goes Vroom,2024-04-09,8.49,https://www.metacritic.com/game/pc/yellow-taxi-goes-vroom?ftag=MCD-06-10aaa1f,"Single-player,Steam Achievements,Full controller support,Steam Trading Cards,Steam Cloud,Steam Leaderboards,Family Sharing","Action,Adventure,Indie","Indie,Singleplayer,Colorful,3D,3D Platformer,Exploration,Platformer,Funny,Third Person,Retro,Comedy,Cartoony,Collectathon,Driving,Replay Value,Psychedelic,Time Attack,Old School,Arcade,Offroad"
2384580,DYNASTY WARRIORS: ORIGINS,2025-01-16,52.49,https://www.metacritic.com/game/pc/dynasty-warriors-origins?ftag=MCD-06-10aaa1f,"Single-player,Steam Achievements,Full controller support,Steam Trading Cards,Color Alternatives,Custom Volume Controls,Adjustable Difficulty,Stereo Sound,Surround Sound,Steam Cloud,HDR available,Family Sharing","Action,RPG,Strategy","Hack and Slash,Spectacle fighter,Wargame,Martial Arts,Action RPG,RPG,Strategy,Historical,Dating Sim,Musou,Third Person,3D,Swordplay,Controller,Action,Multiple Endings,Story Rich,Singleplayer,Tactical,War"
2105620,Sektori,2025-11-18,14.99,https://www.metacritic.com/game/pc/sektori?ftag=MCD-06-10aaa1f,"Single-player,Steam Achievements,Full controller support,Camera Comfort,Adjustable Difficulty,Stereo Sound,Steam Cloud,Steam Leaderboards,Family Sharing",Action,
2420660,Neva,2024-10-15,11.99,https://www.metacritic.com/game/pc/neva?ftag=MCD-06-10aaa1f,"Single-player,Steam Achievements,Full controller support,Steam Trading Cards,Color Alternatives,Custom Volume Controls,Adjustable Difficulty,Playable without Timed Input,Steam Cloud,Family Sharing","Action,Adventure,Indie","Adventure,Platformer,Atmospheric,Puzzle,Indie,Emotional,2D Platformer,Colorful,Female Protagonist,2D,Beautiful,Nature,Relaxing,Puzzle-Platformer,Walking Simulator,Singleplayer,Anime,Great Soundtrack,Souls-like,Hand-drawn"
1984020,Everhood 2,2025-03-04,13.99,https://www.metacritic.com/game/pc/everhood-2?ftag=MCD-06-10aaa1f,"Single-player,Steam Achievements,Full controller support,Steam Workshop,Steam Cloud,Includes level editor,Family Sharing","Action,Adventure,Indie,RPG","Psychedelic,Music,Indie,Story Rich,2D,RPG,Pixel Graphics,Choices Matter,Singleplayer,Replay Value,Rhythm,JRPG,Action-Adventure,Action,Adventure,Level Editor,Funny,Dark,Horror,Comedy"
1267070,Monorail Stories,2022-09-30,3.59,https://www.metacritic.com/game/pc/monorail-stories?ftag=MCD-06-10aaa1f,"Single-player,Steam Achievements,Full controller support,Steam Trading Cards,Steam Cloud,Family Sharing","Adventure,Casual,Indie,Simulation","Life Sim,Female Protagonist,Choices Matter,Funny,Online Co-Op,Replay Value,Simulation,Exploration,Multiple Endings,Story Rich,Conversation,Casual,Co-op,Atmospheric,Adventure,Indie,Multiplayer,Singleplayer,Third Person,Relaxing"
1787810,Song in the Smoke,2021-12-16,11.99,https://www.metacritic.com/game/pc/song-in-the-smoke?ftag=MCD-06-10aaa1f,"Single-player,Steam Achievements,Tracked Controller Support,VR Only,Steam Cloud,Family Sharing","Action,Adventure,Simulation","Action,Adventure,Simulation,Action-Adventure,Exploration,Immersive Sim,3D,VR,Cinematic,First-Person,Atmospheric,Crafting,Dark Fantasy,Fantasy,Horror,Nature,Survival,Inventory Management,Linear,Open World"
1149620,Gas Station Simulator,2021-09-15,9.99,https://www.metacritic.com/game/pc/gas-station-simulator?ftag=MCD-06-10aaa1f,"Single-player,Steam Achievements,Full controller support,Steam Trading Cards,Steam Cloud,Family Sharing","Casual,Indie,Simulation","Simulation,Economy,Building,Singleplayer,Management,Casual,Base-Building,First-Person,Open World,Realistic,Relaxing,Education,Multiplayer,Funny,Design & Illustration,Driving,Memes,Destruction,Choices Matter,Family Friendly"
2944200,Asili Forest,2025-10-03,4.99,https://www.metacritic.com/game/pc/ori-and-the-blind-forest-definitive-edition?ftag=MCD-06-10aaa1f,"Single-player,Family Sharing","Action,Adventure",
1519090,Welcome to ParadiZe,2024-02-29,8.99,https://www.metacritic.com/game/pc/welcome-to-paradize?ftag=MCD-06-10aaa1f,"Single-player,Multi-player,Co-op,Online Co-op,Shared/Split Screen Co-op,Shared/Split Screen,Steam Achievements,Full controller support,Steam Cloud,Remote Play Together,Family Sharing","Action,Adventure,RPG","Action,Multiplayer,Zombies,Singleplayer,Co-op,Adventure,Survival,Online Co-Op,Post-apocalyptic,Indie,RPG,Action RPG,Crafting,Hack and Slash,Isometric,Base-Building,PvE,Open World,Violent,Open World Survival Craft"
2384730,Beyond the Ice Palace 2,2025-03-10,14.99,https://www.metacritic.com/game/pc/beyond-the-ice-palace-2?ftag=MCD-06-10aaa1f,"Single-player,Steam Achievements,Full controller support,Family Sharing","Action,Adventure","Adventure,Exploration,Dark Fantasy,Singleplayer,Action,Pixel Graphics,Platformer,2D,2D Platformer,Action-Adventure,Precision Platformer,Puzzle-Platformer,Combat,Action RPG,Visual Novel,Vampire,Female Protagonist,Difficult,Metroidvania,Great Soundtrack"
1811040,South of the Circle,2022-08-03,5.19,https://www.metacritic.com/game/pc/south-of-the-circle?ftag=MCD-06-10aaa1f,"Single-player,Steam Achievements,Full controller support,Family Sharing",Adventure,"Adventure,Interactive Fiction,Story Rich,Cinematic,Drama,Visual Novel,Atmospheric,Singleplayer,Stylized,Cold War,Minimalist,Emotional,Narration,Linear,Romance,Soundtrack,Point & Click,Walking Simulator,Narrative,Short"
1456760,ROBOBEAT,2024-05-14,9.99,https://www.metacritic.com/game/pc/robobeat?ftag=MCD-06-10aaa1f,"Single-player,Steam Achievements,Partial Controller Support,Steam Cloud,Family Sharing","Action,Adventure,Indie","Action Roguelike,Rhythm,FPS,Rogue-like,Music,Psychedelic,Action,Adventure,Futuristic,Boomer Shooter,Shooter,Combat,Controller,Singleplayer,Robots,Shoot 'Em Up,Arena Shooter,First-Person,Arcade,Looter Shooter"
226280,Warp Frontier,2021-09-28,7.49,https://www.metacritic.com/game/pc/warp-frontier?ftag=MCD-06-10aaa1f,"Single-player,Steam Achievements,Steam Trading Cards,Steam Cloud,Commentary available,Family Sharing","Adventure,Indie","Adventure,Point & Click,2D,Hand-drawn,Realistic,Detective,Dark Humor,Drama,Emotional,Futuristic,Sci-fi,Investigation,Post-apocalyptic,Space,Transhumanism,Choices Matter,Conversation,Multiple Endings,Story Rich,Indie"
3843540,Dungeons & Dragons: Dragonshard,2025-08-12,7.49,https://www.metacritic.com/game/pc/dungeons-dragons-dragonshard?ftag=MCD-06-10aaa1f,"Single-player,Steam Cloud,Family Sharing","RPG,Strategy",
2247570,Don Duality,2023-08-25,4.49,https://www.metacritic.com/game/pc/don-duality?ftag=MCD-06-10aaa1f,"Single-player,Steam Achievements,Steam Cloud,Family Sharing","Casual,Indie,Strategy","Casual,Card Game,Rogue-like,Management,Rogue-lite,Mouse only,Pixel Graphics,Clicker,Strategy,Funny,Simulation,2D,Resource Management,Relaxing,Singleplayer,Tutorial,Cartoony,Minimalist,GameMaker,Point & Click"
1796220,Laika: Aged Through Blood,2023-10-19,5.99,https://www.metacritic.com/game/pc/laika-aged-through-blood?ftag=MCD-06-10aaa1f,"Single-player,Steam Achievements,Full controller support,Steam Trading Cards,Steam Cloud,Family Sharing","Action,Adventure","Atmospheric,Arcade,Metroidvania,Story Rich,2D Platformer,Platformer,Soundtrack,Gore,Difficult,Violent,Side Scroller,Adventure,Motorbike,Exploration,Hand-drawn,Blood,Bullet Time,Indie,Singleplayer,Motocross"
3541130,Many Nights a Whisper,2025-04-29,2.24,https://www.metacritic.com/game/pc/many-nights-a-whisper?ftag=MCD-06-10aaa1f,"Single-player,Steam Achievements,Full controller support,Steam Cloud,Family Sharing","Casual,Indie","Casual,Adventure,Story Rich,Emotional,Short,Interactive Fiction,Philosophical,Female Protagonist,Narrative,Atmospheric,Archery,Third Person,Pixel Graphics,Colorful,Conversation,Dynamic Narration,Multiple Endings,Singleplayer,Third-Person Shooter,Choose Your Own Adventure"
1592540,Loretta,2023-02-16,8.99,https://www.metacritic.com/game/pc/loretta?ftag=MCD-06-10aaa1f,"Single-player,Steam Achievements,Full controller support,Steam Trading Cards,Steam Cloud,Remote Play on TV,Family Sharing","Adventure,Casual,Indie","Visual Novel,Choose Your Own Adventure,Female Protagonist,Adventure,Thriller,Interactive Fiction,Pixel Graphics,Point & Click,Psychological,Casual,Crime,Noir,Drama,America,Story Rich,Choices Matter,Indie,Singleplayer,Multiple Endings,Narration"
2488620,F1® 24,2024-05-31,69.99,https://www.metacritic.com/game/pc/f1-24?ftag=MCD-06-10aaa1f,"Single-player,Multi-player,PvP,Online PvP,LAN PvP,Shared/Split Screen PvP,Co-op,Online Co-op,LAN Co-op,Shared/Split Screen,Steam Achievements,Full controller support,VR Supported,Steam Workshop,In-App Purchases,Adjustable Difficulty,Keyboard Only Option,Playable without Timed Input,Stereo Sound,Surround Sound,Steam Cloud,HDR available,Family Sharing","Racing,Sports","Racing,Driving,Sports,Multiplayer,Automobile Sim,VR,Simulation,Singleplayer,Early Access,Competitive,Realistic,Co-op,Casual,Online Co-Op,PvP,Character Customization,Great Soundtrack,e-sports,Controller,Action"
2274620,Discounty,2025-08-21,13.99,https://www.metacritic.com/game/pc/discounty?ftag=MCD-06-10aaa1f,"Single-player,Steam Achievements,Full controller support,Steam Cloud,Family Sharing","Casual,RPG,Simulation",
2479650,SpongeBob SquarePants: Titans of the Tide,2025-11-18,35.99,https://www.metacritic.com/game/pc/spongebob-squarepants-titans-of-the-tide?ftag=MCD-06-10aaa1f,"Single-player,Steam Achievements,Full controller support,Steam Trading Cards,Camera Comfort,Color Alternatives,Custom Volume Controls,Save Anytime,Stereo Sound,Surround Sound,Steam Cloud,Family Sharing","Action,Adventure",
1627840,Universe For Sale,2023-11-16,11.24,https://www.metacritic.com/game/pc/universe-for-sale?ftag=MCD-06-10aaa1f,"Single-player,Steam Achievements,Camera Comfort,Custom Volume Controls,Mouse Only Option,Family Sharing","Adventure,Casual,Indie","Atmospheric,Point & Click,Visual Novel,Hand-drawn,Exploration,Sci-fi,Adventure,2D,Cute,Comic Book,Crafting,Time Travel,Conversation,Narration,Female Protagonist,Indie,Story Rich,Singleplayer,Casual"
1072300,Echo Generation: Midnight Edition,2024-06-19,14.99,https://www.metacritic.com/game/pc/echo-generation?ftag=MCD-06-10aaa1f,"Single-player,Steam Achievements,Full controller support,Steam Cloud,Remote Play on TV,Family Sharing","Adventure,Indie,RPG","Action-Adventure,3D,Turn-Based Combat,JRPG,RPG,Party-Based RPG,Exploration,Family Friendly,Story Rich,PvE,Turn-Based Strategy,Voxel,Action,Pixel Graphics,Stylized,Colorful,Mystery,Supernatural,Sci-fi,Atmospheric"
1578650,Citizen Sleeper,2022-05-05,5.99,https://www.metacritic.com/game/pc/citizen-sleeper?ftag=MCD-06-10aaa1f,"Single-player,Steam Achievements,Full controller support,Steam Trading Cards,Camera Comfort,Color Alternatives,Custom Volume Controls,Mouse Only Option,Playable without Timed Input,Steam Cloud,Family Sharing","Adventure,Indie,RPG","RPG,Dice,Story Rich,Sci-fi,Cyberpunk,Tabletop,Narrative,Dystopian,Interactive Fiction,Hand-drawn,Indie,Text-Based,Artificial Intelligence,Multiple Endings,Space,Futuristic,Exploration,Atmospheric,Conversation,Adventure"
1640630,Heading Out,2024-05-07,9.99,https://www.metacritic.com/game/pc/heading-out?ftag=MCD-06-10aaa1f,"Single-player,Steam Achievements,Full controller support,Camera Comfort,Custom Volume Controls,Adjustable Difficulty,Playable without Timed Input,Stereo Sound,Steam Cloud,Family Sharing","Action,Adventure,Indie,Racing,Strategy","Visual Novel,Stylized,Rogue-like,Rogue-lite,Choices Matter,Narrative,Choose Your Own Adventure,Comic Book,Interactive Fiction,Nonlinear,Resource Management,Dynamic Narration,Driving,Movie,Racing,Indie,Adventure,Singleplayer,Arcade,Strategy"
1284210,Guild Wars 2,2022-08-23,0.0,https://www.metacritic.com/game/pc/guild-wars-2?ftag=MCD-06-10aaa1f,"Multi-player,MMO,PvP,Online PvP,Co-op,Online Co-op,In-App Purchases","Adventure,Massively Multiplayer,RPG,Free To Play","MMORPG,Adventure,RPG,Character Customization,Free to Play,Fantasy,Third Person,3D,Massively Multiplayer,PvP,Atmospheric,Class-Based,Combat,Multiplayer,Strategy,Crafting,Online Co-Op,Exploration,Story Rich,Singleplayer"
1116480,Slender Threads,2025-02-07,12.99,https://www.metacritic.com/game/pc/slender-threads?ftag=MCD-06-10aaa1f,"Single-player,Steam Achievements,Full controller support,Steam Trading Cards,Steam Cloud,Remote Play on TV,Family Sharing","Adventure,Indie","Adventure,Indie,Point & Click,Gore,Puzzle,Story Rich,Horror,Singleplayer,Psychological Horror,Hand-drawn,Atmospheric,Dark,2D,Dark Fantasy,Psychological,Surreal,Great Soundtrack,Fantasy,Mystery,Hidden Object"
1147550,Not For Broadcast,2022-01-25,6.24,https://www.metacritic.com/game/pc/not-for-broadcast?ftag=MCD-06-10aaa1f,"Single-player,Steam Achievements,Full controller support,Steam Trading Cards,Captions available,Steam Cloud,Family Sharing","Adventure,Indie,Simulation","Adventure,1980s,Choices Matter,Dystopian,Simulation,Dark Comedy,FMV,Story Rich,Multiple Endings,Management,Interactive Fiction,Political Sim,Choose Your Own Adventure,Political,Atmospheric,Point & Click,Alternate History,First-Person,Singleplayer,Indie"
1771360,Gerda: A Flame in Winter,2022-09-01,3.99,https://www.metacritic.com/game/pc/gerda-a-flame-in-winter?ftag=MCD-06-10aaa1f,"Single-player,Steam Achievements,Full controller support,Steam Cloud,Family Sharing","Adventure,Casual,Indie,RPG","Adventure,Female Protagonist,Narration,World War II,Emotional,Multiple Endings,Historical,RPG,Stylized,Choose Your Own Adventure,Hand-drawn,Top-Down,Interactive Fiction,2D,Story Rich,Conversation,Singleplayer,Third Person,Cute,Casual"
1608230,Planet of Lana,2023-05-23,4.99,https://www.metacritic.com/game/pc/planet-of-lana?ftag=MCD-06-10aaa1f,"Single-player,Steam Achievements,Full controller support,Steam Trading Cards,Steam Cloud,Family Sharing","Action,Adventure,Indie","Action,Female Protagonist,Puzzle-Platformer,Puzzle,2D Platformer,Atmospheric,Singleplayer,Anime,Platformer,Adventure,Indie,Casual,Emotional,Soundtrack,Cute,Controller,Side Scroller,2D,Sci-fi,Hand-drawn"
1568970,Torn Away,2023-09-29,5.99,https://www.metacritic.com/game/pc/torn-away?ftag=MCD-06-10aaa1f,"Single-player,Steam Achievements,Full controller support,Steam Cloud,Family Sharing","Adventure,Indie","Story Rich,Atmospheric,Female Protagonist,Adventure,World War II,War,Cartoony,Cartoon,Drama,Emotional,Family Friendly,Hand-drawn,Puzzle-Platformer,Walking Simulator,Point & Click,Cute,Visual Novel,Exploration,2D Platformer,Indie"
2275490,Kaizen: A Factory Story,2025-07-14,15.99,https://www.metacritic.com/game/pc/kaizen-a-factory-story?ftag=MCD-06-10aaa1f,"Single-player,Steam Achievements,Custom Volume Controls,Mouse Only Option,Playable without Timed Input,Save Anytime,Steam Cloud,Steam Leaderboards,Family Sharing","Simulation,Strategy",
2401410,Cabernet,2025-02-20,14.99,https://www.metacritic.com/game/pc/cabernet?ftag=MCD-06-10aaa1f,"Single-player,Steam Achievements,Full controller support,Steam Trading Cards,Custom Volume Controls,Stereo Sound,Steam Cloud,Family Sharing","Adventure,Indie,RPG,Simulation","Singleplayer,Female Protagonist,Vampire,Choices Matter,Simulation,Story Rich,Horror,Multiple Endings,Visual Novel,Choose Your Own Adventure,Psychological Horror,Romance,Dark Fantasy,Dating Sim,Stylized,Interactive Fiction,Point & Click,RPG,Hand-drawn,2D"
957710,The Waylanders,2022-02-02,34.99,https://www.metacritic.com/game/pc/the-waylanders?ftag=MCD-06-10aaa1f,"Single-player,Full controller support,Family Sharing","Action,Adventure,Indie,RPG,Strategy","RPG,Adventure,Action,Indie,Strategy,Nudity,Fantasy,Singleplayer,Party-Based RPG,Story Rich,CRPG,Tactical RPG,Character Customization,Real-Time with Pause,Old School,Great Soundtrack,Kickstarter,Strategy RPG,Early Access"
1978590,Anger Foot,2024-07-11,9.99,https://www.metacritic.com/game/pc/anger-foot?ftag=MCD-06-10aaa1f,"Single-player,Steam Achievements,Full controller support,Steam Cloud,Family Sharing","Action,Indie","FPS,Fast-Paced,Arcade,Boomer Shooter,Action,Shooter,Violent,First-Person,Gore,Colorful,Singleplayer,Comedy,Indie,Combat,Psychedelic,Cartoony,Stylized,Funny,3D,Great Soundtrack"
2544110,Broken Sword - Shadow of the Templars: Reforged,2024-09-19,14.99,https://www.metacritic.com/game/pc/broken-sword---shadow-of-the-templars-reforged?ftag=MCD-06-10aaa1f,"Single-player,Steam Achievements,Full controller support,Steam Trading Cards,Adjustable Text Size,Camera Comfort,Color Alternatives,Custom Volume Controls,Adjustable Difficulty,Mouse Only Option,Save Anytime,Subtitle Options,Touch Only Option,Steam Cloud,Remote Play on Phone,Remote Play on Tablet,Remote Play on TV,Family Sharing","Adventure,Casual,Indie","Mystery,Point & Click,Narrative,Detective,Investigation,Conversation,Singleplayer,Hand-drawn,Conspiracy,Cartoony,Funny,Cinematic,Touch-Friendly,2D,Historical,Family Friendly,Story Rich,Exploration,Adventure,Casual"
1337760,Potion Permit,2022-09-22,7.99,https://www.metacritic.com/game/pc/potion-permit?ftag=MCD-06-10aaa1f,"Single-player,Steam Achievements,Full controller support,Steam Trading Cards,Steam Cloud,Family Sharing","Action,Adventure,Casual,RPG","Singleplayer,Colorful,JRPG,Pixel Graphics,Life Sim,Cozy,Dating Sim,Crafting,Adventure,Relaxing,Wholesome,Simulation,RPG,Character Customization,Casual,Fishing,Cute,Action RPG,2D,Action-Adventure"
2280430,The Berlin Apartment,2025-11-17,19.99,https://www.metacritic.com/game/pc/the-berlin-apartment?ftag=MCD-06-10aaa1f,"Single-player,Steam Achievements,Full controller support,Adjustable Text Size,Camera Comfort,Color Alternatives,Custom Volume Controls,Playable without Timed Input,Stereo Sound,Subtitle Options,Surround Sound,Steam Cloud,Family Sharing","Adventure,Indie",
1599560,Wanderer,2022-01-27,19.99,https://www.metacritic.com/game/pc/wanderer?ftag=MCD-06-10aaa1f,"Single-player,Steam Achievements,Tracked Controller Support,VR Supported,Family Sharing","Action,Adventure","Adventure,Action,Time Travel,VR,Puzzle,Arcade,Exploration,Historical,Time Manipulation,Futuristic,Post-apocalyptic,Singleplayer"
3314060,The Sims™ Legacy Collection,2025-01-31,13.99,https://www.metacritic.com/game/pc/the-sims-deluxe?ftag=MCD-06-10aaa1f,"Single-player,Family Sharing","Casual,Simulation","Sandbox,Building,Immersive Sim,Life Sim,Management,Casual,Simulation,Crafting,Character Customization,Cartoony,Colorful,Atmospheric,Singleplayer,Old School,Classic,Retro,Great Soundtrack,LGBTQ+"
690830,Foundation,2025-01-31,23.44,https://www.metacritic.com/game/pc/foundation?ftag=MCD-06-10aaa1f,"Single-player,Steam Achievements,Steam Cloud,Family Sharing","Indie,Simulation,Strategy","City Builder,Simulation,Medieval,Strategy,Sandbox,Resource Management,Management,Relaxing,Atmospheric,Economy,Building,Indie,Singleplayer,Base-Building,Colony Sim,Open World,Survival,RTS,Choices Matter,Early Access"
1244460,Jurassic World Evolution 2,2021-11-09,14.99,https://www.metacritic.com/game/pc/jurassic-world-evolution-2?ftag=MCD-06-10aaa1f,"Single-player,Steam Achievements,Full controller support,Steam Cloud,Stats,HDR available,Family Sharing","Simulation,Strategy","Dinosaurs,Building,Simulation,Management,Sandbox,Strategy,Singleplayer,City Builder,Economy,Resource Management,Sci-fi,Open World,Violent,Atmospheric,Sequel,Action,Multiplayer,Base-Building,Survival,Casual"
2530490,Lost Eidolons: Veil of the Witch,2025-10-09,19.99,https://www.metacritic.com/game/pc/lost-eidolons-veil-of-the-witch?ftag=MCD-06-10aaa1f,"Single-player,Steam Achievements,Partial Controller Support,Steam Cloud,Family Sharing","Indie,RPG,Strategy","Early Access,Turn-Based Combat,Grid-Based Movement,Turn-Based Strategy,Strategy,Turn-Based Tactics,Tactical RPG,RPG,Strategy RPG,Rogue-lite,CRPG,Character Customization,3D,Top-Down,Fantasy,Dark Fantasy,Magic,Medieval,Combat,Tactical"
1903340,Clair Obscur: Expedition 33,2025-04-24,39.99,https://www.metacritic.com/game/pc/clair-obscur-expedition-33?ftag=MCD-06-10aaa1f,"Single-player,Steam Achievements,Full controller support,Adjustable Text Size,Custom Volume Controls,Adjustable Difficulty,Stereo Sound,Subtitle Options,Surround Sound,Steam Cloud,Family Sharing","Action,RPG","Turn-Based Combat,Story Rich,Fantasy,RPG,Exploration,JRPG,Adventure,Lore-Rich,Singleplayer,Action RPG,Souls-like,Party-Based RPG,Dark Fantasy,Character Customization,3D,Post-apocalyptic,Great Soundtrack,Narration,Realistic,Action"
1954200,Kena: Bridge of Spirits,2022-09-26,11.99,https://www.metacritic.com/game/pc/kena-bridge-of-spirits?ftag=MCD-06-10aaa1f,"Single-player,Steam Achievements,Full controller support,Steam Cloud,Family Sharing","Action,Adventure,Indie","Action,Adventure,Souls-like,Action-Adventure,Female Protagonist,Exploration,3D Platformer,Third Person,Cinematic,Atmospheric,Fantasy,Magic,3D,Nature,Story Rich,Combat,Singleplayer,Controller,Indie,Mystery"
1148760,I Was a Teenage Exocolonist,2022-08-25,12.49,https://www.metacritic.com/game/pc/i-was-a-teenage-exocolonist?ftag=MCD-06-10aaa1f,"Single-player,Steam Achievements,Full controller support,Steam Trading Cards,Steam Cloud,Family Sharing","Indie,RPG,Simulation","Choices Matter,Life Sim,Deckbuilding,Visual Novel,RPG,Story Rich,Choose Your Own Adventure,Dating Sim,Singleplayer,Interactive Fiction,Sci-fi,Multiple Endings,Card Game,Simulation,Futuristic,LGBTQ+,Management,Indie,Hand-drawn,Turn-Based"
8980,Borderlands Game of the Year,2023-08-31,9.89,https://www.metacritic.com/game/pc/borderlands?ftag=MCD-06-10aaa1f,"Single-player,Multi-player,Co-op,Steam Achievements,Partial Controller Support,Steam Cloud,Family Sharing","Action,RPG","Looter Shooter,FPS,Co-op,RPG,Action,Loot,Shooter,Online Co-Op,First-Person,Open World,Comedy,Multiplayer,Sci-fi,Post-apocalyptic,Singleplayer,Action RPG,Funny,Dark Humor,Adventure,Gore"
2658470,Is this Game Trying to Kill Me?,2024-11-12,7.49,https://www.metacritic.com/game/pc/is-this-game-trying-to-kill-me?ftag=MCD-06-10aaa1f,"Single-player,Steam Achievements,Full controller support,Steam Cloud,Family Sharing","Action,Adventure,Indie","Adventure,Horror,Escape Room,Puzzle,First-Person,Dark,Mystery,Psychological Horror,Dark Fantasy,Retro,Exploration,Atmospheric,Investigation,Pixel Graphics,Singleplayer,Multiple Endings,Fantasy,Logic,Old School,Action"
1717410,Prince of Qin,2021-10-26,1.99,https://www.metacritic.com/game/pc/prince-of-qin?ftag=MCD-06-10aaa1f,"Single-player,Multi-player,PvP,Online PvP,LAN PvP,Steam Cloud,Family Sharing","Action,Adventure,RPG","Exploration,RPG,Tactical RPG,Action,Action RPG,Action-Adventure,2.5D,Historical,Story Rich,Adventure,Singleplayer,Medieval,Combat,Isometric"
1809700,Persona 3 Portable,2023-01-18,15.99,https://www.metacritic.com/game/pc/persona-3-portable?ftag=MCD-06-10aaa1f,"Single-player,Steam Achievements,Full controller support,Steam Trading Cards,Steam Cloud,Family Sharing","Adventure,RPG,Strategy","RPG,Story Rich,JRPG,Turn-Based Combat,Anime,Female Protagonist,Singleplayer,Party-Based RPG,Emotional,Turn-Based Strategy,Multiple Endings,Dark,Visual Novel,Mystery,Dating Sim,Great Soundtrack,Adventure,Strategy,Violent,Sexual Content"
553420,TUNIC,2022-03-16,14.99,https://www.metacritic.com/game/pc/tunic?ftag=MCD-06-10aaa1f,"Single-player,Steam Achievements,Full controller support,Steam Cloud,Family Sharing","Action,Adventure,RPG","Exploration,Puzzle,Souls-like,Metroidvania,Cute,Action-Adventure,Isometric,Difficult,RPG,3D,Action RPG,Top-Down,Atmospheric,Colorful,Nonlinear,Action,Fantasy,Controller,Stylized,Indie"
1125910,Crowns and Pawns: Kingdom of Deceit,2022-05-06,4.99,https://www.metacritic.com/game/pc/crowns-and-pawns-kingdom-of-deceit?ftag=MCD-06-10aaa1f,"Single-player,Steam Achievements,Full controller support,Steam Trading Cards,Camera Comfort,Color Alternatives,Custom Volume Controls,Mouse Only Option,Save Anytime,Steam Cloud,Family Sharing","Adventure,Indie","Point & Click,Adventure,Story Rich,Mystery,Puzzle,Female Protagonist,Choices Matter,Atmospheric,Detective,2D,Casual,Cartoony,Colorful,Hand-drawn,Singleplayer,Funny,Investigation,Conspiracy,1990's,Great Soundtrack"
1587570,Completely Stretchy,2024-12-12,9.49,https://www.metacritic.com/game/pc/completely-stretchy?ftag=MCD-06-10aaa1f,"Single-player,Steam Achievements,Full controller support,Steam Cloud,Family Sharing","Adventure,Casual,Indie","Adventure,Exploration,Parkour,Open World,Colorful,Cute,First-Person,Platformer,Casual,Funny,3D Platformer,Cartoony,Immersive Sim,Relaxing,Surreal,Story Rich,Singleplayer,Abstract,Stylized,3D"
1621310,Atelier Sophie 2: The Alchemist of the Mysterious Dream,2022-02-24,29.99,https://www.metacritic.com/game/pc/atelier-sophie-2-the-alchemist-of-the-mysterious-dream?ftag=MCD-06-10aaa1f,"Single-player,Steam Achievements,Partial Controller Support,Steam Cloud,Family Sharing",RPG,"RPG,JRPG,Anime,Female Protagonist,Cute,Crafting,Singleplayer,Adventure,Turn-Based Combat,Turn-Based,Story Rich,Casual,Exploration,Simulation,Fantasy,Colorful,Collectathon,Lore-Rich,Emotional,Great Soundtrack"
1677280,Company of Heroes 3,2023-02-23,23.99,https://www.metacritic.com/game/pc/company-of-heroes-3?ftag=MCD-06-10aaa1f,"Single-player,Multi-player,PvP,Online PvP,Co-op,Online Co-op,Steam Achievements,Steam Trading Cards,Steam Workshop,Stats,Family Sharing","Action,Strategy","Singleplayer,Strategy,Wargame,RTS,Multiplayer,Action RTS,Co-op,PvE,Real Time Tactics,World War II,PvP,Turn-Based Tactics,Historical,Military,Top-Down,Turn-Based Strategy,Action,Choices Matter,Tactical,War"
1590910,Forgive Me Father,2022-04-07,4.99,https://www.metacritic.com/game/pc/forgive-me-father?ftag=MCD-06-10aaa1f,"Single-player,Steam Achievements,Full controller support,Steam Trading Cards,Steam Cloud,Family Sharing","Action,Indie","FPS,Boomer Shooter,Lovecraftian,Action,Shooter,Retro,First-Person,Indie,3D,Stylized,Gore,Cartoony,Violent,Atmospheric,Psychedelic,Dark Fantasy,Singleplayer,Supernatural,Mystery,Combat"
1771980,The Operator,2024-07-22,9.09,https://www.metacritic.com/game/pc/the-operator?ftag=MCD-06-10aaa1f,"Single-player,Steam Achievements,Full controller support,Captions available,Adjustable Text Size,Camera Comfort,Color Alternatives,Custom Volume Controls,Playable without Timed Input,Stereo Sound,Subtitle Options,Steam Cloud,Family Sharing","Adventure,Indie,Simulation","Detective,Investigation,Conspiracy,Puzzle,Atmospheric,Mystery,Immersive Sim,Thriller,Simulation,Crime,Narration,Point & Click,FMV,Narrative,Story Rich,Interactive Fiction,Adventure,Choose Your Own Adventure,Visual Novel,RPG"
1029690,Sniper Elite 5,2022-05-25,4.99,https://www.metacritic.com/game/pc/sniper-elite-5?ftag=MCD-06-10aaa1f,"Single-player,Multi-player,PvP,Online PvP,Co-op,Online Co-op,Cross-Platform Multiplayer,Steam Achievements,Steam Trading Cards,In-App Purchases,Adjustable Text Size,Camera Comfort,Color Alternatives,Adjustable Difficulty,Keyboard Only Option,Playable without Timed Input,Save Anytime,Subtitle Options,Partial Controller Support,Steam Cloud,Family Sharing","Action,Adventure","Singleplayer,Sniper,Stealth,Multiplayer,Action,World War II,Co-op,Shooter,Third-Person Shooter,Adventure,Gore,Third Person,Violent,Action-Adventure,Open World,Online Co-Op,War,FPS,Gun Customization,Sexual Content"
1220100,Tentacular,2022-03-24,9.99,https://www.metacritic.com/game/pc/tentacular?ftag=MCD-06-10aaa1f,"Single-player,Steam Achievements,Tracked Controller Support,VR Only,Steam Workshop,Family Sharing","Action,Adventure,Casual,Indie","Casual,VR,Funny,Building,Puzzle,Action,Cute,Adventure,Physics,God Game,Indie,Sandbox,FPS,Cartoony,Colorful,First-Person,Stylized,Comedy,Family Friendly,Fantasy"
1099640,Jack Move,2022-09-08,5.99,https://www.metacritic.com/game/pc/jack-move?ftag=MCD-06-10aaa1f,"Single-player,Steam Achievements,Full controller support,Steam Trading Cards,Steam Cloud,Remote Play on TV,Family Sharing","Adventure,Indie,RPG","Turn-Based,JRPG,Cyberpunk,Pixel Graphics,Story Rich,Female Protagonist,Turn-Based Combat,Character Customization,RPG,Controller,Anime,2D,Dystopian,Sci-fi,Hacking,Adventure,Singleplayer,Exploration,Party-Based RPG,Turn-Based Tactics"
1301950,Time Loader,2021-11-03,1.19,https://www.metacritic.com/game/pc/time-loader?ftag=MCD-06-10aaa1f,"Single-player,Steam Achievements,Full controller support,Steam Trading Cards,Steam Cloud,Remote Play on TV,Family Sharing","Action,Adventure,Casual,Indie,Racing,Simulation","Logic,Story Rich,Investigation,Retro,Old School,Physics,Casual,Drama,Action-Adventure,Relaxing,Puzzle-Platformer,Platformer,Action,Family Friendly,1990's,Exploration,PvE,Emotional,3D Platformer,Indie"
1939160,Shadows Over Loathing,2022-11-11,13.79,https://www.metacritic.com/game/pc/shadows-over-loathing?ftag=MCD-06-10aaa1f,"Single-player,Steam Achievements,Full controller support,Steam Cloud,Remote Play Together,Family Sharing","Adventure,Indie,RPG","Adventure,RPG,Point & Click,Puzzle,Turn-Based Strategy,Choose Your Own Adventure,Comedy,2D,Funny,Lovecraftian,CRPG,Investigation,Character Customization,Choices Matter,Controller,Multiple Endings,Open World,Story Rich,Turn-Based Combat,Singleplayer"
1240060,A Highland Song,2023-12-05,8.99,https://www.metacritic.com/game/pc/a-highland-song?ftag=MCD-06-10aaa1f,"Single-player,Steam Achievements,Full controller support,Steam Cloud,Family Sharing","Adventure,Indie","Exploration,2D Platformer,Nature,Dynamic Narration,Female Protagonist,Story Rich,Atmospheric,Choices Matter,Adventure,Hand-drawn,Platformer,Singleplayer,2D,Narration,Multiple Endings,Narrative,Open World,Indie,Rhythm,Music-Based Procedural Generation"
1569040,Football Manager 2022,2021-11-09,0.0,https://www.metacritic.com/game/pc/football-manager-2022?ftag=MCD-06-10aaa1f,"Single-player,Multi-player,Steam Achievements,Steam Cloud,Family Sharing","Simulation,Sports","Sports,Management,Football (Soccer),Simulation,Football (American),Real Time Tactics,Strategy,Multiplayer,e-sports,2D,Character Customization,3D,Singleplayer,Text-Based"
1979440,SAND LAND,2024-04-25,29.99,https://www.metacritic.com/game/pc/sand-land?ftag=MCD-06-10aaa1f,"Single-player,Steam Achievements,Full controller support,Steam Cloud,Family Sharing","Action,RPG","Anime,Open World,Action RPG,Singleplayer,Action,Tanks,Vehicular Combat,Cartoony,Comedy,Mechs,Action-Adventure,Gun Customization,RPG,Story Rich,Third-Person Shooter,Exploration,Combat Racing,Sci-fi,Beat 'em up,3D"
2111190,MULLET MADJACK,2024-05-15,13.99,https://www.metacritic.com/game/pc/mullet-madjack?ftag=MCD-06-10aaa1f,"Single-player,Steam Achievements,Full controller support,Steam Trading Cards,Steam Cloud,Steam Leaderboards,Family Sharing","Action,Indie","FPS,Boomer Shooter,Fast-Paced,Arcade,Action,Cyberpunk,Singleplayer,Indie,Anime,Shooter,Stylized,2.5D,Score Attack,First-Person,3D,Robots,Retro,Rogue-lite,1980s,1990's"
1902690,Fate/Samurai Remnant,2023-09-28,31.99,https://www.metacritic.com/game/pc/fatesamurai-remnant?ftag=MCD-06-10aaa1f,"Single-player,Steam Achievements,Custom Volume Controls,Adjustable Difficulty,Keyboard Only Option,Save Anytime,Stereo Sound,Surround Sound,Partial Controller Support,Steam Cloud,Family Sharing","Action,RPG","JRPG,RPG,Anime,Action RPG,Action,Story Rich,Spectacle fighter,Historical,Magic,Drama,Multiple Endings,Singleplayer,Stylized,Musou,Hack and Slash,Sexual Content,Visual Novel,Fantasy,Violent,Gore"
1872680,The Knight Witch,2022-11-29,1.99,https://www.metacritic.com/game/pc/the-knight-witch?ftag=MCD-06-10aaa1f,"Single-player,Steam Achievements,Full controller support,Steam Trading Cards,Steam Cloud,Family Sharing","Action,Adventure,Indie","Metroidvania,Female Protagonist,Shoot 'Em Up,Card Battler,Bullet Hell,Atmospheric,Story Rich,Exploration,Choices Matter,Twin Stick Shooter,Adventure,Action,Action-Adventure,Multiple Endings,Deckbuilding,2D,Hand-drawn,Conversation,Cute,Funny"
1903670,Peaky Blinders: The King's Ransom Complete Edition,2023-11-02,9.99,https://www.metacritic.com/game/pc/peaky-blinders-the-kings-ransom?ftag=MCD-06-10aaa1f,"Single-player,Steam Achievements,Tracked Controller Support,VR Only,Family Sharing","Action,Adventure","Crime,Action,War,Thriller,VR,Drama,Action-Adventure,Story Rich,Interactive Fiction,Adventure,Exploration,Immersive Sim,PvE,First-Person,3D,Historical,World War I,Singleplayer,Open World,Linear"
3124340,Demeo x Dungeons & Dragons: Battlemarked,2025-11-20,29.99,https://www.metacritic.com/game/pc/demeo-x-dungeons-dragons-battlemarked?ftag=MCD-06-10aaa1f,"Single-player,Multi-player,Co-op,Online Co-op,Cross-Platform Multiplayer,Steam Achievements,Full controller support,Tracked Controller Support,VR Supported,Family Sharing","Adventure,RPG,Strategy",
2555950,Million Depth,2025-11-11,13.59,https://www.metacritic.com/game/pc/million-depth?ftag=MCD-06-10aaa1f,"Single-player,Steam Achievements,Full controller support,Steam Cloud,Family Sharing","Action,Indie,Strategy",
1159830,Scene Investigators,2023-10-24,14.99,https://www.metacritic.com/game/pc/scene-investigators?ftag=MCD-06-10aaa1f,"Single-player,Steam Achievements,Partial Controller Support,Steam Cloud,Family Sharing","Adventure,Indie","Investigation,Mystery,Puzzle,Logic,Crime,Detective,Realistic,Exploration,Immersive Sim,Atmospheric,Singleplayer,Modern,First-Person,3D,Adventure,Indie,Difficult,Thriller,Futuristic,Horror"
1849900,Among Us 3D: VR,2022-11-10,5.99,https://www.metacritic.com/game/pc/among-us-vr?ftag=MCD-06-10aaa1f,"Multi-player,PvP,Online PvP,Co-op,Online Co-op,Cross-Platform Multiplayer,Steam Achievements,Tracked Controller Support,VR Only,In-App Purchases,Custom Volume Controls,Stereo Sound,Family Sharing",Casual,"VR,Multiplayer,Horror,Social Deduction,Psychological,Party Game,3D,Casual,Funny,Party,Colorful,Space,Sci-fi,Strategy,Survival,Cartoony,Minigames,First-Person,PvP,Conversation"
1617220,Thirsty Suitors,2023-11-02,14.99,https://www.metacritic.com/game/pc/thirsty-suitors?ftag=MCD-06-10aaa1f,"Single-player,Steam Achievements,Full controller support,Steam Trading Cards,Steam Cloud,Family Sharing","Action,Adventure,RPG","Adventure,RPG,Action,Action-Adventure,Dating Sim,Action RPG,LGBTQ+,Female Protagonist,3D,Funny,Choices Matter,Skateboarding,Combat,Turn-Based Combat,3D Platformer,Story Rich,Singleplayer,Cooking,Stylized,Indie"
2736690,Void Sols,2024-11-12,10.49,https://www.metacritic.com/game/pc/void-sols?ftag=MCD-06-10aaa1f,"Single-player,Steam Achievements,Full controller support,Camera Comfort,Color Alternatives,Custom Volume Controls,Adjustable Difficulty,Keyboard Only Option,Playable without Timed Input,Stereo Sound,Surround Sound,Steam Cloud,Family Sharing","Action,Adventure,Indie,RPG","Difficult,Souls-like,Exploration,Action RPG,Action-Adventure,2D,RPG,Swordplay,Top-Down,Open World,Nonlinear,Controller,Colorful,Minimalist,Action,Abstract,Dystopian,Dark Fantasy,Atmospheric,Survival"
866570,System Shock 2: 25th Anniversary Remaster,2025-06-26,22.49,https://www.metacritic.com/game/pc/system-shock-2-25th-anniversary-remaster?ftag=MCD-06-10aaa1f,"Single-player,Multi-player,Co-op,Online Co-op,LAN Co-op,Cross-Platform Multiplayer,Steam Achievements,Full controller support,Captions available,Steam Cloud,Family Sharing","Action,Adventure,RPG",
1579380,Shadow Tactics: Aiko's Choice,2021-12-06,4.99,https://www.metacritic.com/game/pc/shadow-tactics-blades-of-the-shogun---aikos-choice?ftag=MCD-06-10aaa1f,"Single-player,Steam Achievements,Full controller support,Steam Trading Cards,Steam Cloud,Remote Play on TV,Family Sharing","Indie,Strategy","Real Time Tactics,Strategy,Isometric,Stealth,Action,Adventure,RTS,Assassin,Puzzle,Atmospheric,Ninja,Historical,Tactical,Singleplayer,Survival,Indie,Violent,Difficult,Military,Building"
1063660,Bendy and the Dark Revival,2022-11-15,9.89,https://www.metacritic.com/game/pc/bendy-and-the-dark-revival?ftag=MCD-06-10aaa1f,"Single-player,Steam Achievements,Full controller support,Remote Play on TV,Family Sharing","Action,Adventure","Horror,Action,Singleplayer,First-Person,Survival Horror,Adventure,Indie,Cartoony,Story Rich,Dark,Puzzle,Survival,Stealth,Action-Adventure,Sequel,Combat,Atmospheric,Strategy,Great Soundtrack,Casual"
2238040,Tiny Terry's Turbo Trip,2024-05-30,8.99,https://www.metacritic.com/game/pc/tiny-terrys-turbo-trip?ftag=MCD-06-10aaa1f,"Single-player,Steam Achievements,Full controller support,Steam Cloud,Family Sharing","Adventure,Casual,Indie,RPG","Exploration,Adventure,Relaxing,Cute,Indie,Collectathon,Funny,Open World,Wholesome,Casual,Singleplayer,Family Friendly,Soundtrack,Colorful,Walking Simulator,RPG,3D,Cartoony,Character Customization,Flight"
1336490,Against the Storm,2023-12-08,8.99,https://www.metacritic.com/game/pc/against-the-storm?ftag=MCD-06-10aaa1f,"Single-player,Steam Achievements,Steam Trading Cards,Adjustable Text Size,Camera Comfort,Custom Volume Controls,Adjustable Difficulty,Save Anytime,Stereo Sound,Surround Sound,Steam Cloud,Family Sharing","Simulation,Strategy","Strategy,City Builder,Simulation,Base-Building,Colony Sim,Management,Building,Resource Management,Rogue-like,Survival,Dark Fantasy,Sandbox,Real-Time with Pause,Open World,Singleplayer,Moddable,RTS,Economy,Replay Value,Automation"
1324130,Stranded: Alien Dawn,2023-04-25,17.49,https://www.metacritic.com/game/pc/stranded-alien-dawn?ftag=MCD-06-10aaa1f,"Single-player,Steam Achievements,Full controller support,Steam Workshop,Steam Cloud,Family Sharing","Simulation,Strategy","Survival,Base-Building,Simulation,Strategy,Crafting,3D,Colony Sim,Combat,Management,Destruction,Hunting,Cooking,Resource Management,Inventory Management,Choices Matter,Sci-fi,Singleplayer,Tutorial,Building,Space"
1993180,Quilts and Cats of Calico,2024-03-05,13.99,https://www.metacritic.com/game/pc/quilts-and-cats-of-calico?ftag=MCD-06-10aaa1f,"Single-player,Multi-player,PvP,Online PvP,Shared/Split Screen PvP,Shared/Split Screen,Cross-Platform Multiplayer,Steam Achievements,Full controller support,Steam Cloud,Remote Play Together,Family Sharing","Casual,Indie,Strategy","Board Game,Strategy,Puzzle,Cats,Relaxing,Tabletop,Colorful,Nature,Multiplayer,Wholesome,Local Multiplayer,Cozy,Turn-Based,Logic,LGBTQ+,Casual,Controller,PvP,3D,Singleplayer"
2671230,BLADECHIMERA,2025-01-15,13.99,https://www.metacritic.com/game/pc/blade-chimera?ftag=MCD-06-10aaa1f,"Single-player,Steam Achievements,Full controller support,Camera Comfort,Custom Volume Controls,Keyboard Only Option,Playable without Timed Input,Steam Cloud,Family Sharing","Action,Indie","Metroidvania,Side Scroller,Exploration,2D Platformer,Martial Arts,Platformer,2D,Action RPG,Cyberpunk,Action,Pixel Graphics,Dystopian,Ninja,Demons,Sci-fi,Mystery,Atmospheric,Futuristic,Singleplayer,Indie"
593150,Ooblets,2023-10-05,29.99,https://www.metacritic.com/game/pc/ooblets?ftag=MCD-06-10aaa1f,"Single-player,Steam Achievements,Full controller support,Steam Cloud,Remote Play on TV,Family Sharing","Adventure,Casual,Indie,RPG,Simulation","Casual,RPG,Farming Sim,Creature Collector,Cute,Card Battler,Party-Based RPG,Exploration,3D,Colorful,Family Friendly,Cooking,Crafting,Agriculture,Relaxing,Character Customization,Deckbuilding,Open World,Turn-Based,Farming"
1437400,Salt and Sacrifice,2023-11-06,5.99,https://www.metacritic.com/game/pc/salt-and-sacrifice?ftag=MCD-06-10aaa1f,"Single-player,Multi-player,PvP,Online PvP,Shared/Split Screen PvP,Co-op,Online Co-op,Shared/Split Screen Co-op,Shared/Split Screen,Cross-Platform Multiplayer,Steam Achievements,Full controller support,Steam Cloud,Remote Play Together,Family Sharing","Action,RPG","Online Co-Op,Souls-like,Metroidvania,Action RPG,Character Customization,Dark Fantasy,Co-op,Co-op Campaign,Hack and Slash,Action,Adventure,RPG,Action-Adventure,2D Platformer,Side Scroller,Hand-drawn,Combat,PvP,PvE,Multiple Endings"
1540210,Arizona Sunshine® 2,2023-12-07,17.99,https://www.metacritic.com/game/pc/arizona-sunshine-2?ftag=MCD-06-10aaa1f,"Single-player,Multi-player,Co-op,Online Co-op,Steam Achievements,Tracked Controller Support,VR Only,Family Sharing","Action,Adventure","VR,Action,Adventure,Zombies,Action-Adventure,Shooter,FPS,3D,First-Person,Realistic,America,Atmospheric,Dark Humor,Dog,Dystopian,Funny,6DOF,Combat,Linear,Physics"
1030300,Hollow Knight: Silksong,2025-09-04,15.99,https://www.metacritic.com/game/pc/hollow-knight-silksong?ftag=MCD-06-10aaa1f,"Single-player,Steam Achievements,Full controller support,Steam Trading Cards,Camera Comfort,Keyboard Only Option,Playable without Timed Input,Save Anytime,Stereo Sound,Steam Cloud,Remote Play on TV,Family Sharing","Action,Adventure,Indie",
2464280,Tormented Souls 2,2025-10-23,25.49,https://www.metacritic.com/game/pc/tormented-souls-2?ftag=MCD-06-10aaa1f,"Single-player,Steam Achievements,Full controller support,Steam Trading Cards,Custom Volume Controls,Adjustable Difficulty,Save Anytime,Stereo Sound,Subtitle Options,Steam Cloud,Family Sharing","Action,Adventure",
2138710,Sifu,2023-03-28,15.99,https://www.metacritic.com/game/pc/sifu?ftag=MCD-06-10aaa1f,"Single-player,Steam Achievements,Full controller support,Steam Cloud,Family Sharing","Action,Indie","Action,Martial Arts,Beat 'em up,Difficult,Third Person,Singleplayer,Souls-like,Crime,Indie,Blood,Swordplay,Fighting,Dark,Action Roguelike,Arcade,Hack and Slash,Rogue-like,Action-Adventure,Dark Fantasy,War"
751630,After the Fall®,2021-12-09,5.99,https://www.metacritic.com/game/pc/after-the-fall?ftag=MCD-06-10aaa1f,"Single-player,Multi-player,PvP,Online PvP,Co-op,Online Co-op,Cross-Platform Multiplayer,Steam Achievements,Tracked Controller Support,VR Only,Family Sharing","Action,Adventure","VR,Co-op,Action,Zombies,Adventure,Gore,FPS,Action-Adventure,Shooter,Looter Shooter,First-Person,Shoot 'Em Up,Realistic,Post-apocalyptic,1980s,Crafting,Survival Horror,Dystopian,Multiplayer,Violent"
2401970,Ace Attorney Investigations Collection,2024-09-05,19.99,https://www.metacritic.com/game/pc/ace-attorney-investigations-collection?ftag=MCD-06-10aaa1f,"Single-player,Steam Achievements,Partial Controller Support,Steam Cloud,Family Sharing",Adventure,"Adventure,Investigation,Mystery,Visual Novel,Crime,Story Rich,2D,Detective,Pixel Graphics,Singleplayer,Text-Based,Choose Your Own Adventure,Great Soundtrack,Anime,Funny,Point & Click,Puzzle,Comedy,LGBTQ+"
1909750,Last Time I Saw You,2024-10-10,8.99,https://www.metacritic.com/game/pc/last-time-i-saw-you?ftag=MCD-06-10aaa1f,"Single-player,Steam Achievements,Full controller support,Custom Volume Controls,Keyboard Only Option,Playable without Timed Input,Stereo Sound,Steam Cloud,Family Sharing","Adventure,Casual,Indie","Anime,Narrative,Story Rich,Emotional,Exploration,Romance,1990's,Atmospheric,Hand-drawn,Stylized,1980s,Mystery,Conversation,Adventure,Linear,Supernatural,Singleplayer,Colorful,Casual,Indie"
1772830,Rusted Moss,2023-04-11,9.99,https://www.metacritic.com/game/pc/rusted-moss?ftag=MCD-06-10aaa1f,"Single-player,Steam Achievements,Full controller support,Steam Trading Cards,Steam Workshop,Steam Cloud,Family Sharing","Action,Indie","Platformer,Pixel Graphics,Action,Story Rich,Adventure,2D Platformer,Metroidvania,2D,Action-Adventure,Precision Platformer,Twin Stick Shooter,Difficult,Female Protagonist,Post-apocalyptic,Multiple Endings,Dystopian,Atmospheric,Dark,Indie,Retro"
1313140,Cult of the Lamb,2022-08-11,12.49,https://www.metacritic.com/game/pc/cult-of-the-lamb?ftag=MCD-06-10aaa1f,"Single-player,Multi-player,Co-op,Shared/Split Screen Co-op,Shared/Split Screen,Steam Achievements,Full controller support,Steam Trading Cards,Adjustable Text Size,Camera Comfort,Custom Volume Controls,Adjustable Difficulty,Playable without Timed Input,Subtitle Options,Steam Cloud,Remote Play Together,Family Sharing","Action,Adventure,Indie,Strategy","Base-Building,Cute,Action Roguelike,Singleplayer,Dungeon Crawler,Character Customization,Rogue-lite,Dark Humor,Colony Sim,Building,2D,Adventure,Action,Faith,Fantasy,Funny,Controller,Colorful,Strategy,Third Person"
1782120,ZERO Sievert,2024-10-23,13.99,https://www.metacritic.com/game/pc/zero-sievert?ftag=MCD-06-10aaa1f,"Single-player,Steam Achievements,Full controller support,Steam Workshop,Steam Cloud,Family Sharing","Action,Adventure,Indie","Extraction Shooter,Survival,Post-apocalyptic,Looter Shooter,Top-Down,Pixel Graphics,Shooter,Action,Open World,Singleplayer,Indie,Adventure,Exploration,Simulation,Loot,Early Access,Strategy,Atmospheric,Base-Building,Survival Horror"
1266030,The Pale Beyond,2023-02-24,3.99,https://www.metacritic.com/game/pc/the-pale-beyond?ftag=MCD-06-10aaa1f,"Single-player,Steam Achievements,Full controller support,Adjustable Text Size,Camera Comfort,Custom Volume Controls,Adjustable Difficulty,Keyboard Only Option,Mouse Only Option,Playable without Timed Input,Stereo Sound,Steam Cloud,Family Sharing","Adventure,Indie,RPG,Simulation,Strategy","Resource Management,Survival,Choices Matter,Simulation,Singleplayer,Story Rich,Adventure,Strategy,Narrative,Atmospheric,2D,Exploration,Unforgiving,Choose Your Own Adventure,Snow,Dark,Psychological,Hand-drawn,Interactive Fiction,Emotional"
1435790,Escape Simulator,2021-10-19,11.99,https://www.metacritic.com/game/pc/escape-simulator?ftag=MCD-06-10aaa1f,"Single-player,Multi-player,PvP,Online PvP,Co-op,Online Co-op,Cross-Platform Multiplayer,Steam Achievements,Full controller support,Tracked Controller Support,VR Supported,Steam Trading Cards,Steam Workshop,Steam Cloud,Stats,Includes level editor,Family Sharing","Adventure,Casual,Indie,Simulation","Puzzle,Co-op,Multiplayer,Escape Room,First-Person,Adventure,Online Co-Op,Mystery,Controller,Singleplayer,Family Friendly,Casual,Simulation,Indie,VR,Story Rich,Investigation,Point & Click,Exploration,Level Editor"
1876890,Wandering Sword,2023-09-14,18.74,https://www.metacritic.com/game/pc/wandering-sword?ftag=MCD-06-10aaa1f,"Single-player,Steam Achievements,Partial Controller Support,Steam Cloud,Family Sharing","Adventure,Indie,RPG,Strategy","RPG,Martial Arts,Pixel Graphics,Turn-Based,Story Rich,Open World,Adventure,Strategy,Singleplayer,2.5D,Drama,Turn-Based Combat,Swordplay,1990's,Foreign,Tactical,Turn-Based Strategy,Turn-Based Tactics,Action RPG,Silent Protagonist"
1692250,F1® 22,2022-07-01,0.0,https://www.metacritic.com/game/pc/f1-22?ftag=MCD-06-10aaa1f,"Single-player,Multi-player,PvP,Online PvP,LAN PvP,Shared/Split Screen PvP,Co-op,Online Co-op,LAN Co-op,Shared/Split Screen,Steam Achievements,Full controller support,VR Supported,Steam Workshop,In-App Purchases,Steam Cloud,Remote Play Together,HDR available,Family Sharing","Racing,Sports","Racing,Immersive Sim,VR,Sports,Driving,Automobile Sim,Controller,PvP,Multiplayer,Simulation,Realistic,Co-op,Online Co-Op,Singleplayer,Memes,Split Screen,Local Multiplayer,Action,Open World,Arcade"
2562900,Eden Genesis,2024-08-06,4.99,https://www.metacritic.com/game/pc/eden-genesis?ftag=MCD-06-10aaa1f,"Single-player,Multi-player,Cross-Platform Multiplayer,Steam Achievements,Full controller support,Steam Cloud,Family Sharing","Action,Adventure","Precision Platformer,Difficult,Cyberpunk,Platformer,Indie,2D Platformer,Female Protagonist,Singleplayer,2D,Story Rich,Adventure,Asynchronous Multiplayer,Puzzle-Platformer,Atmospheric,LGBTQ+,Action,Side Scroller,Soundtrack,Metroidvania,Hand-drawn"
2625550,Centum,2025-03-11,10.49,https://www.metacritic.com/game/pc/centum?ftag=MCD-06-10aaa1f,"Single-player,Steam Achievements,Full controller support,Family Sharing","Indie,RPG","Exploration,RPG,Dark Fantasy,Puzzle,2D,Singleplayer,Adventure,Gore,Point & Click,Visual Novel,Interactive Fiction,Choose Your Own Adventure,Atmospheric,Pixel Graphics,Horror,Philosophical,Psychological Horror,Psychological,Artificial Intelligence,Indie"
1940340,Darkest Dungeon® II,2023-05-08,12.39,https://www.metacritic.com/game/pc/darkest-dungeon-ii?ftag=MCD-06-10aaa1f,"Single-player,Steam Achievements,Full controller support,Steam Trading Cards,Steam Workshop,Steam Cloud,Family Sharing","Indie,RPG,Strategy","Turn-Based Tactics,Dungeon Crawler,Rogue-lite,Dark Fantasy,Lovecraftian,Singleplayer,Rogue-like,Perma Death,Turn-Based,CRPG,Story Rich,Turn-Based Combat,Party-Based RPG,2D,Gothic,Hand-drawn,RPG,Procedural Generation,Turn-Based Strategy,Stylized"
1849250,EA SPORTS™ WRC,2023-11-02,34.99,https://www.metacritic.com/game/pc/ea-sports-wrc?ftag=MCD-06-10aaa1f,"Single-player,Multi-player,PvP,Online PvP,Cross-Platform Multiplayer,Steam Achievements,Full controller support,VR Supported,Chat Speech-to-text,Chat Text-to-speech,Color Alternatives,Adjustable Difficulty,Keyboard Only Option,Playable without Timed Input,Stereo Sound,Surround Sound,Steam Cloud,HDR available","Racing,Simulation,Sports","Racing,Simulation,Automobile Sim,Sports,Offroad,Multiplayer,PvP,VR,Singleplayer,Early Access,Driving,Realistic"
2527390,Dead Rising Deluxe Remaster,2024-09-18,24.99,https://www.metacritic.com/game/pc/dead-rising-deluxe-remaster?ftag=MCD-06-10aaa1f,"Single-player,Steam Achievements,Full controller support,Steam Trading Cards,Steam Cloud,HDR available,Family Sharing","Action,Adventure","Action,Adventure,Zombies,Action-Adventure,Sandbox,Survival,Spectacle fighter,Horror,Dark,Dark Comedy,Time Management,Singleplayer,Sci-fi,Third Person,Gore,Cinematic,LGBTQ+,Cute,Multiple Endings,Funny"
758870,Kynseed,2022-12-06,6.24,https://www.metacritic.com/game/pc/kynseed?ftag=MCD-06-10aaa1f,"Single-player,Steam Achievements,Full controller support,Steam Cloud,Family Sharing","Adventure,Indie,RPG,Simulation","Farming Sim,Exploration,Sandbox,Life Sim,Crafting,RPG,Management,2D,Relaxing,Funny,Fantasy,Open World,Indie,Pixel Graphics,Simulation,Adventure,Singleplayer,Combat,Dark Fantasy,Farming"
1983260,Dungeons of Hinterberg,2024-07-18,7.81,https://www.metacritic.com/game/pc/dungeons-of-hinterberg?ftag=MCD-06-10aaa1f,"Single-player,Steam Achievements,Full controller support,Camera Comfort,Custom Volume Controls,Adjustable Difficulty,Keyboard Only Option,Save Anytime,Steam Cloud,Family Sharing","Action,Adventure,Indie,RPG","Relaxing,Puzzle,Exploration,Adventure,Singleplayer,Action,Dungeon Crawler,Atmospheric,Indie,PvE,Puzzle-Platformer,Platformer,Action RPG,Action-Adventure,Female Protagonist,3D,RPG,Story Rich,Wholesome,Magic"
1792250,Serious Sam: Siberian Mayhem,2022-01-25,9.99,https://www.metacritic.com/game/pc/serious-sam-siberian-mayhem?ftag=MCD-06-10aaa1f,"Single-player,Multi-player,Co-op,Online Co-op,Steam Achievements,Full controller support,Steam Trading Cards,Steam Workshop,Steam Cloud,Includes level editor,Family Sharing","Action,Adventure","Boomer Shooter,Action,Adventure,Shooter,First-Person,3D,Dark,Atmospheric,Old School,Horror,Sci-fi,Combat,Linear,Online Co-Op,FPS,Singleplayer,Fantasy,Demons,Co-op,Multiplayer"
1086940,Baldur's Gate 3,2023-08-03,44.99,https://www.metacritic.com/game/pc/baldurs-gate-3?ftag=MCD-06-10aaa1f,"Single-player,Multi-player,Co-op,Online Co-op,LAN Co-op,Cross-Platform Multiplayer,Steam Achievements,Full controller support,Steam Trading Cards,Adjustable Text Size,Camera Comfort,Color Alternatives,Custom Volume Controls,Adjustable Difficulty,Playable without Timed Input,Save Anytime,Stereo Sound,Subtitle Options,Surround Sound,Steam Cloud,Remote Play on TV,Remote Play Together,Family Sharing","Adventure,RPG,Strategy","RPG,Character Customization,Choices Matter,Story Rich,Turn-Based Combat,Dungeons & Dragons,CRPG,Fantasy,Adventure,Sexual Content,Romance,Online Co-Op,Multiplayer,Strategy,Singleplayer,Co-op Campaign,Nudity,Class-Based,Dark Fantasy,Combat"
3598130,Big Rigs: Over the Road Racing,2025-04-08,2.39,https://www.metacritic.com/game/pc/big-rigs-over-the-road-racing?ftag=MCD-06-10aaa1f,"Single-player,Steam Achievements,Steam Trading Cards,Playable without Timed Input,Stereo Sound,Stats,Steam Leaderboards,Family Sharing","Action,Adventure,Racing","Psychological Horror,Racing,Memes,Automobile Sim,Hentai,Sexual Content,Realistic,Driving,Transportation,Simulation,Vehicular Combat,Funny,Immersive Sim,Physics,Family Friendly,Third Person,Adventure,Sports,Singleplayer,Casual"
789940,UNYIELDER,2025-09-29,19.99,https://www.metacritic.com/game/pc/unyielder?ftag=MCD-06-10aaa1f,"Single-player,Steam Achievements,Steam Leaderboards,Family Sharing","Action,Indie,RPG",
2807960,Battlefield™ 6,2025-10-10,48.99,https://www.metacritic.com/game/pc/battlefield-6?ftag=MCD-06-10aaa1f,"Single-player,Multi-player,PvP,Online PvP,Cross-Platform Multiplayer,Steam Achievements,Full controller support,In-App Purchases,Camera Comfort,Chat Speech-to-text,Chat Text-to-speech,Color Alternatives,Custom Volume Controls,Adjustable Difficulty,Keyboard Only Option,Playable without Timed Input,Stereo Sound,Subtitle Options,Surround Sound,Steam Cloud,HDR available",Action,
757310,Sable,2021-09-23,7.49,https://www.metacritic.com/game/pc/sable?ftag=MCD-06-10aaa1f,"Single-player,Steam Achievements,Full controller support,Steam Cloud,Family Sharing","Adventure,Indie,RPG","Atmospheric,Exploration,Story Rich,Female Protagonist,Adventure,Choose Your Own Adventure,Open World,Singleplayer,Multiple Endings,Choices Matter,Puzzle,Stylized,Relaxing,3D Platformer,Platformer,Sci-fi,Puzzle-Platformer,RPG,Comic Book,Hand-drawn"
2273430,BlazBlue Entropy Effect,2024-02-14,14.99,https://www.metacritic.com/game/pc/blazblue-entropy-effect?ftag=MCD-06-10aaa1f,"Single-player,Multi-player,Co-op,Online Co-op,LAN Co-op,Shared/Split Screen Co-op,Shared/Split Screen,Steam Achievements,Full controller support,Steam Cloud,Family Sharing","Action,Adventure,Indie","Action Roguelike,Action-Adventure,2D,Action,Platformer,Replay Value,Pixel Graphics,Post-apocalyptic,Cyberpunk,Anime,Procedural Generation,Indie,Story Rich,2D Fighter,Hack and Slash,Multiple Endings,Singleplayer,Adventure,2D Platformer,Precision Platformer"
2542120,NINJA GAIDEN: Ragebound,2025-07-31,18.74,https://www.metacritic.com/game/pc/ninja-gaiden-ragebound?ftag=MCD-06-10aaa1f,"Single-player,Steam Achievements,Full controller support,Steam Cloud,Family Sharing","Action,Adventure,Indie",
1336180,Floodland,2022-11-15,3.99,https://www.metacritic.com/game/pc/floodland?ftag=MCD-06-10aaa1f,"Single-player,Steam Achievements,Steam Workshop,Steam Cloud,Family Sharing","Simulation,Strategy","Strategy,Post-apocalyptic,Colony Sim,Survival,Exploration,City Builder,Resource Management,Choices Matter,Political Sim,Crafting,Atmospheric,Colorful,Stylized,Narration,Tutorial,Immersive Sim,Singleplayer,3D Vision,Grand Strategy,Farming Sim"
841190,"Honey, I Joined a Cult",2022-11-03,5.49,https://www.metacritic.com/game/pc/honey-i-joined-a-cult?ftag=MCD-06-10aaa1f,"Single-player,Steam Cloud,Family Sharing","Casual,Indie,Simulation,Strategy","Simulation,Base-Building,Resource Management,Management,Illuminati,Strategy,Sandbox,Funny,Faith,Comedy,Building,Political Sim,Colony Sim,Singleplayer,Pixel Graphics,Psychological,God Game,Dark Humor,2D,Dark Comedy"
1132910,ITORAH,2022-03-21,1.99,https://www.metacritic.com/game/pc/itorah?ftag=MCD-06-10aaa1f,"Single-player,Steam Achievements,Full controller support,Family Sharing","Action,Adventure,Indie","2D Platformer,Metroidvania,Female Protagonist,Indie,Platformer,Exploration,Hand-drawn,Colorful,Action,Adventure,Arcade,Action-Adventure,Side Scroller,Interactive Fiction,Anime,2.5D,2D,Cute,Singleplayer,Story Rich"
2071280,Ravenswatch,2024-09-26,12.49,https://www.metacritic.com/game/pc/ravenswatch?ftag=MCD-06-10aaa1f,"Single-player,Multi-player,Co-op,Online Co-op,Full controller support,Steam Cloud,Family Sharing","Action,Adventure","Rogue-like,Co-op,Action Roguelike,Action,Multiplayer,Online Co-Op,Rogue-lite,Singleplayer,Difficult,Indie,Adventure,Hack and Slash,RPG,Top-Down,Atmospheric,Replay Value,Dark Fantasy,Dark,Isometric,Early Access"
737520,Flynn: Son of Crimson,2021-09-15,5.99,https://www.metacritic.com/game/pc/flynn-son-of-crimson?ftag=MCD-06-10aaa1f,"Single-player,Steam Achievements,Full controller support,Steam Cloud,Family Sharing","Action,Adventure,Indie","Adventure,Indie,Action,2D,Pixel Graphics,Platformer,Action-Adventure,Fantasy,Side Scroller,Singleplayer,Action RPG,Atmospheric,Casual,Combat,GameMaker,Beat 'em up,Fast-Paced,Difficult,Zombies,Metroidvania"
3070390,Master Lemon: The Quest for Iceland,2025-11-04,11.24,https://www.metacritic.com/game/pc/master-lemon-the-quest-for-iceland?ftag=MCD-06-10aaa1f,"Single-player,Steam Achievements,Full controller support,Steam Cloud,Family Sharing","Adventure,Indie",
2366970,Arco,2024-08-15,11.99,https://www.metacritic.com/game/pc/arco?ftag=MCD-06-10aaa1f,"Single-player,Steam Achievements,Full controller support,Steam Trading Cards,Steam Cloud,Family Sharing","Action,Indie,Strategy","RPG,Turn-Based Strategy,Action-Adventure,Story Rich,Turn-Based Combat,Pixel Graphics,Choices Matter,Exploration,Adventure,Strategy,Conversation,Choose Your Own Adventure,Atmospheric,Fantasy,Turn-Based Tactics,Nonlinear,Dark,Bullet Time,Soundtrack,Western"
985900,Young Souls,2022-03-10,7.49,https://www.metacritic.com/game/pc/young-souls?ftag=MCD-06-10aaa1f,"Single-player,Multi-player,Co-op,Shared/Split Screen Co-op,Shared/Split Screen,Steam Achievements,Full controller support,Steam Cloud,Remote Play Together,Family Sharing","Action,Adventure,Indie,RPG","Action RPG,Hack and Slash,Beat 'em up,Co-op Campaign,Dynamic Narration,Co-op,Dungeon Crawler,RPG,Story Rich,Character Customization,Fighting,Side Scroller,Atmospheric,2D,Action,Souls-like,Cartoon,Colorful,Loot,Fantasy"
1105670,The Last Spell,2023-03-09,9.99,https://www.metacritic.com/game/pc/the-last-spell?ftag=MCD-06-10aaa1f,"Single-player,Steam Achievements,Steam Trading Cards,Adjustable Text Size,Camera Comfort,Custom Volume Controls,Adjustable Difficulty,Partial Controller Support,Steam Cloud,Family Sharing","Action,Indie,RPG,Strategy","Strategy,Singleplayer,Turn-Based Strategy,RPG,Turn-Based Tactics,Tactical,Turn-Based Combat,Turn-Based,Tactical RPG,Strategy RPG,2D,Dark Fantasy,Pixel Graphics,Perma Death,Rogue-lite,Tower Defense,Base-Building,Post-apocalyptic,Fantasy,Rogue-like"
1226670,Rosewater,2025-03-27,15.99,https://www.metacritic.com/game/pc/rosewater?ftag=MCD-06-10aaa1f,"Single-player,Steam Achievements,Steam Trading Cards,Color Alternatives,Custom Volume Controls,Mouse Only Option,Playable without Timed Input,Save Anytime,Stereo Sound,Subtitle Options,Steam Cloud,Family Sharing","Adventure,Indie","Adventure,Western,Point & Click,Alternate History,Female Protagonist,Indie,Puzzle,2D,Third Person,Pixel Graphics,Atmospheric,Dark Humor,Drama,Mystery,Story Rich,Choices Matter,Singleplayer,Retro,Cinematic,Colorful"
1611910,"Warhammer 40,000: Chaos Gate - Daemonhunters",2022-05-05,8.99,https://www.metacritic.com/game/pc/warhammer-40000-chaos-gate---daemonhunters?ftag=MCD-06-10aaa1f,"Single-player,Steam Achievements,Full controller support,Steam Trading Cards,Steam Cloud,Family Sharing","RPG,Strategy","Warhammer 40K,Turn-Based Strategy,Turn-Based Tactics,Strategy RPG,Tactical,Choices Matter,Strategy,Character Customization,PvE,3D,Turn-Based Combat,Third Person,Story Rich,Dark Fantasy,Stylized,Sci-fi,RPG,Demons,Tactical RPG,Futuristic"
2958130,Jurassic World Evolution 3,2025-10-21,47.99,https://www.metacritic.com/game/pc/jurassic-world-evolution-3?ftag=MCD-06-10aaa1f,"Single-player,Steam Achievements,Full controller support,Steam Trading Cards,Camera Comfort,Color Alternatives,Custom Volume Controls,Playable without Timed Input,Save Anytime,Stereo Sound,Subtitle Options,Surround Sound,Steam Cloud,HDR available,Family Sharing","Simulation,Strategy",
1291860,Rough Justice: '84,2023-03-13,4.99,https://www.metacritic.com/game/pc/rough-justice-84?ftag=MCD-06-10aaa1f,"Single-player,Steam Achievements,Steam Trading Cards,Partial Controller Support,Family Sharing","Adventure,Casual,Indie,Simulation,Strategy","Investigation,Time Management,1980s,Stylized,Board Game,Strategy,Noir,Indie,Detective,Isometric,Management,Story Rich,Narration,Singleplayer,America,Adventure,Simulation,Atmospheric,Visual Novel,Interactive Fiction"
2278790,Grapple Dogs: Cosmic Canines,2024-09-12,8.99,https://www.metacritic.com/game/pc/grapple-dogs-cosmic-canines?ftag=MCD-06-10aaa1f,"Single-player,Steam Achievements,Full controller support,Steam Cloud,Family Sharing","Action,Adventure","2D Platformer,Pixel Graphics,Colorful,Dog,Collectathon,Platformer,Action,2D,Adventure,Arcade,Cartoony,Cute,Family Friendly,Singleplayer,Difficult,Female Protagonist,Indie,Retro,Precision Platformer,Comedy"
2679460,Metaphor: ReFantazio,2024-10-10,34.99,https://www.metacritic.com/game/pc/metaphor-refantazio?ftag=MCD-06-10aaa1f,"Single-player,Steam Achievements,Full controller support,Steam Trading Cards,Camera Comfort,Adjustable Difficulty,Keyboard Only Option,Playable without Timed Input,Stereo Sound,Surround Sound,Steam Cloud,Family Sharing","Action,Adventure,RPG","RPG,JRPG,Turn-Based Combat,Anime,Story Rich,Adventure,Time Management,Singleplayer,Turn-Based Strategy,Dark Fantasy,Party-Based RPG,Action RPG,Fantasy,Third Person,Colorful,Strategy RPG,Strategy,Choose Your Own Adventure,Turn-Based Tactics,3D"
333640,Caves of Qud,2024-12-05,23.99,https://www.metacritic.com/game/pc/caves-of-qud?ftag=MCD-06-10aaa1f,"Single-player,Steam Achievements,Full controller support,Steam Workshop,Steam Cloud,Steam Leaderboards,Includes level editor,Family Sharing","Adventure,Indie,RPG,Strategy","Procedural Generation,Turn-Based Combat,Open World,Turn-Based,Transhumanism,Sci-fi,Replay Value,Traditional Roguelike,Rogue-like,Story Rich,RPG,Character Customization,Survival,Pixel Graphics,Atmospheric,CRPG,Difficult,Moddable,Singleplayer,Choices Matter"
1426010,STASIS: BONE TOTEM,2023-05-31,7.99,https://www.metacritic.com/game/pc/stasis-bone-totem?ftag=MCD-06-10aaa1f,"Single-player,Steam Achievements,Full controller support,Steam Trading Cards,Adjustable Text Size,Color Alternatives,Custom Volume Controls,Mouse Only Option,Playable without Timed Input,Save Anytime,Subtitle Options,Steam Cloud,Family Sharing","Adventure,Indie","Point & Click,Adventure,Isometric,Puzzle,Psychological Horror,Horror,Story Rich,2.5D,Sci-fi,Exploration,Submarine,FMV,Atmospheric,Investigation,Conversation,Cinematic,1980s,Survival Horror,Aliens,Singleplayer"
1919470,Atari 50: The Anniversary Celebration,2022-11-11,17.99,https://www.metacritic.com/game/pc/atari-50-the-anniversary-celebration?ftag=MCD-06-10aaa1f,"Single-player,Multi-player,PvP,Shared/Split Screen PvP,Co-op,Shared/Split Screen Co-op,Shared/Split Screen,Steam Achievements,Steam Trading Cards,Partial Controller Support,Steam Cloud,Remote Play Together,Family Sharing","Action,Adventure,Casual","Retro,1980s,Shoot 'Em Up,Education,Arcade,PvP,2D,Local Multiplayer,Historical,Exploration,Action,Controller,Narration,Software,Voxel,Casual,Colorful,Pixel Graphics,Score Attack,Stylized"
2169200,Sniper Elite: Resistance,2025-01-30,29.99,https://www.metacritic.com/game/pc/sniper-elite-resistance?ftag=MCD-06-10aaa1f,"Single-player,Multi-player,PvP,Online PvP,Co-op,Online Co-op,Cross-Platform Multiplayer,Steam Achievements,Steam Trading Cards,Adjustable Text Size,Camera Comfort,Color Alternatives,Adjustable Difficulty,Keyboard Only Option,Playable without Timed Input,Save Anytime,Subtitle Options,Surround Sound,Partial Controller Support,Steam Cloud,HDR available,Family Sharing","Action,Adventure","Action,Adventure,Third-Person Shooter,Singleplayer,Action-Adventure,Multiplayer,Third Person,War,Sniper,World War II,Violent,Gore,Stealth,Co-op,Shooter,Military"
1904480,Absolum,2025-10-09,19.99,https://www.metacritic.com/game/pc/absolum?ftag=MCD-06-10aaa1f,"Single-player,Multi-player,Co-op,Online Co-op,Shared/Split Screen Co-op,Shared/Split Screen,Steam Achievements,Full controller support,Custom Volume Controls,Adjustable Difficulty,Keyboard Only Option,Playable without Timed Input,Save Anytime,Stereo Sound,Subtitle Options,Steam Cloud,Family Sharing","Action,Adventure,Indie,RPG",
2370000,Lumines Arise,2025-11-11,31.99,https://www.metacritic.com/game/pc/lumines-arise?ftag=MCD-06-10aaa1f,"Single-player,Multi-player,PvP,Online PvP,Shared/Split Screen PvP,Shared/Split Screen,Cross-Platform Multiplayer,Steam Achievements,Full controller support,VR Supported,Steam Cloud,Remote Play Together,Family Sharing",Casual,
2292260,STAR WARS™: Dark Forces Remaster,2024-02-28,16.49,https://www.metacritic.com/game/pc/star-wars-dark-forces-remaster?ftag=MCD-06-10aaa1f,"Single-player,Steam Achievements,Full controller support,Steam Cloud,Family Sharing",Action,"Boomer Shooter,Exploration,FPS,Shooter,First-Person,Story Rich,Action,Sci-fi,Space,Atmospheric,Adventure,1990's,Old School,Retro,Combat,Singleplayer,Classic,Great Soundtrack,Remake,Cult Classic"
1161580,Hardspace: Shipbreaker,2022-05-24,10.49,https://www.metacritic.com/game/pc/hardspace-shipbreaker?ftag=MCD-06-10aaa1f,"Single-player,Steam Achievements,Full controller support,Steam Trading Cards,Steam Cloud,Family Sharing",Simulation,"Space,Sci-fi,Simulation,Physics,Singleplayer,Destruction,Sandbox,Puzzle,First-Person,Space Sim,Strategy,Futuristic,Dystopian,Building,Early Access,Procedural Generation,Open World,Relaxing,Action,Great Soundtrack"
1674920,Sovereign Syndicate,2024-01-15,7.99,https://www.metacritic.com/game/pc/sovereign-syndicate?ftag=MCD-06-10aaa1f,"Single-player,Steam Achievements,Full controller support,Adjustable Text Size,Color Alternatives,Custom Volume Controls,Playable without Timed Input,Stereo Sound,Subtitle Options,Surround Sound,Steam Cloud,Family Sharing",RPG,"RPG,Singleplayer,CRPG,Isometric,Story Rich,Steampunk,Choices Matter,Deckbuilding,Character Customization,Atmospheric,Open World,Choose Your Own Adventure,Point & Click,Tabletop,Card Game,Visual Novel,Dwarf,Alternate History,Dark Fantasy,Mystery"
3399980,Down the Rabbit Hole Flattened,2025-06-18,0.0,https://www.metacritic.com/game/pc/down-the-rabbit-hole?ftag=MCD-06-10aaa1f,Single-player,"Adventure,Indie,Free To Play",
1004370,Paper Cut Mansion,2022-10-27,1.19,https://www.metacritic.com/game/pc/paper-cut-mansion?ftag=MCD-06-10aaa1f,"Single-player,Steam Achievements,Full controller support,Steam Cloud,Family Sharing","Adventure,Indie","Indie,Adventure,Survival Horror,Rogue-lite,Puzzle,Dark Fantasy,Thriller,Exploration,Stylized,Singleplayer,Great Soundtrack,Mystery,Hand-drawn,Atmospheric,3D,Story Rich,Replay Value"
1346020,Wargroove 2,2023-10-05,11.99,https://www.metacritic.com/game/pc/wargroove-2?ftag=MCD-06-10aaa1f,"Single-player,Multi-player,PvP,Online PvP,Shared/Split Screen PvP,Co-op,Online Co-op,Shared/Split Screen Co-op,Shared/Split Screen,Steam Achievements,Full controller support,Steam Trading Cards,Steam Cloud,Includes level editor,Remote Play Together,Family Sharing",Strategy,"Singleplayer,PvP,Asynchronous Multiplayer,Turn-Based Strategy,Pixel Graphics,Local Co-Op,Multiplayer,Strategy,Fantasy,Strategy RPG,Turn-Based Tactics,Rogue-like,Family Friendly,Co-op,Tactical RPG,Puzzle,Wargame,Local Multiplayer,2D,Colorful"
1941540,Mafia: The Old Country,2025-08-07,44.99,https://www.metacritic.com/game/pc/mafia-the-old-country?ftag=MCD-06-10aaa1f,"Single-player,Steam Achievements,Full controller support,Steam Trading Cards,Adjustable Text Size,Camera Comfort,Color Alternatives,Custom Volume Controls,Adjustable Difficulty,Stereo Sound,Subtitle Options,Surround Sound,HDR available,Family Sharing","Action,Adventure",
1486920,Tempest Rising,2025-04-24,29.99,https://www.metacritic.com/game/pc/tempest-rising?ftag=MCD-06-10aaa1f,"Single-player,Multi-player,PvP,Online PvP,Steam Achievements,Steam Trading Cards,Steam Cloud,Family Sharing","Action,Strategy","RTS,Strategy,Base-Building,Singleplayer,Multiplayer,Isometric,3D,Real-Time,War,Action,PvP,Action RTS,Great Soundtrack,Military,Wargame,Futuristic,FMV,Cinematic,Top-Down,Modern"
1627570,The Plucky Squire,2024-09-17,14.99,https://www.metacritic.com/game/pc/the-plucky-squire?ftag=MCD-06-10aaa1f,"Single-player,Steam Achievements,Full controller support,Steam Cloud,Family Sharing",Adventure,"Adventure,3D Platformer,Action-Adventure,2D Platformer,Puzzle-Platformer,2D,3D,Cartoony,Cute,Family Friendly,Singleplayer,Fantasy,Controller,Combat,Indie,Multiplayer,Platformer"
917720,Gamedec - Definitive Edition,2021-09-16,8.99,https://www.metacritic.com/game/pc/gamedec?ftag=MCD-06-10aaa1f,"Single-player,Steam Achievements,Adjustable Text Size,Color Alternatives,Custom Volume Controls,Adjustable Difficulty,Mouse Only Option,Save Anytime,Stereo Sound,Subtitle Options,Partial Controller Support,Steam Cloud,Family Sharing","Adventure,Indie,RPG","Singleplayer,Story Rich,Cyberpunk,Exploration,RPG,Choices Matter,Adventure,Nonlinear,Atmospheric,Mystery,Multiple Endings,Visual Novel,Lore-Rich,Noir,Isometric,CRPG,Investigation,Text-Based,Point & Click,Detective"
1062810,Inkbound,2024-04-09,8.99,https://www.metacritic.com/game/pc/inkbound?ftag=MCD-06-10aaa1f,"Single-player,Multi-player,Co-op,Online Co-op,Steam Achievements,Full controller support,Steam Trading Cards,Camera Comfort,Custom Volume Controls,Mouse Only Option,Playable without Timed Input,Steam Cloud,Family Sharing","Action,Indie,Massively Multiplayer,RPG,Simulation,Strategy","Tactical RPG,Turn-Based Tactics,Rogue-lite,PvE,Rogue-like,Strategy RPG,Online Co-Op,Turn-Based Strategy,RPG,Character Customization,Strategy,Third Person,Lore-Rich,Turn-Based Combat,Choices Matter,Colorful,Procedural Generation,Loot,3D,Fantasy"
1693980,Dead Space,2023-01-27,8.99,https://www.metacritic.com/game/pc/dead-space?ftag=MCD-06-10aaa1f,"Single-player,Steam Achievements,Full controller support,Camera Comfort,Color Alternatives,Custom Volume Controls,Adjustable Difficulty,Keyboard Only Option,Stereo Sound,Subtitle Options,Surround Sound,Steam Cloud,HDR available,Family Sharing","Action,Adventure","Horror,Third-Person Shooter,Sci-fi,Space,Survival Horror,Psychological Horror,Shooter,Action-Adventure,Singleplayer,Third Person,Atmospheric,Action,Survival,Remake,Aliens,Dark,Violent,Adventure,Combat,Blood"
964800,Prodeus,2022-09-23,14.99,https://www.metacritic.com/game/pc/prodeus?ftag=MCD-06-10aaa1f,"Single-player,Multi-player,PvP,Online PvP,Co-op,Online Co-op,Full controller support,Includes level editor,Family Sharing","Action,Adventure,Casual,Indie","Boomer Shooter,FPS,Retro,Gore,Action,Shooter,Indie,Violent,Adventure,First-Person,Fast-Paced,Pixel Graphics,Great Soundtrack,Sci-fi,Singleplayer,Casual,Classic,Level Editor,Horror,Arena Shooter"
1252830,A Juggler's Tale,2021-09-29,2.69,https://www.metacritic.com/game/pc/a-jugglers-tale?ftag=MCD-06-10aaa1f,"Single-player,Steam Achievements,Full controller support,Steam Cloud,Family Sharing","Action,Adventure,Indie","Atmospheric,Fantasy,Story Rich,Puzzle-Platformer,Platformer,Narration,Female Protagonist,Medieval,Physics,Adventure,Singleplayer,Indie,Side Scroller,2.5D,Short,Exploration,Cinematic,Wholesome,Well-Written,Action"
1540350,The Fabulous Fear Machine,2023-10-04,8.99,https://www.metacritic.com/game/pc/the-fabulous-fear-machine?ftag=MCD-06-10aaa1f,"Single-player,Steam Achievements,Steam Trading Cards,Custom Volume Controls,Adjustable Difficulty,Mouse Only Option,Playable without Timed Input,Steam Cloud,Family Sharing","Indie,Simulation,Strategy","Outbreak Sim,Horror,Indie,Simulation,Strategy,2D,Story Rich,Difficult,Singleplayer,Choices Matter,Top-Down,Strategy RPG,Psychological Horror,Atmospheric,Conspiracy,Stylized,Management,Dark Humor,Villain Protagonist,Card Game"
1675830,1000xRESIST,2024-05-09,13.39,https://www.metacritic.com/game/pc/1000xresist?ftag=MCD-06-10aaa1f,"Single-player,Steam Achievements,Full controller support,Adjustable Text Size,Custom Volume Controls,Playable without Timed Input,Save Anytime,Stereo Sound,Steam Cloud,Family Sharing","Adventure,Indie","Female Protagonist,Thriller,Futuristic,Post-apocalyptic,3D,Story Rich,Sci-fi,Walking Simulator,Psychological Horror,Visual Novel,Anime,Narrative,Cinematic,Atmospheric,Multiple Endings,Mystery,Exploration,Surreal,Experimental,Aliens"
2212670,MakeRoom,2025-08-07,7.99,https://www.metacritic.com/game/pc/makeroom?ftag=MCD-06-10aaa1f,"Single-player,Steam Achievements,Full controller support,Steam Workshop,Adjustable Text Size,Camera Comfort,Custom Volume Controls,Mouse Only Option,Save Anytime,Touch Only Option,Family Sharing","Casual,Indie,Simulation",
2366980,Thank Goodness You're Here!,2024-08-01,11.99,https://www.metacritic.com/game/pc/thank-goodness-youre-here!?ftag=MCD-06-10aaa1f,"Single-player,Steam Achievements,Full controller support,Family Sharing","Adventure,Casual,Indie","Adventure,Comedy,Funny,Hand-drawn,Exploration,Casual,2D Platformer,Platformer,Indie,2D,Short,Side Scroller,Cartoon,Singleplayer,Colorful,Cartoony,Puzzle,Open World,Cinematic,Puzzle-Platformer"
2677660,Indiana Jones and the Great Circle,2024-12-08,48.99,https://www.metacritic.com/game/pc/indiana-jones-and-the-great-circle?ftag=MCD-06-10aaa1f,"Single-player,Steam Achievements,Full controller support,Steam Trading Cards,Captions available,Color Alternatives,Custom Volume Controls,Adjustable Difficulty,Playable without Timed Input,Surround Sound,Steam Cloud,HDR available,Family Sharing","Action,Adventure","Action-Adventure,First-Person,Story Rich,Puzzle,Singleplayer,Adventure,Exploration,Stealth,Historical,Action,World War II,Open World,Investigation,3D Platformer,Platformer,Realistic,3D,Immersive Sim,Political,Politics"
1436920,Tandem: A Tale of Shadows,2021-10-20,2.99,https://www.metacritic.com/game/pc/tandem-a-tale-of-shadows?ftag=MCD-06-10aaa1f,"Single-player,Steam Achievements,Full controller support,Family Sharing","Action,Adventure,Indie","Indie,Puzzle-Platformer,Puzzle,Platformer,Female Protagonist,Top-Down,Singleplayer,Action,Colorful,Stylized,Lore-Rich,Mystery,2D,Adventure,2D Platformer,Action-Adventure,3D Platformer,3D,Investigation,Fantasy"
2864560,Rune Factory: Guardians of Azuma,2025-06-04,38.99,https://www.metacritic.com/game/pc/rune-factory-guardians-of-azuma?ftag=MCD-06-10aaa1f,"Single-player,Steam Achievements,Full controller support,Steam Trading Cards,Steam Cloud,Family Sharing","Action,Adventure,RPG",
1330470,F.I.S.T.: Forged In Shadow Torch,2021-10-02,4.79,https://www.metacritic.com/game/pc/fist-forged-in-shadow-torch?ftag=MCD-06-10aaa1f,"Single-player,Steam Achievements,Full controller support,Family Sharing","Action,Adventure,Indie,RPG,Simulation,Sports","Metroidvania,Platformer,Action,Steampunk,Adventure,2D Platformer,Singleplayer,Story Rich,Exploration,Action-Adventure,Retro,Linear,Indie,2.5D,Combat,3D Vision,Simulation,Old School,Third Person,Stylized"
1295660,Sid Meier's Civilization VII,2025-02-10,45.49,https://www.metacritic.com/game/pc/sid-meiers-civilization-vii?ftag=MCD-06-10aaa1f,"Single-player,Multi-player,PvP,Online PvP,LAN PvP,Cross-Platform Multiplayer,Steam Achievements,Full controller support,Steam Trading Cards,Steam Workshop,Adjustable Text Size,Camera Comfort,Chat Text-to-speech,Color Alternatives,Custom Volume Controls,Adjustable Difficulty,Mouse Only Option,Narrated Game Menus,Playable without Timed Input,Save Anytime,Stereo Sound,Surround Sound,Touch Only Option,HDR available,Family Sharing","Simulation,Strategy","Grand Strategy,Historical,4X,Diplomacy,Military,Simulation,Multiplayer,Economy,War,Strategy,Turn-Based Tactics,City Builder,Tactical,Alternate History,Singleplayer,Hex Grid,Political Sim,Stylized,Turn-Based Strategy,PvP"
2922410,Achilles: Survivor,2025-07-29,4.89,https://www.metacritic.com/game/pc/achilles-survivor?ftag=MCD-06-10aaa1f,"Single-player,Steam Achievements,Full controller support,Steam Trading Cards,Steam Cloud,Family Sharing","Action,Adventure","Action Roguelike,Bullet Hell,Rogue-lite,Mythology,Singleplayer,Top-Down,Rogue-like,PvE,Action,Arcade,Dark Fantasy,Score Attack,Dark,3D,Combat,Controller,Survival,Early Access,Action RPG,Casual"
1689620,BLEACH Rebirth of Souls,2025-03-20,35.99,https://www.metacritic.com/game/pc/bleach-rebirth-of-souls?ftag=MCD-06-10aaa1f,"Single-player,Multi-player,PvP,Online PvP,Shared/Split Screen PvP,Shared/Split Screen,Steam Achievements,Full controller support,Steam Cloud,Family Sharing",Action,"Action,Anime,3D Fighter,3D,Swordplay,PvP,Comic Book,Multiplayer,Combat,Singleplayer,Dark Fantasy,Story Rich,PvE,Fighting,Drama,Great Soundtrack,Souls-like,Female Protagonist,Open World"
1218210,Coromon,2022-03-31,4.99,https://www.metacritic.com/game/pc/coromon?ftag=MCD-06-10aaa1f,"Single-player,Multi-player,PvP,Online PvP,Cross-Platform Multiplayer,Steam Achievements,Steam Trading Cards,Partial Controller Support,Family Sharing","Adventure,Indie,RPG,Strategy","Creature Collector,Exploration,JRPG,Collectathon,Turn-Based,Turn-Based Combat,PvP,Character Customization,Strategy,2D,Pixel Graphics,RPG,Story Rich,Adventure,Cute,Multiplayer,Colorful,Retro,Anime,Difficult"
960040,Clash of Chefs VR,2021-09-16,9.99,https://www.metacritic.com/game/pc/clash-of-chefs-vr?ftag=MCD-06-10aaa1f,"Single-player,Multi-player,PvP,Online PvP,Co-op,Online Co-op,Cross-Platform Multiplayer,Steam Achievements,Tracked Controller Support,VR Only,Family Sharing","Casual,Indie,Simulation","Casual,Simulation,Indie,VR,Multiplayer,Early Access,Singleplayer,Action,Arcade,Comedy,Family Friendly,Management,Funny,PvP,Physics,6DOF,Competitive,Asynchronous Multiplayer,Sports,Cooking"
914890,Nine Noir Lives,2022-09-07,4.99,https://www.metacritic.com/game/pc/nine-noir-lives?ftag=MCD-06-10aaa1f,"Single-player,Steam Achievements,Steam Cloud,Family Sharing","Adventure,Indie","Point & Click,Comedy,2D,Noir,Cute,Detective,Relaxing,Funny,Story Rich,Puzzle,Cartoony,Hand-drawn,Cats,Family Friendly,Mystery,Adventure,Singleplayer,Indie,Colorful,Conversation"
1708010,The Expanse: A Telltale Series,2023-11-20,7.49,https://www.metacritic.com/game/pc/the-expanse-a-telltale-series?ftag=MCD-06-10aaa1f,"Single-player,Steam Achievements,Partial Controller Support,Family Sharing","Adventure,RPG","Adventure,RPG,Choose Your Own Adventure,Action-Adventure,Choices Matter,Exploration,Sci-fi,Space,3D,Third Person,Female Protagonist,Drama,Violent,Gore,Story Rich,Singleplayer,Multiple Endings,LGBTQ+,Mature"
1575830,ArcRunner,2023-04-27,7.99,https://www.metacritic.com/game/pc/arcrunner?ftag=MCD-06-10aaa1f,"Single-player,Multi-player,Co-op,Online Co-op,Steam Achievements,Full controller support,Steam Trading Cards,Steam Cloud,Family Sharing","Action,Indie","Action Roguelike,Cyberpunk,Third-Person Shooter,Shooter,Third Person,Online Co-Op,Sci-fi,Rogue-lite,Co-op,Action,Multiplayer,Futuristic,Gun Customization,Procedural Generation,PvE,Singleplayer,Indie,Robots,3D,Controller"
1758910,Time Commando,2021-10-09,1.19,https://www.metacritic.com/game/pc/time-commando?ftag=MCD-06-10aaa1f,"Single-player,Family Sharing",Action,"Beat 'em up,Combat,1990's,Side Scroller,Martial Arts,2.5D,Historical,Swordplay,Action,World War I,Rome,Western,Pirates,Ninja,Sci-fi,World War II,Medieval,War,Futuristic,Singleplayer"
1456880,ElecHead,2021-10-14,4.99,https://www.metacritic.com/game/pc/elechead?ftag=MCD-06-10aaa1f,"Single-player,Steam Achievements,Full controller support,Family Sharing","Action,Adventure,Indie","Puzzle-Platformer,Puzzle,Platformer,Pixel Graphics,Linear,Action,Retro,Adventure,Singleplayer,Indie,2D,2D Platformer,Minimalist,Robots,Cute,Controller"
1097130,Circuit Superstars,2023-10-31,8.99,https://www.metacritic.com/game/pc/circuit-superstars?ftag=MCD-06-10aaa1f,"Single-player,Multi-player,PvP,Online PvP,Shared/Split Screen PvP,Shared/Split Screen,Cross-Platform Multiplayer,Steam Achievements,Full controller support,Remote Play on TV,Remote Play Together,Family Sharing","Action,Casual,Indie,Racing,Simulation,Sports","Racing,Controller,Top-Down,Driving,Automobile Sim,Multiplayer,Cute,Local Multiplayer,Arcade,Indie,e-sports,Sports,Singleplayer,Split Screen,Retro,4 Player Local,Physics,3D,Wholesome,Stylized"
1097350,Weird West: Definitive Edition,2022-03-31,5.99,https://www.metacritic.com/game/pc/weird-west?ftag=MCD-06-10aaa1f,"Single-player,Steam Achievements,Full controller support,Family Sharing","Action,Adventure,Indie,RPG,Simulation","Western,Isometric,RPG,Immersive Sim,Story Rich,Atmospheric,Action,Tactical RPG,Stealth,Dark Fantasy,Multiple Endings,Action RPG,Supernatural,Choices Matter,Indie,Top-Down,Violent,Singleplayer,Adventure,Dark"
1977170,Jusant,2023-10-31,11.24,https://www.metacritic.com/game/pc/jusant?ftag=MCD-06-10aaa1f,"Single-player,Steam Achievements,Full controller support,Steam Cloud,Family Sharing","Action,Adventure,Indie","Atmospheric,Parkour,Action-Adventure,Puzzle,Action,Soundtrack,Exploration,Adventure,Nature,3D Platformer,Cute,Platformer,Fantasy,Third Person,3D,Relaxing,Colorful,Narration,Singleplayer,Cinematic"
2591280,F1® Manager 2024,2024-07-23,8.74,https://www.metacritic.com/game/pc/f1-manager-2024?ftag=MCD-06-10aaa1f,"Single-player,Steam Achievements,Steam Trading Cards,Partial Controller Support,Steam Cloud,Family Sharing","Simulation,Strategy","Strategy,Simulation,Racing,Automobile Sim,Immersive Sim,Management,Realistic,Time Management,3D,Driving,Sports,Economy,Family Friendly,Tactical,Base-Building,Choices Matter,PvE,Resource Management,Team-Based,Time Manipulation"
1045610,Startup Panic,2022-01-20,2.99,https://www.metacritic.com/game/pc/startup-panic?ftag=MCD-06-10aaa1f,"Single-player,Family Sharing","Casual,Indie,Simulation,Strategy","Programming,Simulation,Resource Management,Management,Time Management,Economy,Singleplayer,Relaxing,Casual,Comedy,2D,Strategy,Isometric,Cute,Female Protagonist,Pixel Graphics,Character Customization,Family Friendly,GameMaker,Idler"
2144740,Ghostrunner 2,2023-10-26,7.99,https://www.metacritic.com/game/pc/ghostrunner-2?ftag=MCD-06-10aaa1f,"Single-player,Steam Achievements,Partial Controller Support,Steam Cloud,Steam Leaderboards,Family Sharing","Action,Adventure,Strategy","Cyberpunk,Action,Runner,Hack and Slash,Fast-Paced,First-Person,Difficult,Swordplay,Violent,Vehicular Combat,Music,Adventure,Action-Adventure,Post-apocalyptic,Singleplayer,Combat,Ninja,Motorbike,Fighting,Strategy"
1924360,Lil' Guardsman,2024-01-23,7.99,https://www.metacritic.com/game/pc/lil-guardsman?ftag=MCD-06-10aaa1f,"Single-player,Steam Achievements,Full controller support,Steam Trading Cards,Custom Volume Controls,Mouse Only Option,Playable without Timed Input,Stereo Sound,Steam Cloud,Family Sharing","Adventure,Casual,Indie","Adventure,Casual,Point & Click,Comedy,Indie,2D,Puzzle,Female Protagonist,Family Friendly,Singleplayer,Political,Story Rich,Conversation,Multiple Endings,Choices Matter,Cute,Funny,Linear,Colorful,Hand-drawn"
1621690,Core Keeper,2024-08-27,11.99,https://www.metacritic.com/game/pc/core-keeper?ftag=MCD-06-10aaa1f,"Single-player,Multi-player,Co-op,Online Co-op,Full controller support,Steam Cloud,Family Sharing","Action,Adventure,Indie,RPG,Simulation","Pixel Graphics,Open World Survival Craft,Online Co-Op,Sandbox,Survival,Adventure,Crafting,Exploration,2D,Building,Mining,Dungeon Crawler,Procedural Generation,Farming Sim,Relaxing,Cooking,Simulation,Atmospheric,Mystery,Casual"
2179850,Cobalt Core,2023-11-08,9.99,https://www.metacritic.com/game/pc/cobalt-core?ftag=MCD-06-10aaa1f,"Single-player,Steam Achievements,Full controller support,Steam Trading Cards,Steam Cloud,Family Sharing","Indie,Strategy","Roguelike Deckbuilder,Card Game,Strategy,Rogue-like,Turn-Based Strategy,Sci-fi,Pixel Graphics,Turn-Based Tactics,Tactical RPG,Funny,Space,Logic,Tactical,Deckbuilding,Grid-Based Movement,Combat,Singleplayer,PvE,Turn-Based Combat,Story Rich"
2787680,Candy Rangers,2025-10-02,11.99,https://www.metacritic.com/game/pc/candy-rangers?ftag=MCD-06-10aaa1f,"Single-player,Steam Achievements,Full controller support,Custom Volume Controls,Playable without Timed Input,Stereo Sound,Steam Cloud,Family Sharing","Action,Adventure,Indie",
3081320,Fuga: Melodies of Steel 3,2025-05-28,31.99,https://www.metacritic.com/game/pc/fuga-melodies-of-steel-3?ftag=MCD-06-10aaa1f,"Single-player,Steam Achievements,Full controller support,Steam Trading Cards,Steam Cloud,Family Sharing","RPG,Simulation,Strategy","RPG,Strategy,JRPG,Turn-Based Tactics,Tactical RPG,Strategy RPG,Turn-Based Strategy,Turn-Based,Turn-Based Combat,Drama,Tanks,Fantasy,War,Atmospheric,Emotional,Simulation,Story Rich,Cute,Psychological Horror,Singleplayer"
1016180,Terror of Hemasaurus,2022-10-17,5.99,https://www.metacritic.com/game/pc/terror-of-hemasaurus?ftag=MCD-06-10aaa1f,"Single-player,Multi-player,PvP,Shared/Split Screen PvP,Co-op,Shared/Split Screen Co-op,Shared/Split Screen,Steam Achievements,Full controller support,Steam Trading Cards,Steam Cloud,Stats,Steam Leaderboards,Remote Play Together,Family Sharing","Action,Adventure","Physics,Villain Protagonist,Destruction,Dinosaurs,Dark Humor,Comedy,Arcade,2D,Blood,Co-op,Beat 'em up,Sci-fi,Action,Adventure,Side Scroller,Local Multiplayer,Singleplayer,4 Player Local,Dark Comedy,Colorful"
1996770,Turok 3: Shadow of Oblivion Remastered,2023-11-30,14.99,https://www.metacritic.com/game/pc/turok-3-shadow-of-oblivion?ftag=MCD-06-10aaa1f,"Single-player,Steam Achievements,Full controller support,Steam Cloud,Family Sharing","Action,Adventure","Action,Adventure,FPS,Shooter,First-Person,Retro,Dinosaurs,Aliens,Sci-fi,Singleplayer,Violent,Combat,Boomer Shooter,Female Protagonist,Classic,Horror"
898750,Super Robot Wars 30,2021-10-27,59.99,https://www.metacritic.com/game/pc/super-robot-wars-30?ftag=MCD-06-10aaa1f,"Single-player,Steam Achievements,Full controller support,Steam Trading Cards,Steam Cloud,Family Sharing","RPG,Simulation,Strategy","Strategy,RPG,JRPG,Mechs,Turn-Based Strategy,Simulation,Strategy RPG,Turn-Based Tactics,Anime,Tactical RPG,Visual Novel,2D,Robots,Sci-fi,Isometric,Turn-Based Combat,Story Rich,Singleplayer,Turn-Based,Lore-Rich"
2694420,KILL KNIGHT,2024-10-02,7.49,https://www.metacritic.com/game/pc/kill-knight?ftag=MCD-06-10aaa1f,"Single-player,Steam Achievements,Full controller support,Steam Trading Cards,Steam Cloud,Stats,Family Sharing",Action,"Stylized,Bullet Hell,Top-Down Shooter,Arcade,Hack and Slash,Score Attack,Difficult,Indie,Twin Stick Shooter,Shooter,Action,Bullet Time,Controller,Singleplayer,Casual,Gothic,Blood,Demons,Isometric,Dark Fantasy"
903630,The Last Cube,2022-03-10,7.99,https://www.metacritic.com/game/pc/the-last-cube?ftag=MCD-06-10aaa1f,"Single-player,Steam Achievements,Full controller support,Steam Cloud,Family Sharing","Adventure,Casual,Indie","3D Platformer,Puzzle,Puzzle-Platformer,Difficult,3D,Third Person,Colorful,Logic,Sci-fi,Science,Atmospheric,Robots,Artificial Intelligence,Adventure,Futuristic,Grid-Based Movement,Singleplayer,Indie,Casual,Great Soundtrack"
1866320,Baladins,2024-05-15,17.49,https://www.metacritic.com/game/pc/baladins?ftag=MCD-06-10aaa1f,"Single-player,Multi-player,Co-op,Online Co-op,Shared/Split Screen Co-op,Shared/Split Screen,Steam Achievements,Full controller support,Adjustable Text Size,Camera Comfort,Color Alternatives,Custom Volume Controls,Keyboard Only Option,Mouse Only Option,Playable without Timed Input,Save Anytime,Stereo Sound,Remote Play Together,Family Sharing","Adventure,Indie,RPG","Choose Your Own Adventure,Online Co-Op,Story Rich,RPG,Dragons,Co-op Campaign,Choices Matter,Multiplayer,Multiple Endings,Co-op,Funny,Wholesome,Fantasy,Lore-Rich,Local Co-Op,Medieval,Singleplayer,Local Multiplayer,Colorful,Adventure"
1747760,Momodora: Moonlit Farewell,2024-01-11,11.89,https://www.metacritic.com/game/pc/momodora-moonlit-farewell?ftag=MCD-06-10aaa1f,"Single-player,Steam Achievements,Full controller support,Steam Trading Cards,Camera Comfort,Custom Volume Controls,Adjustable Difficulty,Keyboard Only Option,Playable without Timed Input,Stereo Sound,Steam Cloud,Family Sharing","Action,Adventure,Indie","Metroidvania,Anime,Pixel Graphics,Action-Adventure,2D,Side Scroller,Female Protagonist,Singleplayer,Platformer,Action,Fantasy,Magic,Souls-like,Indie,Atmospheric,Combat,Exploration,Adventure,2D Platformer,Difficult"
1928690,Bionic Bay,2025-04-16,11.99,https://www.metacritic.com/game/pc/bionic-bay?ftag=MCD-06-10aaa1f,"Single-player,Steam Achievements,Full controller support,Steam Cloud,Steam Leaderboards,Family Sharing","Action,Adventure,Casual,Indie,Racing","Puzzle-Platformer,Puzzle,Atmospheric,Action,Sci-fi,Dark,2D,Platformer,Space,Adventure,Physics,2D Platformer,Difficult,Science,Mystery,Singleplayer,Hand-drawn,Destruction,Action-Adventure,Linear"
1991300,Closer the Distance,2024-08-01,6.79,https://www.metacritic.com/game/pc/closer-the-distance?ftag=MCD-06-10aaa1f,"Single-player,Steam Achievements,Full controller support,Steam Cloud,Family Sharing","Casual,Indie,Simulation","Narrative,Story Rich,Life Sim,Female Protagonist,Drama,Point & Click,Emotional,Choices Matter,Casual,Isometric,Atmospheric,Stylized,Philosophical,Relaxing,Narration,Simulation,Singleplayer,Immersive,Indie,LGBTQ+"
1334730,Dread Templar,2023-01-26,3.99,https://www.metacritic.com/game/pc/dread-templar?ftag=MCD-06-10aaa1f,"Single-player,Steam Achievements,Full controller support,Steam Trading Cards,Steam Cloud,Family Sharing","Action,Indie","Boomer Shooter,FPS,Retro,Fast-Paced,Bullet Time,Shooter,Singleplayer,Violent,1990's,Action,Old School,First-Person,Superhero,Gore,Atmospheric,Archery,Demons,Pixel Graphics,Gun Customization,Stylized"
1910600,ONE BTN BOSSES,2024-08-06,5.99,https://www.metacritic.com/game/pc/one-btn-bosses?ftag=MCD-06-10aaa1f,"Single-player,Steam Achievements,Full controller support,Steam Cloud,Steam Leaderboards,Family Sharing","Action,Indie","Difficult,Rhythm,Soundtrack,Music,Funny,Character Customization,Souls-like,Bullet Hell,Colorful,2D,Fast-Paced,Shoot 'Em Up,Strategy,Stylized,Arcade,Boss Rush,Action,Bullet Time,Action Roguelike,Combat"
1839950,Terminator: Dark Fate - Defiance,2024-02-21,27.99,https://www.metacritic.com/game/pc/terminator-dark-fate---defiance?ftag=MCD-06-10aaa1f,"Single-player,Multi-player,PvP,Online PvP,Family Sharing",Strategy,"Strategy,Real Time Tactics,RTS,Wargame,3D,Atmospheric,Artificial Intelligence,Alternate History,Dark,Conspiracy,Destruction,Drama,Futuristic,Dystopian,Emotional,Horror,Lore-Rich,Management,Military,Mechs"
2592160,Dispatch,2025-10-22,26.99,https://www.metacritic.com/game/pc/dispatch?ftag=MCD-06-10aaa1f,"Single-player,Steam Achievements,Full controller support,Steam Trading Cards,Adjustable Text Size,Color Alternatives,Custom Volume Controls,Adjustable Difficulty,Mouse Only Option,Playable without Timed Input,Subtitle Options,Steam Cloud,Family Sharing","Action,Adventure,Casual,Indie,Strategy",
2277560,WUCHANG: Fallen Feathers,2025-07-23,49.99,https://www.metacritic.com/game/pc/wuchang-fallen-feathers?ftag=MCD-06-10aaa1f,"Single-player,Steam Achievements,Full controller support,In-App Purchases,Steam Cloud,Family Sharing","Action,Adventure,RPG",
2374190,Nikoderiko: The Magical World — Director’s Cut,2024-12-05,14.99,https://www.metacritic.com/game/pc/nikoderiko-the-magical-world---directors-cut?ftag=MCD-06-10aaa1f,"Single-player,Multi-player,Co-op,Shared/Split Screen Co-op,Shared/Split Screen,Steam Achievements,Full controller support,Steam Trading Cards,Steam Cloud,Remote Play on TV,Remote Play Together,Family Sharing","Action,Adventure","3D Platformer,Co-op,Family Friendly,Singleplayer,Adventure,Action-Adventure,Arcade,Platformer,Local Co-Op,3D,Cute,Colorful,Stylized,Magic,Old School,Relaxing,Funny,Fantasy,Combat,Linear"
2146570,RKGK / Rakugaki,2024-05-22,7.99,https://www.metacritic.com/game/pc/rkgk-rakugaki?ftag=MCD-06-10aaa1f,"Single-player,Steam Achievements,Full controller support,Steam Trading Cards,Steam Cloud,Remote Play on TV,Family Sharing","Action,Adventure,Indie","Action,Adventure,Indie,Singleplayer,Atmospheric,Third Person,Anime,Platformer,Female Protagonist,Parkour,Fast-Paced,Robots,Futuristic,Controller,Colorful,Dystopian,3D Platformer,Stylized,3D,Music"
1057800,Floppy Knights,2022-05-24,3.99,https://www.metacritic.com/game/pc/floppy-knights?ftag=MCD-06-10aaa1f,"Single-player,Steam Achievements,Full controller support,Steam Trading Cards,Custom Volume Controls,Adjustable Difficulty,Keyboard Only Option,Mouse Only Option,Playable without Timed Input,Touch Only Option,Steam Cloud,Remote Play on TV,Family Sharing","Indie,Strategy","Turn-Based Strategy,Deckbuilding,Female Protagonist,Card Battler,Strategy,Turn-Based Tactics,Family Friendly,Indie,Card Game,Turn-Based,Tactical,Singleplayer,Action,Cute,Turn-Based Combat,Cartoon,Colorful,2D,Fantasy,Funny"
261550,Mount & Blade II: Bannerlord,2022-10-25,24.99,https://www.metacritic.com/game/pc/mount-blade-ii-bannerlord?ftag=MCD-06-10aaa1f,"Single-player,Multi-player,PvP,Online PvP,Steam Achievements,Steam Trading Cards,Steam Workshop,Partial Controller Support,Steam Cloud,Includes level editor,Remote Play on Tablet,Family Sharing","Action,Indie,RPG,Simulation,Strategy","Medieval,Strategy,Open World,RPG,War,Sandbox,Multiplayer,Singleplayer,Action,Character Customization,Simulation,Moddable,Adventure,Horses,Realistic,Third Person,Historical,First-Person,Great Soundtrack,Early Access"
1089090,ONE PIECE: PIRATE WARRIORS 4,2023-09-14,39.99,https://www.metacritic.com/game/pc/one-piece-pirate-warriors-4?ftag=MCD-06-10aaa1f,"Single-player,Multi-player,PvP,Online PvP,Steam Achievements,In-App Purchases,Partial Controller Support,Steam Cloud,Remote Play on Phone,Remote Play on Tablet,Remote Play on TV,Family Sharing",Action,"Anime,Hack and Slash,Beat 'em up,Pirates,Fighting,Split Screen,Action,PvP,Arcade,Multiplayer,Musou,Co-op,Adventure,RPG,Local Co-Op,Online Co-Op,Comedy,Singleplayer,Open World,Controller"
2195410,Songs of Silence,2024-11-13,14.99,https://www.metacritic.com/game/pc/songs-of-silence?ftag=MCD-06-10aaa1f,"Single-player,Multi-player,PvP,Online PvP,Co-op,Online Co-op,Steam Achievements,Full controller support,Steam Trading Cards,Adjustable Text Size,Color Alternatives,Custom Volume Controls,Adjustable Difficulty,Mouse Only Option,Playable without Timed Input,Save Anytime,Stereo Sound,Steam Cloud,Family Sharing","Adventure,Indie,RPG,Simulation,Strategy","Management,Turn-Based,Multiplayer,Indie,Tactical,Fantasy,Strategy,4X,Magic,Stylized,Auto Battler,Hand-drawn,Atmospheric,Grand Strategy,Turn-Based Strategy,Strategy RPG,Story Rich,Lore-Rich,Wargame,Mythology"
581660,Super Meat Boy Forever,2022-01-10,1.99,https://www.metacritic.com/game/pc/super-meat-boy-forever?ftag=MCD-06-10aaa1f,"Single-player,Steam Achievements,Full controller support,Steam Cloud,Remote Play on TV,Family Sharing","Action,Adventure,Indie","Indie,Action,Precision Platformer,Difficult,Platformer,Runner,Singleplayer,2D,Side Scroller,Colorful,Violent,Gore,Family Friendly,Hack and Slash,Funny,2D Platformer,Adventure,War,Dark Comedy,Blood"
1410640,Syberia: The World Before,2022-03-18,5.99,https://www.metacritic.com/game/pc/syberia-the-world-before?ftag=MCD-06-10aaa1f,"Single-player,Steam Achievements,Full controller support,Steam Trading Cards,Steam Cloud,Family Sharing",Adventure,"Adventure,Story Rich,Point & Click,Puzzle,Exploration,Mystery,Steampunk,Female Protagonist,Cinematic,Detective,Narration,Atmospheric,Realistic,Investigation,Drama,Emotional,Singleplayer,Third Person,Historical,Mature"
745920,Temtem,2022-09-06,8.99,https://www.metacritic.com/game/pc/temtem?ftag=MCD-06-10aaa1f,"Multi-player,MMO,PvP,Online PvP,Co-op,Online Co-op,Cross-Platform Multiplayer,Steam Achievements,Full controller support,Steam Trading Cards,Camera Comfort,Custom Volume Controls,Keyboard Only Option,Mouse Only Option,Save Anytime,Stereo Sound,Touch Only Option,Steam Cloud,Remote Play on Phone,Remote Play on Tablet,Remote Play on TV","Adventure,Indie,Massively Multiplayer,RPG","Co-op,Multiplayer,Creature Collector,RPG,Turn-Based Combat,Story Rich,Adventure,PvE,PvP,Turn-Based Tactics,MMORPG,Character Customization,Collectathon,Anime,Cartoony,JRPG,Exploration,3D,Colorful,Cute"
2543180,POPUCOM,2025-06-01,15.99,https://www.metacritic.com/game/pc/popucom?ftag=MCD-06-10aaa1f,"Multi-player,Co-op,Online Co-op,Shared/Split Screen Co-op,Shared/Split Screen,Steam Achievements,Color Alternatives,Custom Volume Controls,Surround Sound,Partial Controller Support,Steam Cloud,Remote Play Together,Family Sharing","Action,Adventure,Casual","Co-op,Adventure,Platformer,Match 3,Casual,Puzzle,Funny,Third-Person Shooter,3D,Cartoony,Local Co-Op,Multiplayer,Online Co-Op,Action,Shooter,Team-Based,Sci-fi,Futuristic,Physics,Third Person"
1239080,Door Kickers 2: Task Force North,2025-02-10,18.74,https://www.metacritic.com/game/pc/door-kickers-2-task-force-north?ftag=MCD-06-10aaa1f,"Single-player,Multi-player,Co-op,Online Co-op,Steam Achievements,Steam Workshop,Steam Cloud,Stats,Includes level editor,Remote Play Together,Family Sharing","Action,Indie,Simulation,Strategy","Tactical,Top-Down,Real-Time with Pause,Real Time Tactics,Military,Moddable,Action,Indie,Strategy,Co-op,Level Editor,War,Action RTS,Top-Down Shooter,RTS,Multiplayer,Early Access,Violent,Singleplayer,Gore"
1981570,Land of the Vikings,2023-10-09,6.49,https://www.metacritic.com/game/pc/land-of-the-vikings?ftag=MCD-06-10aaa1f,"Single-player,Steam Achievements,Steam Trading Cards,Steam Workshop,Steam Cloud,Family Sharing",Strategy,"Colony Sim,City Builder,Vikings,Strategy,Survival,Sandbox,Building,Management,Economy,Base-Building,Historical,Simulation,3D,Resource Management,Realistic,Mythology,Tactical,Singleplayer,Early Access,Multiplayer"
1939890,Simon the Sorcerer Origins,2025-10-27,19.99,https://www.metacritic.com/game/pc/simon-the-sorcerer-origins?ftag=MCD-06-10aaa1f,"Single-player,Steam Achievements,Full controller support,Adjustable Text Size,Camera Comfort,Color Alternatives,Custom Volume Controls,Playable without Timed Input,Save Anytime,Stereo Sound,Subtitle Options,Steam Cloud,Family Sharing",Adventure,
1656780,Hero's Hour,2022-03-01,7.19,https://www.metacritic.com/game/pc/heros-hour?ftag=MCD-06-10aaa1f,"Single-player,Multi-player,PvP,Shared/Split Screen PvP,Co-op,Shared/Split Screen Co-op,Shared/Split Screen,Steam Achievements,Steam Workshop,Steam Cloud,Stats,Includes level editor,Remote Play Together,Family Sharing","RPG,Strategy","Turn-Based,Pixel Graphics,Strategy,Singleplayer,Turn-Based Strategy,Fantasy,Auto Battler,Strategy RPG,Turn-Based Tactics,Level Editor,Multiplayer,Procedural Generation,RPG,Old School,2D,Tactical,PvP,Local Co-Op,Atmospheric,4X"
2474030,An English Haunting,2024-05-22,11.19,https://www.metacritic.com/game/pc/an-english-haunting?ftag=MCD-06-10aaa1f,"Single-player,Steam Achievements,Steam Cloud,Family Sharing",Adventure,"Adventure,Pixel Graphics,Point & Click,2D,Third Person,Gothic,Mystery,Supernatural,Horror,Psychological Horror,Story Rich,Singleplayer"
3298940,Static Dread: The Lighthouse,2025-08-06,9.74,https://www.metacritic.com/game/pc/static-dread-the-lighthouse?ftag=MCD-06-10aaa1f,"Single-player,Steam Achievements,Full controller support,Camera Comfort,Stereo Sound,Steam Cloud,Family Sharing","Action,Adventure,Casual,Indie,Simulation",
1059990,Trombone Champ,2022-09-15,5.24,https://www.metacritic.com/game/pc/trombone-champ?ftag=MCD-06-10aaa1f,"Single-player,Steam Achievements,Steam Trading Cards,Steam Workshop,Steam Cloud,Steam Leaderboards,Includes level editor,Family Sharing","Casual,Indie","Rhythm,Comedy,Funny,Music,Cute,Cartoon,Casual,Singleplayer,Colorful,Moddable,Parody,Satire,3D,Memes,Family Friendly,Indie,Experimental,Souls-like,Horror,Difficult"
1649740,Hunt the Night,2023-04-13,11.99,https://www.metacritic.com/game/pc/hunt-the-night?ftag=MCD-06-10aaa1f,"Single-player,Steam Achievements,Full controller support,Steam Trading Cards,Steam Cloud,Family Sharing","Action,Adventure,Indie","Action RPG,Dark Fantasy,Pixel Graphics,Souls-like,2D,Gothic,Action,Adventure,Hack and Slash,Top-Down,Singleplayer,Indie,Dungeon Crawler,Violent,Character Customization,Female Protagonist,Metroidvania"
2458430,Leila,2025-04-07,5.99,https://www.metacritic.com/game/pc/leila?ftag=MCD-06-10aaa1f,"Single-player,Steam Achievements,Full controller support,Captions available,Steam Cloud,Remote Play on TV,HDR available,Family Sharing","Adventure,Casual,Indie","Hand-drawn,Adventure,Story Rich,Point & Click,Puzzle,Female Protagonist,2D,Singleplayer,Casual,Psychological,Visual Novel,Narrative,Atmospheric,Emotional,Indie,Stylized,Drama,Cute,Soundtrack,Hidden Object"
1424600,Verne: The Shape of Fantasy,2023-08-14,3.74,https://www.metacritic.com/game/pc/verne-the-shape-of-fantasy?ftag=MCD-06-10aaa1f,"Single-player,Steam Achievements,Partial Controller Support,Steam Cloud,Family Sharing","Adventure,Indie","Interactive Fiction,Steampunk,Dystopian,Narrative,Pixel Graphics,Atmospheric,Adventure,Exploration,Puzzle,Old School,Story Rich,Hidden Object,Choices Matter,Conversation,Submarine,Underwater,Point & Click,2D,Singleplayer,Indie"
3375780,Trails in the Sky 1st Chapter,2025-09-19,44.99,https://www.metacritic.com/game/pc/trails-in-the-sky-1st-chapter?ftag=MCD-06-10aaa1f,"Single-player,Steam Achievements,Full controller support,Steam Cloud,HDR available,Family Sharing","Action,Adventure,RPG",
1911360,Trinity Fusion,2023-12-15,5.99,https://www.metacritic.com/game/pc/trinity-fusion?ftag=MCD-06-10aaa1f,"Single-player,Steam Achievements,Full controller support,Adjustable Text Size,Camera Comfort,Custom Volume Controls,Adjustable Difficulty,Playable without Timed Input,Stereo Sound,Steam Cloud,Remote Play on TV,Family Sharing","Action,Indie,RPG","Action Roguelike,Metroidvania,Rogue-lite,Platformer,Rogue-like,Souls-like,Action RPG,Hack and Slash,Action,Female Protagonist,Futuristic,2.5D,Indie,Dark,RPG,Singleplayer,Beat 'em up,Story Rich,Atmospheric,3D"
1574580,Strange Horticulture,2022-01-21,6.39,https://www.metacritic.com/game/pc/strange-horticulture?ftag=MCD-06-10aaa1f,"Single-player,Steam Achievements,Full controller support,Steam Trading Cards,Steam Cloud,Family Sharing","Adventure,Indie,Simulation","Mystery,Puzzle,Investigation,Nature,Exploration,Relaxing,Detective,Choices Matter,2D,Multiple Endings,Story Rich,Lovecraftian,Simulation,Atmospheric,Adventure,Dark,Point & Click,Conversation,Alternate History,Colorful"
2228030,Dr. Fetus' Mean Meat Machine,2023-06-22,1.99,https://www.metacritic.com/game/pc/dr-fetus-mean-meat-machine?ftag=MCD-06-10aaa1f,"Single-player,Steam Achievements,Full controller support,Steam Trading Cards,Steam Cloud,Family Sharing","Action,Casual,Indie","Action,Casual,Arcade,Puzzle,Difficult,Replay Value,Fast-Paced,Singleplayer,Score Attack,2D,Indie,Controller,Cartoony,Colorful,Funny"
1470390,City of Beats,2023-05-01,3.99,https://www.metacritic.com/game/pc/city-of-beats?ftag=MCD-06-10aaa1f,"Single-player,Steam Achievements,Full controller support,Steam Cloud,Steam Leaderboards,Family Sharing","Action,Indie,RPG","RPG,Top-Down,Rogue-like,Top-Down Shooter,Action Roguelike,Rhythm,Shooter,Rogue-lite,Twin Stick Shooter,Action,Arcade,Music-Based Procedural Generation,Music,Atmospheric,Difficult,Cyberpunk,Sci-fi,Indie,Singleplayer,Female Protagonist"
1691190,Rogue Waters,2024-09-30,14.99,https://www.metacritic.com/game/pc/rogue-waters?ftag=MCD-06-10aaa1f,"Single-player,Steam Achievements,Full controller support,Steam Cloud,Family Sharing","Action,Adventure,RPG,Strategy","Tactical RPG,Turn-Based Tactics,Rogue-lite,Story Rich,Turn-Based,Puzzle,Turn-Based Strategy,Strategy,Rogue-like,Pirates,RPG,Isometric,Turn-Based Combat,Choices Matter,Procedural Generation,Sailing,Fantasy,Naval,Tactical,Combat"
910490,Killsquad,2021-10-21,29.99,https://www.metacritic.com/game/pc/killsquad?ftag=MCD-06-10aaa1f,"Single-player,Multi-player,Co-op,Online Co-op,Full controller support,Steam Trading Cards,Steam Cloud,Family Sharing","Action,Indie,RPG","Action,Hack and Slash,Top-Down Shooter,Co-op,Online Co-Op,RPG,Loot,Twin Stick Shooter,Action RPG,Indie,Top-Down,Multiplayer,Sci-fi,Dungeon Crawler,Bullet Hell,Isometric,Gun Customization,Procedural Generation,Singleplayer,Early Access"
1687950,Persona 5 Royal,2022-10-20,17.99,https://www.metacritic.com/game/pc/persona-5-royal?ftag=MCD-06-10aaa1f,"Single-player,Steam Achievements,Full controller support,Steam Trading Cards,Steam Cloud,Family Sharing",RPG,"JRPG,Story Rich,Great Soundtrack,Turn-Based Combat,Anime,RPG,Singleplayer,Dating Sim,Party-Based RPG,Multiple Endings,Turn-Based Strategy,Emotional,Visual Novel,Sexual Content,Colorful,Adventure,Heist,Soundtrack,Detective,Violent"
1729740,Luto,2025-07-21,15.99,https://www.metacritic.com/game/pc/luto?ftag=MCD-06-10aaa1f,"Single-player,Steam Achievements,Partial Controller Support,Family Sharing","Adventure,Indie",
760650,Hammerting,2021-11-16,2.49,https://www.metacritic.com/game/pc/hammerting?ftag=MCD-06-10aaa1f,"Single-player,Multi-player,Co-op,Online Co-op,Steam Trading Cards,Family Sharing","Adventure,Indie,RPG,Simulation,Strategy","Colony Sim,Base-Building,Simulation,Management,Automation,Mining,Building,Economy,Crafting,Inventory Management,Resource Management,Strategy,Fantasy,Lore-Rich,RPG,Exploration,Procedural Generation,Singleplayer,Mod,2.5D"
780290,Gloomhaven,2021-10-20,12.24,https://www.metacritic.com/game/pc/gloomhaven?ftag=MCD-06-10aaa1f,"Single-player,Multi-player,Co-op,Online Co-op,Full controller support,Steam Trading Cards,Steam Workshop,Steam Cloud,Includes level editor,Family Sharing","Adventure,RPG,Strategy","Online Co-Op,Dark Fantasy,Turn-Based Combat,Card Game,Turn-Based Strategy,Unforgiving,Tactical RPG,Class-Based,Co-op Campaign,Strategy,Difficult,Deckbuilding,3D,RPG,Tactical,Turn-Based Tactics,Board Game,Turn-Based,Isometric,Party-Based RPG"
2747770,Wednesdays,2025-03-25,6.49,https://www.metacritic.com/game/pc/wednesdays?ftag=MCD-06-10aaa1f,"Single-player,Full controller support,Family Sharing",Indie,"Visual Novel,Comic Book,Interactive Fiction,Hand-drawn,Psychological,Emotional,Story Rich,Text-Based,Casual,Colorful,Conversation,Narration,Singleplayer,Choose Your Own Adventure,Pixel Graphics,Stylized,Choices Matter,2D,Nonlinear,Indie"
1554970,Rogue Spirit,2023-03-07,7.99,https://www.metacritic.com/game/pc/rogue-spirit?ftag=MCD-06-10aaa1f,"Single-player,Steam Achievements,Full controller support,Steam Cloud,Family Sharing","Action,Adventure,Indie","Third Person,3D,Action Roguelike,Action,Singleplayer,Adventure,Procedural Generation,Rogue-like,Combat,Colorful,PvE,Indie,Controller,Rogue-lite"
1626620,Koira,2025-04-01,8.99,https://www.metacritic.com/game/pc/koira?ftag=MCD-06-10aaa1f,"Single-player,Steam Achievements,Full controller support,Steam Cloud,Family Sharing","Adventure,Casual,Indie","Adventure,Cute,Casual,Emotional,Hidden Object,Exploration,Wholesome,Story Rich,Family Friendly,Puzzle,Relaxing,Dog,Colorful,Hand-drawn,Stylized,Building,Nature,Mystery,Singleplayer,Cozy"
2754380,The Roottrees are Dead,2025-01-15,15.99,https://www.metacritic.com/game/pc/the-roottrees-are-dead?ftag=MCD-06-10aaa1f,"Single-player,Steam Achievements,Steam Cloud,Family Sharing",Adventure,"Mystery,Puzzle,Detective,Point & Click,Atmospheric,Story Rich,Investigation,Singleplayer,1990's,Adventure,Logic,Interactive Fiction,Retro,Indie,Stylized,2D,Casual,Noir,Immersive,Alternate History"
1466860,Age of Empires IV: Anniversary Edition,2021-10-28,13.99,https://www.metacritic.com/game/pc/age-of-empires-iv?ftag=MCD-06-10aaa1f,"Single-player,Multi-player,PvP,Online PvP,Co-op,Online Co-op,Cross-Platform Multiplayer,Steam Achievements,Family Sharing",Strategy,"Strategy,RTS,Base-Building,Multiplayer,War,Singleplayer,Resource Management,Medieval,City Builder,Historical,Action RTS,PvP,PvE,Co-op,3D,Management,Isometric,Open World,Online Co-Op,Mature"
1546310,"El Paso, Elsewhere",2023-09-26,13.99,https://www.metacritic.com/game/pc/el-paso-elsewhere?ftag=MCD-06-10aaa1f,"Single-player,Steam Achievements,Full controller support,Steam Cloud,Family Sharing",Action,"Bullet Time,Third-Person Shooter,Cinematic,Adventure,Action-Adventure,Action,Horror,Survival Horror,Survival,Stealth,Dark,Zombies,Singleplayer,Story Rich,3D,Psychological Horror,Third Person,Gore,Shooter,Atmospheric"
1139940,ATOM RPG Trudograd,2021-09-13,5.49,https://www.metacritic.com/game/pc/atom-rpg-trudograd?ftag=MCD-06-10aaa1f,"Single-player,Steam Achievements,Steam Trading Cards,Partial Controller Support,Steam Cloud,Family Sharing",RPG,"CRPG,Open World,Survival,RPG,Post-apocalyptic,Sandbox,Turn-Based Combat,Immersive Sim,Story Rich,Isometric,Replay Value,Turn-Based,Exploration,Singleplayer,Tactical,Atmospheric,Choices Matter,Turn-Based Strategy,Adventure,Dystopian"
1708770,30 Birds,2024-11-27,10.79,https://www.metacritic.com/game/pc/30-birds?ftag=MCD-06-10aaa1f,"Single-player,Full controller support,Family Sharing","Adventure,Indie","Indie,Mythology,Electronic Music,Narration,Hand-drawn,Lore-Rich,Exploration,Adventure,Funny,Open World,Puzzle,Singleplayer,Colorful,Psychedelic,2D,Choose Your Own Adventure,2.5D,Hidden Object,Rhythm,Female Protagonist"
2322180,A Tiny Sticker Tale,2023-10-04,4.99,https://www.metacritic.com/game/pc/a-tiny-sticker-tale?ftag=MCD-06-10aaa1f,"Single-player,Steam Achievements,Full controller support,Steam Cloud,Family Sharing","Adventure,Indie","Cozy,Adventure,Puzzle,Emotional,Short,Exploration,Relaxing,Wholesome,Indie,Family Friendly,Cute,2D,Character Customization,Controller,Top-Down,Colorful,Singleplayer,Magic,Kickstarter,Auto Battler"
2013300,Alien Shooter 2 - New Era,2022-06-15,2.49,https://www.metacritic.com/game/pc/alien-shooter-vengeance?ftag=MCD-06-10aaa1f,"Single-player,Steam Achievements,Full controller support,Steam Cloud,Steam Leaderboards,Family Sharing","Action,Indie,RPG","Arena Shooter,Shoot 'Em Up,Third-Person Shooter,RPG,PvE,Action RPG,Character Customization,Isometric,Action,Third Person,Post-apocalyptic,Stylized,Sci-fi,Zombies,Atmospheric,Aliens,Inventory Management,Singleplayer,Shooter,Indie"
1253920,Rogue Legacy 2,2022-04-28,9.99,https://www.metacritic.com/game/pc/rogue-legacy-2?ftag=MCD-06-10aaa1f,"Single-player,Steam Achievements,Full controller support,Steam Trading Cards,Steam Cloud,Remote Play on Tablet,Family Sharing","Action,Adventure,Indie,RPG","Arcade,Metroidvania,Platformer,Action,Indie,Adventure,RPG,Rogue-lite,Difficult,Singleplayer,2D,Side Scroller,Rogue-like,Procedural Generation,Cartoony,Action Roguelike,2D Platformer,Roguevania,Great Soundtrack,Replay Value"
1406850,The Legend of Tianding,2021-11-01,5.99,https://www.metacritic.com/game/pc/the-legend-of-tianding?ftag=MCD-06-10aaa1f,"Single-player,Steam Achievements,Partial Controller Support,Steam Cloud,Family Sharing","Action,Adventure,RPG","Adventure,Controller,RPG,Combat,Martial Arts,Side Scroller,Beat 'em up,Hack and Slash,Spectacle fighter,Platformer,2D,Comic Book,Historical,Multiple Endings,Story Rich,Linear,Action,Anime,Stylized,Singleplayer"
1282410,Hard West 2,2022-08-04,8.99,https://www.metacritic.com/game/pc/hard-west-2?ftag=MCD-06-10aaa1f,"Single-player,Steam Achievements,Steam Trading Cards,Steam Cloud,Family Sharing","Action,RPG,Strategy","Turn-Based Strategy,Western,Turn-Based Tactics,RPG,Strategy,Isometric,Turn-Based,Tactical RPG,Tactical,Turn-Based Combat,Story Rich,Singleplayer,Supernatural,Action,Top-Down,Horror,Grid-Based Movement,Demons,Dark Fantasy,Combat"
2387460,Aureole - Wings of Hope,2025-05-15,9.74,https://www.metacritic.com/game/pc/aureole---wings-of-hope?ftag=MCD-06-10aaa1f,"Single-player,Steam Achievements,Full controller support,Steam Cloud,Family Sharing","Action,Adventure,Indie","Platformer,2D Platformer,Precision Platformer,Adventure,Singleplayer,Story Rich,Controller,Cartoony,Indie,Difficult,Fast-Paced,2D,Arcade,Side Scroller,Exploration,Fantasy,Soundtrack,Funny,Colorful,Action"
2360020,Kao the Kangaroo (2000 re-release),2023-04-27,0.99,https://www.metacritic.com/game/pc/kao-the-kangaroo-2000?ftag=MCD-06-10aaa1f,"Single-player,Family Sharing","Action,Adventure","Action,Adventure,Platformer,Action-Adventure,Arcade,Runner,Exploration,3D Platformer,Precision Platformer,Colorful,Stylized,Boxing,Family Friendly,Nature,Funny,Linear,Combat,Singleplayer,3D,Classic"
2230110,Fae Farm,2023-09-08,14.99,https://www.metacritic.com/game/pc/fae-farm?ftag=MCD-06-10aaa1f,"Single-player,Multi-player,Steam Achievements,Partial Controller Support,Steam Cloud,Family Sharing","Action,RPG,Simulation","RPG,Farming Sim,Magic,Cozy,Co-op,Multiplayer,Relaxing,Cute,Colorful,Romance,LGBTQ+,Simulation,Fantasy,Family Friendly,Action,Stylized,Third Person,Cooking,Crafting,Nature"
1164940,Trepang2,2023-06-21,10.19,https://www.metacritic.com/game/pc/trepang2?ftag=MCD-06-10aaa1f,"Single-player,Steam Achievements,Full controller support,Steam Cloud,Family Sharing","Action,Indie","Shooter,Singleplayer,FPS,Gore,Horror,Violent,Action,First-Person,Bullet Time,Blood,Indie,Fast-Paced,Psychological Horror,Boomer Shooter,Stealth,Atmospheric,Sci-fi,Difficult,Combat,Destruction"
1436700,Trine 5: A Clockwork Conspiracy,2023-08-31,11.99,https://www.metacritic.com/game/pc/trine-5-a-clockwork-conspiracy?ftag=MCD-06-10aaa1f,"Single-player,Multi-player,Co-op,Online Co-op,LAN Co-op,Shared/Split Screen Co-op,Shared/Split Screen,Steam Achievements,Full controller support,Steam Trading Cards,Steam Cloud,Remote Play Together,Family Sharing","Action,Adventure,Indie,RPG","Action,Adventure,RPG,Platformer,Action-Adventure,Puzzle-Platformer,2D Platformer,2D,3D,Colorful,Family Friendly,Fantasy,Co-op,Combat,Female Protagonist,Physics,Local Co-Op,Local Multiplayer,Multiplayer,Online Co-Op"
1276790,Ruined King: A League of Legends Story™,2021-11-16,7.49,https://www.metacritic.com/game/pc/ruined-king-a-league-of-legends-story?ftag=MCD-06-10aaa1f,"Single-player,Steam Achievements,Full controller support,Steam Trading Cards,Steam Cloud,Family Sharing","Indie,RPG","RPG,Turn-Based Combat,Adventure,Singleplayer,Story Rich,Fantasy,Isometric,Indie,Female Protagonist,Party-Based RPG,Action,Turn-Based,Horror,JRPG,Great Soundtrack"
3843560,Combat Mission 2: Barbarossa to Berlin,2025-09-16,4.79,https://www.metacritic.com/game/pc/combat-mission-barbarossa-to-berlin?ftag=MCD-06-10aaa1f,"Single-player,Steam Cloud,Family Sharing","Simulation,Strategy",
1931770,Chants of Sennaar,2023-09-05,11.99,https://www.metacritic.com/game/pc/chants-of-sennaar?ftag=MCD-06-10aaa1f,"Single-player,Steam Achievements,Full controller support,Steam Trading Cards,Camera Comfort,Custom Volume Controls,Mouse Only Option,Save Anytime,Touch Only Option,Steam Cloud,Family Sharing","Adventure,Indie","Puzzle,Adventure,Singleplayer,Indie,Colorful,Point & Click,Word Game,Atmospheric,Stylized,Detective,Action-Adventure,Mythology,Puzzle-Platformer,Great Soundtrack,Stealth,Exploration,Story Rich,Mystery,Relaxing,Difficult"
898890,Endling - Extinction is Forever,2022-07-19,4.49,https://www.metacritic.com/game/pc/endling---extinction-is-forever?ftag=MCD-06-10aaa1f,"Single-player,Steam Achievements,Full controller support,Steam Cloud,Family Sharing","Adventure,Indie,Simulation","Emotional,Adventure,Atmospheric,Indie,Survival,Cute,Nature,Exploration,Singleplayer,Simulation,Female Protagonist,Side Scroller,Drama,Dystopian,Dark,Story Rich,Stealth,Colorful,Choices Matter,Walking Simulator"
1755830,Astrea: Six-Sided Oracles,2023-09-21,16.24,https://www.metacritic.com/game/pc/astrea-six-sided-oracles?ftag=MCD-06-10aaa1f,"Single-player,Steam Achievements,Full controller support,Steam Trading Cards,Steam Workshop,Custom Volume Controls,Adjustable Difficulty,Save Anytime,Stereo Sound,Steam Cloud,Family Sharing","Casual,Indie,Strategy","Dice,Roguelike Deckbuilder,Card Battler,Rogue-like,Card Game,Turn-Based,Strategy,Deckbuilding,Turn-Based Combat,Rogue-lite,Turn-Based Strategy,Procedural Generation,Replay Value,Indie,Difficult,RPG,2D,Hand-drawn,Dark Fantasy,Singleplayer"
3636620,The Last Case of John Morley,2025-11-27,12.99,https://www.metacritic.com/game/pc/the-last-case-of-john-morley?ftag=MCD-06-10aaa1f,"Single-player,Steam Achievements,Full controller support,Custom Volume Controls,Playable without Timed Input,Stereo Sound,Subtitle Options,Steam Cloud,Family Sharing","Adventure,Indie",
2305500,FAIRY TAIL: DUNGEONS,2024-08-26,9.79,https://www.metacritic.com/game/pc/fairy-tail-dungeons?ftag=MCD-06-10aaa1f,"Single-player,Steam Achievements,Full controller support,Steam Cloud,Family Sharing","Adventure,Indie,RPG","Roguelike Deckbuilder,Rogue-lite,Turn-Based,Replay Value,Indie,Card Game,2D,Pixel Graphics,Deckbuilding,Rogue-like,Singleplayer,RPG,Fantasy,Adventure,Anime,Magic,Strategy"
987840,Expeditions: Rome,2022-01-20,11.24,https://www.metacritic.com/game/pc/expeditions-rome?ftag=MCD-06-10aaa1f,"Single-player,Steam Achievements,Full controller support,Steam Trading Cards,Steam Cloud,Family Sharing","RPG,Strategy","RPG,Strategy,Turn-Based Strategy,Party-Based RPG,Rome,CRPG,Turn-Based Tactics,Tactical RPG,3D,Historical,Top-Down,Atmospheric,Tactical,Choices Matter,Story Rich,Turn-Based Combat,Singleplayer,Female Protagonist,Turn-Based,Character Customization"
1380420,Grow: Song of the Evertree,2021-11-16,7.49,https://www.metacritic.com/game/pc/grow-song-of-the-evertree?ftag=MCD-06-10aaa1f,"Single-player,Steam Achievements,Full controller support,Steam Cloud,Family Sharing","Action,Adventure,Casual","Singleplayer,Adventure,Casual,Wholesome,Farming Sim,Simulation,Exploration,Open World,Sandbox,City Builder,Cute,Life Sim,Colorful,Third Person,Agriculture,Atmospheric,Family Friendly,Fantasy,Nature,Management"
1983990,Nexus 5X,2024-04-18,7.49,https://www.metacritic.com/game/pc/nexus-5x?ftag=MCD-06-10aaa1f,"Single-player,Multi-player,PvP,Online PvP,Co-op,Online Co-op,Family Sharing","Indie,RPG,Simulation,Strategy","Board Game,Strategy,Tabletop,Co-op,Multiplayer,Team-Based,Turn-Based Tactics,Turn-Based Strategy,4X,Turn-Based Combat,PvP,Sci-fi,Space,Science,Exploration,Diplomacy,Management,Simulation,Singleplayer,3D"
1340480,The Cosmic Wheel Sisterhood,2023-08-16,8.99,https://www.metacritic.com/game/pc/the-cosmic-wheel-sisterhood?ftag=MCD-06-10aaa1f,"Single-player,Steam Achievements,Full controller support,Steam Cloud,Family Sharing","Adventure,Indie","Interactive Fiction,Female Protagonist,Magic,LGBTQ+,Visual Novel,Adventure,Choices Matter,Pixel Graphics,Story Rich,Casual,Indie,Fantasy,2D,Colorful,Narrative,Mystery,Sexual Content,Singleplayer,Great Soundtrack"
1429850,Sumerian Six,2024-09-02,17.99,https://www.metacritic.com/game/pc/sumerian-six?ftag=MCD-06-10aaa1f,"Single-player,Steam Achievements,Full controller support,Steam Cloud,Family Sharing","Action,Strategy","Action,3D,Colorful,Atmospheric,Dark Comedy,Demons,War,Female Protagonist,Real Time Tactics,Stealth,Strategy,Linear,Tactical,Isometric,Turn-Based Tactics,Turn-Based Strategy,World War II,Alternate History,Story Rich,Adventure"
1861440,CLeM,2024-02-06,7.99,https://www.metacritic.com/game/pc/clem?ftag=MCD-06-10aaa1f,"Single-player,Steam Achievements,Full controller support,Steam Trading Cards,Steam Cloud,Family Sharing","Adventure,Indie","Mystery,Exploration,Puzzle,Escape Room,Female Protagonist,Psychological Horror,Multiple Endings,Atmospheric,Story Rich,Adventure,Investigation,Hand-drawn,Horror,Dark,Emotional,Supernatural,Magic,Crafting,Detective,Cute"
1466230,The Holy Gosh Darn,2024-09-26,3.99,https://www.metacritic.com/game/pc/the-holy-gosh-darn?ftag=MCD-06-10aaa1f,"Single-player,Steam Achievements,Full controller support,Steam Trading Cards,Steam Cloud,Family Sharing","Adventure,Indie","Adventure,Action-Adventure,2D,Cartoony,Metroidvania,Fantasy,Funny,Time Travel,Colorful,Indie,Comedy,Drama,Conversation,Story Rich,Singleplayer,Logic,Narrative,Female Protagonist"
3339880,OFF,2025-08-15,11.99,https://www.metacritic.com/game/pc/off?ftag=MCD-06-10aaa1f,"Single-player,Steam Achievements,Steam Trading Cards,Partial Controller Support,Steam Cloud,Family Sharing",RPG,
1672500,GUNDAM BREAKER 4,2024-08-28,29.99,https://www.metacritic.com/game/pc/gundam-breaker-4?ftag=MCD-06-10aaa1f,"Single-player,Multi-player,Co-op,Online Co-op,Steam Achievements,Full controller support,Steam Cloud,Family Sharing","Action,RPG","Action,Robots,Hack and Slash,Mechs,RPG,Action RPG,Co-op,3D,Anime,Character Customization,Multiplayer,Singleplayer,Sexual Content"
2493180,The Lullaby of Life,2024-04-30,3.74,https://www.metacritic.com/game/pc/the-lullaby-of-life?ftag=MCD-06-10aaa1f,"Single-player,Steam Achievements,Full controller support,Family Sharing","Adventure,Casual","Puzzle,Exploration,Music,Relaxing,Family Friendly,Linear,Abstract,Cute,Logic,Atmospheric,Adventure,Singleplayer,Stylized,Soundtrack,Controller,Ambient,Cozy,Casual,Immersive,Rhythm"
638990,UNDYING - KINGDOM,2023-12-07,7.99,https://www.metacritic.com/game/pc/undying?ftag=MCD-06-10aaa1f,"Single-player,Steam Achievements,Full controller support,Steam Cloud,Family Sharing","Adventure,Indie","Story Rich,Multiple Endings,Action RPG,Survival,Adventure,Zombies,Female Protagonist,Post-apocalyptic,Crafting,Top-Down,Horror,Cooking,Abstract,Cinematic,Dark Fantasy,RPG,Third Person,Open World,Singleplayer,Action"
1466390,Kathy Rain 2: Soothsayer,2025-05-20,13.99,https://www.metacritic.com/game/pc/kathy-rain-2-soothsayer?ftag=MCD-06-10aaa1f,"Single-player,Steam Achievements,Steam Cloud,Family Sharing","Adventure,Indie","Atmospheric,Investigation,2D,Mystery,Detective,Puzzle,Point & Click,Story Rich,Interactive Fiction,Noir,Singleplayer,Adventure,Conspiracy,1990's,Female Protagonist,Thriller,Retro,Pixel Graphics,Crime,Stylized"
832500,3 Minutes to Midnight® - A Comedy Graphic Adventure,2024-08-22,14.99,https://www.metacritic.com/game/pc/3-minutes-to-midnight?ftag=MCD-06-10aaa1f,"Single-player,Steam Achievements,Full controller support,Steam Trading Cards,Captions available,Adjustable Text Size,Color Alternatives,Custom Volume Controls,Mouse Only Option,Playable without Timed Input,Save Anytime,Surround Sound,Steam Cloud,Family Sharing","Adventure,Casual,Indie","Adventure,Point & Click,Comedy,Puzzle,Singleplayer,Funny,Story Rich,2D,Hand-drawn,Choices Matter,Cartoon,Nostalgia,Drama,Robots,Family Friendly,Colorful,1990's,Cult Classic,Retro,Classic"
541310,Tiny Thor,2023-06-05,3.99,https://www.metacritic.com/game/pc/tiny-thor?ftag=MCD-06-10aaa1f,"Single-player,Steam Achievements,Full controller support,Steam Trading Cards,Steam Cloud,Steam Leaderboards,Family Sharing","Action,Adventure,Indie","Soundtrack,Precision Platformer,Vikings,2D Platformer,Pixel Graphics,Collectathon,Old School,Unforgiving,Linear,Platformer,Side Scroller,1980s,Retro,Arcade,2D,Character Action Game,Comic Book,Action,Mythology,Minimalist"
1868140,DAVE THE DIVER,2023-06-28,10.99,https://www.metacritic.com/game/pc/dave-the-diver?ftag=MCD-06-10aaa1f,"Single-player,Steam Achievements,Full controller support,Steam Trading Cards,Steam Cloud,Family Sharing","Adventure,Casual,RPG,Simulation","Pixel Graphics,Casual,Management,Adventure,Relaxing,Exploration,Fishing,RPG,Underwater,Simulation,Singleplayer,Farming Sim,Rogue-lite,Story Rich,2D,Crafting,Funny,Agriculture,Action,Indie"
1269640,Beacon Pines,2022-09-22,5.99,https://www.metacritic.com/game/pc/beacon-pines?ftag=MCD-06-10aaa1f,"Single-player,Steam Achievements,Full controller support,Camera Comfort,Color Alternatives,Custom Volume Controls,Keyboard Only Option,Playable without Timed Input,Steam Cloud,Family Sharing","Adventure,Casual,Indie","Visual Novel,Story Rich,Emotional,Cozy,Colorful,Exploration,Singleplayer,Interactive Fiction,Horror,Casual,Cute,Relaxing,RPG,Atmospheric,Mystery,Narration,Hand-drawn,Adventure,Action-Adventure,Point & Click"
1283410,Tails of Iron,2021-09-17,1.99,https://www.metacritic.com/game/pc/tails-of-iron?ftag=MCD-06-10aaa1f,"Single-player,Steam Achievements,Steam Trading Cards,Partial Controller Support,Steam Cloud,Family Sharing","Action,Adventure,Indie","Action RPG,Souls-like,2D,Adventure,Action-Adventure,Story Rich,Combat,Difficult,Narration,RPG,Singleplayer,Action,Fantasy,Atmospheric,Dark Fantasy,Medieval,Character Customization,2.5D,Metroidvania,Swordplay"
1286990,CONSCRIPT: Director’s Cut,2024-07-23,6.79,https://www.metacritic.com/game/pc/conscript?ftag=MCD-06-10aaa1f,"Single-player,Steam Achievements,Full controller support,Steam Trading Cards,Camera Comfort,Color Alternatives,Custom Volume Controls,Adjustable Difficulty,Keyboard Only Option,Playable without Timed Input,Stereo Sound,Steam Cloud,Family Sharing","Action,Adventure,Indie","Survival Horror,Horror,World War I,Atmospheric,Isometric,Pixel Graphics,Top-Down,Inventory Management,Historical,Action-Adventure,Psychological Horror,Multiple Endings,Military,War,Alternate History,Dark,Survival,2D,Exploration,Adventure"
1062110,UNSIGHTED,2021-09-30,7.99,https://www.metacritic.com/game/pc/unsighted?ftag=MCD-06-10aaa1f,"Single-player,Multi-player,Co-op,Shared/Split Screen Co-op,Shared/Split Screen,Steam Achievements,Full controller support,Steam Cloud,Remote Play on Phone,Remote Play on Tablet,Remote Play on TV,Remote Play Together,Family Sharing","Action,Adventure,Indie,RPG","Action,Adventure,Female Protagonist,Metroidvania,Pixel Graphics,Indie,RPG,Souls-like,LGBTQ+,2D,Exploration,Action RPG,Sci-fi,Singleplayer,Post-apocalyptic,Atmospheric,Co-op,Platformer,Puzzle-Platformer,Shooter"
1159690,Voidtrain,2025-11-07,16.49,https://www.metacritic.com/game/pc/voidtrain?ftag=MCD-06-10aaa1f,"Single-player,Multi-player,Co-op,Online Co-op,Cross-Platform Multiplayer,Steam Achievements,Steam Trading Cards,Partial Controller Support,Steam Cloud,Family Sharing","Action,Adventure,Indie,RPG,Simulation","Open World Survival Craft,Co-op,Survival,Multiplayer,Base-Building,Crafting,Open World,Online Co-Op,Adventure,First-Person,Exploration,Building,Atmospheric,Singleplayer,Sandbox,Action,Simulation,Trains,Early Access,Indie"
1605320,Unusual Findings,2022-10-12,4.99,https://www.metacritic.com/game/pc/unusual-findings?ftag=MCD-06-10aaa1f,"Single-player,Steam Achievements,Steam Trading Cards,Captions available,Family Sharing","Adventure,Indie","Multiple Endings,Choices Matter,Old School,Point & Click,Adventure,Puzzle,Third Person,Conversation,2D,Story Rich,Hidden Object,Pixel Graphics,Nonlinear,Colorful,Family Friendly,Sci-fi,Atmospheric,Mystery,Comedy,America"
2368930,ISLANDERS: New Shores,2025-07-10,6.49,https://www.metacritic.com/game/pc/islanders-new-shores?ftag=MCD-06-10aaa1f,"Single-player,Steam Achievements,Full controller support,Adjustable Text Size,Camera Comfort,Custom Volume Controls,Mouse Only Option,Playable without Timed Input,Save Anytime,Stereo Sound,Steam Cloud,Steam Leaderboards,Family Sharing","Casual,Indie,Simulation,Strategy",
1229240,Chained Echoes,2022-12-08,12.49,https://www.metacritic.com/game/pc/chained-echoes?ftag=MCD-06-10aaa1f,"Single-player,Steam Achievements,Full controller support,Steam Trading Cards,Family Sharing","Indie,RPG","RPG,Pixel Graphics,Turn-Based,Indie,JRPG,Turn-Based Combat,Retro,2D,Exploration,Story Rich,Mechs,Party-Based RPG,Fantasy,Open World,Anime,Singleplayer,Great Soundtrack,Adventure,Character Customization,Old School"
640340,Serious Sam: Tormental,2022-04-08,2.99,https://www.metacritic.com/game/pc/serious-sam-tormental?ftag=MCD-06-10aaa1f,"Single-player,Multi-player,Co-op,Shared/Split Screen Co-op,Shared/Split Screen,Steam Achievements,Full controller support,Steam Cloud,Steam Leaderboards,Remote Play Together,Family Sharing","Action,Indie","Action,Action Roguelike,Indie,Bullet Hell,Rogue-lite,Top-Down Shooter,Twin Stick Shooter,Narrative,Co-op,Rogue-like"
1794680,Vampire Survivors,2022-10-20,3.74,https://www.metacritic.com/game/pc/vampire-survivors?ftag=MCD-06-10aaa1f,"Single-player,Multi-player,Co-op,Online Co-op,Steam Achievements,Full controller support,Steam Trading Cards,Steam Cloud,Remote Play Together,Family Sharing","Action,Casual,Indie,RPG","Action Roguelike,Bullet Hell,Pixel Graphics,Rogue-lite,Vampire,2D,Indie,Singleplayer,Casual,Arcade,Action,Rogue-like,RPG,Controller,Retro,Score Attack,Local Co-Op,Dark Fantasy,Action RPG,1980s"
2596420,Arranger: A Role-Puzzling Adventure,2024-07-25,7.99,https://www.metacritic.com/game/pc/arranger-a-role-puzzling-adventure?ftag=MCD-06-10aaa1f,"Single-player,Steam Achievements,Full controller support,Adjustable Text Size,Custom Volume Controls,Adjustable Difficulty,Keyboard Only Option,Playable without Timed Input,Save Anytime,Steam Cloud,Family Sharing","Adventure,Indie,RPG","Adventure,Puzzle,Singleplayer,Grid-Based Movement,2D,Exploration,Colorful,Minimalist,Atmospheric,Nature,Stylized,Relaxing,Funny,Story Rich,RPG,Comedy,Female Protagonist,Family Friendly,Soundtrack,Cozy"
1658150,Moonstone Island,2023-09-20,7.99,https://www.metacritic.com/game/pc/moonstone-island?ftag=MCD-06-10aaa1f,"Single-player,Steam Achievements,Full controller support,Steam Cloud,Family Sharing","Adventure,Indie,RPG","Creature Collector,Deckbuilding,2D,Pixel Graphics,Cute,Sandbox,Building,Farming Sim,Card Battler,Life Sim,Agriculture,RPG,Simulation,Relaxing,Fantasy,Action-Adventure,Strategy,Dating Sim,Cooking,Fishing"
928990,Undungeon,2021-11-18,3.99,https://www.metacritic.com/game/pc/undungeon?ftag=MCD-06-10aaa1f,"Single-player,Steam Achievements,Full controller support,Family Sharing","Action,Adventure,Indie,RPG","Action RPG,Atmospheric,Pixel Graphics,Dungeon Crawler,Post-apocalyptic,2D,Difficult,Adventure,Indie,Story Rich,Action-Adventure,Singleplayer,RPG,Rogue-like,Isometric,Action,Top-Down,Hack and Slash,Rogue-lite,Metroidvania"
230210,ASYLUM,2025-03-13,16.74,https://www.metacritic.com/game/pc/asylum?ftag=MCD-06-10aaa1f,"Single-player,Steam Achievements,Full controller support,Steam Cloud,Family Sharing","Adventure,Indie","Adventure,Indie,Horror,Point & Click,Psychological Horror,Atmospheric,Gore,Mystery,First-Person,Story Rich,Dark,Lovecraftian,Singleplayer,Exploration,Gothic,Puzzle,Supernatural,Kickstarter,Mature,Classic"
1736290,Crime O'Clock,2023-07-21,1.99,https://www.metacritic.com/game/pc/crime-oclock?ftag=MCD-06-10aaa1f,"Single-player,Steam Achievements,Steam Trading Cards,Steam Cloud,Family Sharing","Adventure,Casual,Indie","Investigation,Hidden Object,2D,Detective,Adventure,Puzzle,Mystery,Point & Click,Crime,Funny,Singleplayer,Hand-drawn,Casual,Story Rich,Cute,Comic Book,Comedy,Logic,Choices Matter,Narration"
1211240,Trifox,2022-10-14,19.99,https://www.metacritic.com/game/pc/trifox?ftag=MCD-06-10aaa1f,"Single-player,Steam Achievements,Full controller support,Steam Cloud,Family Sharing","Action,Adventure","3D Platformer,Twin Stick Shooter,Action-Adventure,Dungeon Crawler,Exploration,Top-Down Shooter,Adventure,Action,Funny,Cartoony,Cute,Colorful,Fantasy,Arcade,Combat,Singleplayer,Top-Down,Controller,Collectathon,3D"
2052040,Golden Lap,2024-09-26,11.24,https://www.metacritic.com/game/pc/golden-lap?ftag=MCD-06-10aaa1f,"Single-player,Steam Achievements,Steam Workshop,Steam Cloud,Family Sharing","Casual,Indie,Racing,Simulation,Sports,Strategy","Simulation,Management,Racing,Retro,Automobile Sim,2D,Minimalist,Singleplayer,Strategy,Old School,Casual,Sports,Indie,Colorful,Stylized,Relaxing,Moddable,Mouse only,Replay Value,Tactical"
3597580,Earthion,2025-07-31,13.99,https://www.metacritic.com/game/pc/earthion?ftag=MCD-06-10aaa1f,"Single-player,Steam Achievements,Full controller support,Steam Cloud,Remote Play on TV,Family Sharing",Action,
1422440,Cataclismo,2025-03-20,17.99,https://www.metacritic.com/game/pc/cataclismo?ftag=MCD-06-10aaa1f,"Single-player,Steam Achievements,Steam Trading Cards,Steam Workshop,Camera Comfort,Color Alternatives,Custom Volume Controls,Adjustable Difficulty,Mouse Only Option,Save Anytime,Stereo Sound,Subtitle Options,Steam Cloud,Family Sharing","Simulation,Strategy","Strategy,Base-Building,Simulation,RTS,City Builder,Building,Grand Strategy,Tactical,Sandbox,Management,Moddable,Historical,Open World,4X,Singleplayer,War,Resource Management,Economy,Replay Value,Real-Time with Pause"
1167630,Teardown,2022-04-21,14.99,https://www.metacritic.com/game/pc/teardown?ftag=MCD-06-10aaa1f,"Single-player,Steam Achievements,Full controller support,Steam Workshop,Steam Cloud,Includes level editor,Remote Play on Tablet,Family Sharing","Action,Indie,Simulation,Strategy","Destruction,Physics,Sandbox,Voxel,First-Person,Singleplayer,Open World,Heist,Realistic,3D,Simulation,Action,Puzzle,Driving,Indie,Replay Value,Multiplayer,Tactical,Immersive Sim,Puzzle-Platformer"
1063420,Void Crew,2024-11-25,17.49,https://www.metacritic.com/game/pc/void-crew?ftag=MCD-06-10aaa1f,"Single-player,Multi-player,Co-op,Online Co-op,Full controller support,Steam Trading Cards,Adjustable Text Size,Camera Comfort,Custom Volume Controls,Save Anytime,Stereo Sound,Family Sharing","Action,Adventure","Co-op,Multiplayer,Space Sim,Adventure,Space,Rogue-lite,Online Co-Op,PvE,First-Person,Action,Indie,Exploration,3D,Action-Adventure,Futuristic,Colorful,Sci-fi,Flight,Character Customization,Singleplayer"
1182310,The Excavation of Hob's Barrow,2022-09-28,6.74,https://www.metacritic.com/game/pc/the-excavation-of-hobs-barrow?ftag=MCD-06-10aaa1f,"Single-player,Steam Achievements,Steam Trading Cards,Captions available,Partial Controller Support,Steam Cloud,Commentary available,Family Sharing",Adventure,"Point & Click,Adventure,Horror,Pixel Graphics,Female Protagonist,Puzzle,Atmospheric,Dark,Interactive Fiction,Drama,Mystery,Emotional,Retro,Story Rich,Singleplayer,Thriller,Indie,Cinematic,Lovecraftian,Investigation"
1190170,OlliOlli World,2022-02-07,4.99,https://www.metacritic.com/game/pc/olliolli-world?ftag=MCD-06-10aaa1f,"Single-player,Steam Achievements,Full controller support,Steam Cloud,Family Sharing","Action,Indie,Sports","Sports,Precision Platformer,Skateboarding,2D Platformer,3D Platformer,Competitive,Difficult,Platformer,Character Customization,2D,3D,2.5D,Surreal,Procedural Generation,Action,Cartoony,Stylized,Colorful,Hand-drawn,Family Friendly"
3014080,The Hundred Line -Last Defense Academy-,2025-04-23,41.99,https://www.metacritic.com/game/pc/the-hundred-line-last-defense-academy?ftag=MCD-06-10aaa1f,"Single-player,Steam Achievements,Full controller support,Steam Trading Cards,Steam Cloud,Family Sharing","Adventure,Simulation","Multiple Endings,Story Rich,Adventure,Anime,Turn-Based Strategy,Visual Novel,Dark Humor,Dark Comedy,Dystopian,Turn-Based Tactics,Survival,Psychological Horror,Simulation,Atmospheric,Soundtrack,Singleplayer,Memes,Psychedelic,Sci-fi,Conspiracy"
3843570,Combat Mission 3: Afrika Korps,2025-09-16,4.79,https://www.metacritic.com/game/pc/combat-mission-3-afrika-korps?ftag=MCD-06-10aaa1f,"Single-player,Steam Cloud,Family Sharing","Simulation,Strategy",
2396980,Fate/stay night REMASTERED,2024-08-07,20.99,https://www.metacritic.com/game/pc/fatestay-night-remastered?ftag=MCD-06-10aaa1f,"Single-player,Steam Achievements,Full controller support,Steam Cloud,Family Sharing",Adventure,"Visual Novel,Anime,Sexual Content,Story Rich,Multiple Endings,Adventure,Magic,Emotional,2D,Choices Matter,Choose Your Own Adventure,Singleplayer,Great Soundtrack,Historical,Hentai,Fantasy,Romance,Nudity,Psychological Horror,Action"
2506450,Guayota,2024-08-13,7.49,https://www.metacritic.com/game/pc/guayota?ftag=MCD-06-10aaa1f,"Single-player,Steam Achievements,Full controller support,Steam Cloud,Family Sharing","Adventure,Indie","Puzzle-Platformer,Puzzle,Action-Adventure,Top-Down,Stylized,Exploration,Lovecraftian,Atmospheric,Story Rich,Logic,Psychological Horror,Mythology,Controller,Mystery,Adventure,Singleplayer,Indie,Action Roguelike"
2279330,Savant - Ascent REMIX,2023-09-29,1.99,https://www.metacritic.com/game/pc/savant---ascent-remix?ftag=MCD-06-10aaa1f,"Single-player,Steam Achievements,Full controller support,Steam Trading Cards,Steam Cloud,Steam Leaderboards,Family Sharing","Action,Indie","Bullet Hell,Shoot 'Em Up,Twin Stick Shooter,Score Attack,Time Attack,Arcade,Music,Dark Fantasy,Gothic,Souls-like,Shooter,Magic,Action,Colorful,Stylized,Sci-fi,Fantasy,Singleplayer,Pixel Graphics,Space"
3264170,Birdigo - bird word game,2025-07-30,4.99,https://www.metacritic.com/game/pc/birdigo---bird-word-game?ftag=MCD-06-10aaa1f,"Single-player,Steam Achievements,Full controller support,Steam Cloud,Family Sharing",Casual,
990080,Hogwarts Legacy,2023-02-10,5.99,https://www.metacritic.com/game/pc/hogwarts-legacy?ftag=MCD-06-10aaa1f,"Single-player,Steam Achievements,Full controller support,In-App Purchases,Adjustable Text Size,Camera Comfort,Custom Volume Controls,Narrated Game Menus,Save Anytime,Stereo Sound,Surround Sound,Steam Cloud,HDR available,Family Sharing","Action,Adventure,RPG","Magic,Open World,Fantasy,Singleplayer,Adventure,RPG,Character Customization,Exploration,Story Rich,Third Person,Action-Adventure,Atmospheric,Action RPG,Action,Combat,Choices Matter,Puzzle,Great Soundtrack,Dark,Family Friendly"
1501750,Lords of the Fallen,2023-10-13,14.99,https://www.metacritic.com/game/pc/lords-of-the-fallen?ftag=MCD-06-10aaa1f,"Single-player,Multi-player,PvP,Online PvP,Co-op,Online Co-op,Cross-Platform Multiplayer,Steam Achievements,Full controller support,Steam Cloud,Family Sharing","Action,Adventure,RPG","Souls-like,Exploration,Combat,Action,Dark Fantasy,RPG,Dragons,Story Rich,Online Co-Op,Action RPG,Singleplayer,Action-Adventure,Adventure,Medieval,Lore-Rich,Magic,Character Customization,Multiplayer,Fantasy,Open World"
1096140,Timemelters,2024-02-28,4.99,https://www.metacritic.com/game/pc/timemelters?ftag=MCD-06-10aaa1f,"Single-player,Multi-player,Co-op,Online Co-op,Steam Achievements,Full controller support,Steam Cloud,Steam Leaderboards,Family Sharing","Action,Indie,Strategy","Strategy,Fantasy,Online Co-Op,Time Management,Co-op,Puzzle,Multiplayer,Time Travel,Time Manipulation,Third-Person Shooter,Co-op Campaign,Indie,Real Time Tactics,Tower Defense,Tactical,Third Person,Magic,Action-Adventure,Action RTS,Story Rich"
835960,The Talos Principle 2,2023-11-02,8.99,https://www.metacritic.com/game/pc/the-talos-principle-2?ftag=MCD-06-10aaa1f,"Single-player,Steam Achievements,Full controller support,Steam Cloud,HDR available,Family Sharing","Action,Adventure","Puzzle,Story Rich,First-Person,Philosophical,Sci-fi,Puzzle-Platformer,Exploration,Walking Simulator,3D Platformer,Third Person,Lore-Rich,Post-apocalyptic,3D,Action-Adventure,Logic,Linear,Realistic,Political,Science,Mystery"
1580180,Gunbrella,2023-09-13,5.24,https://www.metacritic.com/game/pc/gunbrella?ftag=MCD-06-10aaa1f,"Single-player,Steam Achievements,Full controller support,Steam Cloud,Family Sharing","Action,Adventure","Side Scroller,Exploration,Platformer,Difficult,Action Roguelike,2D,Noir,Funny,Pixel Graphics,Action,Controller,Adventure,Singleplayer,Combat,Mature,Story Rich,Indie,Metroidvania"
1740720,Have a Nice Death,2023-03-22,9.99,https://www.metacritic.com/game/pc/have-a-nice-death?ftag=MCD-06-10aaa1f,"Single-player,Full controller support,Family Sharing","Action,Indie","Action Roguelike,Hack and Slash,Singleplayer,2D,Funny,Action,2D Platformer,Cartoony,Dark Humor,Cartoon,Rogue-like,Gothic,Rogue-lite,Controller,Comedy,Indie,Combat,Metroidvania,Early Access,Platformer"
2669410,Metro Awakening,2024-11-07,19.99,https://www.metacritic.com/game/pc/metro-awakening-vr?ftag=MCD-06-10aaa1f,"Single-player,Steam Achievements,Tracked Controller Support,VR Only,Steam Cloud,Family Sharing","Action,Adventure","VR,Exploration,Shooter,FPS,Story Rich,Post-apocalyptic,Futuristic,Dark,Cinematic,Shoot 'Em Up,Action-Adventure,First-Person,3D,Action,Cold War,Realistic,Adventure,6DOF,Singleplayer,Immersive"
1221250,NORCO,2022-03-24,5.24,https://www.metacritic.com/game/pc/norco?ftag=MCD-06-10aaa1f,"Single-player,Steam Achievements,Full controller support,Steam Cloud,Family Sharing","Adventure,Indie","Point & Click,Atmospheric,Story Rich,Pixel Graphics,Mystery,Dystopian,Noir,Investigation,Dark,Gothic,Colorful,Adventure,First-Person,Retro,Singleplayer,Surreal,Conspiracy,2D,Philosophical,Old School"
1276800,CONVERGENCE: A League of Legends Story™,2023-05-23,7.49,https://www.metacritic.com/game/pc/convrgence-a-league-of-legends-story?ftag=MCD-06-10aaa1f,"Single-player,Steam Achievements,Full controller support,Steam Trading Cards,Steam Cloud,Family Sharing","Action,Adventure","2D Platformer,Adventure,Time Manipulation,Singleplayer,Metroidvania,Combat,Colorful,Stylized,Platformer,Indie,Fantasy,Action,Linear,2D,Exploration,Parkour"
729000,Wytchwood,2021-12-09,4.99,https://www.metacritic.com/game/pc/wytchwood?ftag=MCD-06-10aaa1f,"Single-player,Steam Achievements,Full controller support,Steam Cloud,Remote Play on Phone,Remote Play on Tablet,Remote Play on TV,Family Sharing","Adventure,Casual,Indie,RPG","Crafting,Story Rich,Exploration,RPG,Investigation,Female Protagonist,Conversation,Atmospheric,Singleplayer,Colorful,Dark Fantasy,Stylized,Casual,2D,Fantasy,Magic,2.5D,Adventure,Gothic,Controller"
1963570,Cuisineer,2023-11-09,12.49,https://www.metacritic.com/game/pc/cuisineer?ftag=MCD-06-10aaa1f,"Single-player,Steam Achievements,Steam Trading Cards,Partial Controller Support,Steam Cloud,Family Sharing","Action,Adventure,Casual,Indie,RPG,Simulation","Action Roguelike,Cooking,Anime,Casual,Management,Wholesome,Dungeon Crawler,Hack and Slash,Cute,Simulation,Female Protagonist,JRPG,Fantasy,Rogue-lite,Hand-drawn,Character Action Game,RPG,3D,Atmospheric,Procedural Generation"
1921980,Between Horizons – A Sci-Fi Detective Adventure,2024-03-25,5.43,https://www.metacritic.com/game/pc/between-horizons?ftag=MCD-06-10aaa1f,"Single-player,Steam Achievements,Full controller support,Color Alternatives,Custom Volume Controls,Keyboard Only Option,Playable without Timed Input,Stereo Sound,Steam Cloud,Family Sharing","Adventure,Indie","Multiple Endings,Detective,Point & Click,Sci-fi,Investigation,Female Protagonist,Story Rich,Adventure,Pixel Graphics,Side Scroller,Space,Futuristic,Dynamic Narration,Choices Matter,Interactive Fiction,Conversation,Narration,Exploration,Lore-Rich,2.5D"
1129580,Medieval Dynasty,2021-09-23,17.49,https://www.metacritic.com/game/pc/medieval-dynasty?ftag=MCD-06-10aaa1f,"Single-player,Multi-player,Co-op,Online Co-op,Steam Achievements,Full controller support,Steam Trading Cards,Steam Cloud,Family Sharing","Action,Adventure,Indie,RPG,Simulation","Crafting,Building,Multiplayer,Co-op,Medieval,Survival,Open World,Immersive Sim,Sandbox,Base-Building,RPG,Singleplayer,Simulation,Atmospheric,Realistic,First-Person,Adventure,Historical,Management,Agriculture"
1976950,Desktop Dungeons: Rewind,2023-04-18,9.99,https://www.metacritic.com/game/pc/desktop-dungeons-rewind?ftag=MCD-06-10aaa1f,"Single-player,Steam Achievements,Full controller support,Steam Cloud,Steam Leaderboards,Family Sharing","Adventure,Indie,Strategy","Turn-Based,Rogue-like,Puzzle,Fantasy,Comedy,Difficult,Rogue-lite,Isometric,Tactical RPG,Resource Management,Top-Down,Replay Value,Dungeon Crawler,Procedural Generation,Turn-Based Strategy,Turn-Based Tactics,Loot,Remake,Traditional Roguelike,Soundtrack"
1712350,Riven,2024-06-25,20.99,https://www.metacritic.com/game/pc/riven?ftag=MCD-06-10aaa1f,"Single-player,Steam Achievements,Full controller support,Tracked Controller Support,VR Supported,Captions available,Camera Comfort,Color Alternatives,Custom Volume Controls,Playable without Timed Input,Save Anytime,Stereo Sound,Surround Sound,Steam Cloud,Remote Play on TV,HDR available,Family Sharing","Adventure,Casual,Indie","Puzzle,Adventure,Exploration,First-Person,Story Rich,Singleplayer,Atmospheric,Mystery,3D,Walking Simulator,Emotional,Casual,Logic,VR,Realistic,Investigation,Surreal,Philosophical,Relaxing,Multiple Endings"
1781010,Pine Hearts,2024-05-23,8.44,https://www.metacritic.com/game/pc/pine-hearts?ftag=MCD-06-10aaa1f,"Single-player,Steam Achievements,Full controller support,Adjustable Text Size,Color Alternatives,Custom Volume Controls,Keyboard Only Option,Playable without Timed Input,Steam Cloud,Family Sharing","Adventure,Casual,Indie","Wholesome,Exploration,Cute,Metroidvania,Puzzle,Collectathon,Story Rich,3D,Isometric,Emotional,Relaxing,Stylized,Family Friendly,Casual,Colorful,Minimalist,Narrative,Nature,Adventure,Singleplayer"
1522160,Disney Epic Mickey: Rebrushed,2024-09-24,23.99,https://www.metacritic.com/game/pc/disney-epic-mickey-rebrushed?ftag=MCD-06-10aaa1f,"Single-player,Steam Achievements,Full controller support,Steam Cloud,Family Sharing","Action,Adventure","3D Platformer,Action-Adventure,Remake,Family Friendly,Singleplayer,Choose Your Own Adventure,Side Scroller,Exploration,Puzzle-Platformer,Cartoon,Magic,Puzzle,Story Rich,Platformer,Cute,Lore-Rich,Third Person,Funny,Choices Matter,Multiple Endings"
1059900,Tribe: Primitive Builder,2023-10-12,6.99,https://www.metacritic.com/game/pc/tribe-primitive-builder?ftag=MCD-06-10aaa1f,"Single-player,Steam Achievements,Steam Cloud,Family Sharing","Adventure,Casual,Simulation","Nature,Simulation,Automation,3D,Family Friendly,Casual,Resource Management,Realistic,Colony Sim,Base-Building,City Builder,Exploration,Building,Crafting,First-Person,Singleplayer,Atmospheric,Adventure,Survival,Fishing"
602960,Barotrauma,2023-03-13,17.49,https://www.metacritic.com/game/pc/barotrauma?ftag=MCD-06-10aaa1f,"Single-player,Multi-player,PvP,Online PvP,Co-op,Online Co-op,Steam Achievements,Steam Trading Cards,Steam Workshop,Steam Cloud,Includes level editor,Family Sharing,Steam Timeline","Action,Indie,Simulation,Strategy","Co-op,Multiplayer,Survival,Submarine,Survival Horror,2D,Horror,Underwater,Simulation,Sci-fi,Management,Strategy,Action,Difficult,Moddable,Gore,Violent,Singleplayer,Naval,Early Access"
1585180,Drova - Forsaken Kin,2024-10-15,18.74,https://www.metacritic.com/game/pc/drova---forsaken-kin?ftag=MCD-06-10aaa1f,"Single-player,Steam Achievements,Full controller support,Steam Trading Cards,Steam Workshop,Steam Cloud,Family Sharing","Action,Adventure,Indie,RPG","RPG,Exploration,Action RPG,2D,Character Customization,Pixel Graphics,CRPG,Choices Matter,Souls-like,Open World,Action,Dark Fantasy,Story Rich,Dynamic Narration,Fantasy,Magic,Singleplayer,Mystery,Adventure,Atmospheric"
824000,Hokko Life,2022-09-27,3.99,https://www.metacritic.com/game/pc/hokko-life?ftag=MCD-06-10aaa1f,"Single-player,Steam Achievements,Full controller support,Steam Cloud,Family Sharing","Adventure,Casual,Indie,RPG,Simulation","Life Sim,Farming Sim,Casual,Simulation,Farming,Adventure,Fishing,Agriculture,RPG,Indie,Cute,Cozy,Wholesome,Relaxing,Building,Family Friendly,Character Customization,Crafting,Colorful,Singleplayer"
1587130,Blood West,2023-12-05,9.99,https://www.metacritic.com/game/pc/blood-west?ftag=MCD-06-10aaa1f,"Single-player,Steam Achievements,Full controller support,Steam Trading Cards,Steam Cloud,Family Sharing","Action,Indie,RPG","FPS,Open World,Western,Stealth,RPG,Retro,Horror,First-Person,1990's,Shooter,Immersive Sim,Souls-like,Singleplayer,Action,Survival Horror,Inventory Management,Dark,Survival,Lovecraftian,Demons"
1355090,RAILGRADE,2023-10-13,8.99,https://www.metacritic.com/game/pc/railgrade?ftag=MCD-06-10aaa1f,"Single-player,Steam Achievements,Full controller support,Steam Trading Cards,Steam Cloud,Family Sharing","Simulation,Strategy","Strategy,Trains,Simulation,Automation,Resource Management,Puzzle,Moddable,Building,Management,Economy,City Builder,Crafting,Sandbox,Transportation,Mining,Singleplayer,Real-Time,Casual,3D,Base-Building"
2331330,The Bridge Curse 2: The Extrication,2024-05-09,13.74,https://www.metacritic.com/game/pc/the-bridge-curse-2-the-extrication?ftag=MCD-06-10aaa1f,"Single-player,Steam Achievements,Full controller support,Steam Cloud",Adventure,"Mystery,Story Rich,Psychological Horror,Multiple Endings,Atmospheric,Drama,Thriller,Stealth,Survival Horror,Supernatural,Exploration,Walking Simulator,First-Person,Adventure,Investigation,Cinematic,Singleplayer,Conspiracy,Horror,Action-Adventure"
975370,Dwarf Fortress,2022-12-06,23.99,https://www.metacritic.com/game/pc/dwarf-fortress?ftag=MCD-06-10aaa1f,"Single-player,Steam Workshop,Family Sharing","Indie,Simulation,Strategy","Dwarf,Colony Sim,Strategy,Simulation,Base-Building,City Builder,Sandbox,Management,Building,Survival,Rogue-like,Open World,Procedural Generation,Resource Management,Fantasy,Crafting,Economy,Moddable,Difficult,Exploration"
1662480,Nuclear Blaze,2021-10-18,2.49,https://www.metacritic.com/game/pc/nuclear-blaze?ftag=MCD-06-10aaa1f,"Single-player,Steam Achievements,Full controller support,Steam Cloud,Family Sharing","Action,Adventure,Indie","2D Platformer,Atmospheric,Exploration,Mystery,Action-Adventure,Colorful,Family Friendly,Casual,Short,Platformer,Singleplayer,Action,Side Scroller,2D,Pixel Graphics,Indie,Adventure,Survival,Combat,Story Rich"
982290,Airborne Kingdom,2022-03-07,6.24,https://www.metacritic.com/game/pc/airborne-kingdom?ftag=MCD-06-10aaa1f,"Single-player,Steam Achievements,Steam Trading Cards,Partial Controller Support,Steam Cloud,Family Sharing","Adventure,Indie,Simulation","City Builder,Base-Building,Exploration,Building,Singleplayer,Resource Management,Sandbox,Relaxing,3D,Steampunk,Strategy,Colorful,Stylized,Economy,Atmospheric,Real-Time with Pause,Simulation,Indie,Casual,Adventure"
1276740,Protodroid DeLTA,2023-05-25,7.99,https://www.metacritic.com/game/pc/protodroid-delta?ftag=MCD-06-10aaa1f,"Single-player,Steam Achievements,Full controller support,Steam Cloud,Family Sharing","Action,Adventure,Indie","3D Platformer,Action-Adventure,Female Protagonist,Action,Adventure,Third-Person Shooter,Singleplayer,Indie,Futuristic,Nature,Colorful,3D,Precision Platformer,Anime,Platformer,Arcade,Exploration,Third Person,Robots,LGBTQ+"
2172860,The Elder Scrolls Online: Necrom,2023-06-05,0.0,https://www.metacritic.com/game/pc/the-elder-scrolls-online-necrom?ftag=MCD-06-10aaa1f,"Multi-player,MMO,PvP,Online PvP,Co-op,Online Co-op,Steam Trading Cards,Captions available,In-App Purchases,Partial Controller Support","Action,Adventure,Massively Multiplayer,RPG","RPG,Action,Adventure,Massively Multiplayer,Open World,Fantasy,MMORPG,Exploration,Supernatural,Multiplayer,Singleplayer,Character Customization,Story Rich,PvP,PvE,Choose Your Own Adventure,Lore-Rich,Action RPG,Class-Based,Dark Fantasy"
3274580,Anno 117: Pax Romana,2025-11-12,53.99,https://www.metacritic.com/game/pc/anno-117-pax-romana?ftag=MCD-06-10aaa1f,"Single-player,Multi-player,PvP,Online PvP,Co-op,Online Co-op,Steam Achievements,Full controller support","Simulation,Strategy",
1582680,"Trolley Problem, Inc.",2022-04-21,1.09,https://www.metacritic.com/game/pc/trolley-problem-inc?ftag=MCD-06-10aaa1f,"Single-player,Multi-player,Co-op,Shared/Split Screen Co-op,Shared/Split Screen,Steam Achievements,Full controller support,Steam Cloud,Family Sharing","Casual,Indie,Simulation","Choices Matter,Indie,Dark Humor,Casual,Life Sim,Simulation,Minimalist,Text-Based,Immersive Sim,Artificial Intelligence,Capitalism,Comedy,Education,Philosophical,Funny,Singleplayer,Satire,Surreal,Underground,Co-op"
1634080,Nocturnal,2023-06-07,3.39,https://www.metacritic.com/game/pc/nocturnal?ftag=MCD-06-10aaa1f,"Single-player,Steam Achievements,Full controller support,Steam Cloud,Family Sharing","Action,Adventure","Side Scroller,Action-Adventure,Linear,Exploration,Narration,Action,Hand-drawn,Mystery,2D Platformer,Dark,Combat,Platformer,2D,Indie,Soundtrack,Singleplayer,Demons,Adventure,Puzzle-Platformer,Puzzle"
813230,ANIMAL WELL,2024-05-09,17.49,https://www.metacritic.com/game/pc/animal-well?ftag=MCD-06-10aaa1f,"Single-player,Steam Achievements,Full controller support,Steam Cloud,Family Sharing","Action,Adventure,Indie","Metroidvania,Exploration,Puzzle,Pixel Graphics,Puzzle-Platformer,Horror,Platformer,2D,Atmospheric,Adventure,Mystery,Action,Indie,Surreal,Nonlinear,Relaxing,Cute,Singleplayer,Retro,Controller"
1580520,Lost Eidolons,2022-10-13,17.49,https://www.metacritic.com/game/pc/lost-eidolons?ftag=MCD-06-10aaa1f,"Single-player,Steam Achievements,Full controller support,Steam Cloud,Family Sharing","Casual,Indie,RPG,Strategy","JRPG,War,Perma Death,Story Rich,RPG,Turn-Based Strategy,Tactical,Strategy,Turn-Based Combat,Singleplayer,Turn-Based Tactics,Tactical RPG,Strategy RPG,Turn-Based,Soundtrack,Crowdfunded,Based On A Novel,Kickstarter,Historical,Party-Based RPG"
1227650,Bang-On Balls: Chronicles,2023-10-05,8.74,https://www.metacritic.com/game/pc/bang-on-balls-chronicles?ftag=MCD-06-10aaa1f,"Single-player,Multi-player,Co-op,Online Co-op,Shared/Split Screen Co-op,Shared/Split Screen,Full controller support,Steam Cloud,Remote Play Together,Family Sharing","Action,Adventure,Casual,Indie","Combat,Co-op,Open World,Local Co-Op,Sandbox,Singleplayer,Adventure,Online Co-Op,Split Screen,Action,Exploration,Funny,Multiplayer,Physics,Collectathon,PvE,Comedy,3D Platformer,3D,Family Friendly"
1971870,Mortal Kombat 1,2023-09-19,9.99,https://www.metacritic.com/game/pc/mortal-kombat-1?ftag=MCD-06-10aaa1f,"Single-player,Multi-player,PvP,Online PvP,Shared/Split Screen PvP,Shared/Split Screen,Cross-Platform Multiplayer,Steam Achievements,Full controller support,Steam Trading Cards,In-App Purchases,Chat Speech-to-text,Chat Text-to-speech,Custom Volume Controls,Keyboard Only Option,Narrated Game Menus,Stereo Sound,Subtitle Options,Surround Sound,Steam Cloud,Remote Play on TV,Remote Play Together,HDR available,Family Sharing",Action,"Fighting,Action,Gore,Multiplayer,2D Fighter,Blood,Martial Arts,Violent,PvP,Arcade,Story Rich,Singleplayer,Character Customization,2.5D,Atmospheric,Competitive,Mature,Local Co-Op,Horror,3D"
1585440,They Always Run,2021-10-20,2.99,https://www.metacritic.com/game/pc/they-always-run?ftag=MCD-06-10aaa1f,"Single-player,Steam Achievements,Steam Trading Cards,Partial Controller Support,Steam Cloud,Family Sharing","Action,Adventure","Ninja,Sci-fi,2D,Platformer,Action-Adventure,Hand-drawn,Action,Space,Western,Story Rich,Crime,Hack and Slash,Combat,Singleplayer,Atmospheric,2D Platformer,Adventure,Fast-Paced,Indie,Side Scroller"
2172180,Howl,2023-11-14,2.99,https://www.metacritic.com/game/pc/howl?ftag=MCD-06-10aaa1f,"Single-player,Steam Achievements,Full controller support,Steam Cloud,Family Sharing","Adventure,Indie,Strategy","Turn-Based Strategy,Strategy,Stylized,Puzzle,Fantasy,Turn-Based Tactics,Werewolves,Magic,Medieval,Tactical,Hand-drawn,Singleplayer,Turn-Based Combat,Grid-Based Movement,2D,Dark,Female Protagonist,Supernatural,Adventure,Mythology"
2361770,SHINOBI: Art of Vengeance,2025-08-28,20.99,https://www.metacritic.com/game/pc/shinobi-art-of-vengeance?ftag=MCD-06-10aaa1f,"Single-player,Steam Achievements,Full controller support,Steam Trading Cards,Color Alternatives,Custom Volume Controls,Adjustable Difficulty,Keyboard Only Option,Playable without Timed Input,Steam Cloud,Family Sharing",Action,
2447030,Planetiles,2024-04-03,2.49,https://www.metacritic.com/game/pc/planetiles?ftag=MCD-06-10aaa1f,"Single-player,Steam Achievements,Full controller support,Steam Cloud,Family Sharing","Indie,Strategy","Turn-Based Tactics,City Builder,Puzzle,Rogue-like,Board Game,Relaxing,Sci-fi,Rogue-lite,Turn-Based Strategy,Strategy,3D,Space,Top-Down,Base-Building,Mars,Stylized,Building,Management,Score Attack,Atmospheric"
2720950,Grunn,2024-10-04,9.74,https://www.metacritic.com/game/pc/grunn?ftag=MCD-06-10aaa1f,"Single-player,Steam Achievements,Full controller support,Steam Cloud,Family Sharing","Adventure,Indie,Simulation","Horror,Multiple Endings,Choices Matter,Simulation,Farming Sim,Adventure,Mystery,Exploration,First-Person,Investigation,Atmospheric,3D,Action-Adventure,Indie,Casual,Psychological Horror,Singleplayer,Story Rich,Dark,Cinematic"
1629520,A Little to the Left,2022-11-08,5.99,https://www.metacritic.com/game/pc/a-little-to-the-left?ftag=MCD-06-10aaa1f,"Single-player,Steam Achievements,Full controller support,Steam Trading Cards,Camera Comfort,Color Alternatives,Custom Volume Controls,Adjustable Difficulty,Keyboard Only Option,Mouse Only Option,Playable without Timed Input,Touch Only Option,Steam Cloud,Family Sharing","Casual,Indie","Puzzle,Relaxing,Wholesome,Casual,Cute,Cozy,Logic,2D,Cats,Colorful,Funny,Singleplayer,Indie,Hand-drawn,Hidden Object,Linear,Family Friendly,Pixel Graphics,Point & Click,Multiplayer"
1293170,BZZZT,2023-11-13,2.99,https://www.metacritic.com/game/pc/bzzzt?ftag=MCD-06-10aaa1f,"Single-player,Steam Achievements,Full controller support,Steam Trading Cards,Captions available,Steam Cloud,Steam Leaderboards,Family Sharing","Action,Indie","Precision Platformer,Score Attack,Pixel Graphics,Soundtrack,2D Platformer,Difficult,Funny,Time Attack,Controller,2D,Cute,Colorful,Fast-Paced,Action,Platformer,Indie,Robots,Singleplayer,Arcade,Perma Death"
2719200,SAMURAI WARRIORS 4 DX,2024-05-13,29.99,https://www.metacritic.com/game/pc/samurai-warriors-4-dx?ftag=MCD-06-10aaa1f,"Single-player,Multi-player,Co-op,Online Co-op,Shared/Split Screen Co-op,Shared/Split Screen,Steam Achievements,Full controller support,Custom Volume Controls,Adjustable Difficulty,Keyboard Only Option,Playable without Timed Input,Save Anytime,Stereo Sound,Steam Cloud,Family Sharing",Action,"Action,Musou,Hack and Slash,Historical,Spectacle fighter,3D,War,Third Person,Controller,Online Co-Op,Singleplayer,3D Platformer,Multiplayer,Local Multiplayer,Co-op,Local Co-Op,Anime,Character Customization"
301280,Skin Deep,2025-04-30,12.99,https://www.metacritic.com/game/pc/skin-deep?ftag=MCD-06-10aaa1f,"Single-player,Steam Achievements,Full controller support,Steam Workshop,Steam Cloud,Family Sharing,Steam Timeline","Action,Indie,Simulation","Immersive Sim,FPS,Stealth,Sci-fi,Sandbox,Exploration,Shooter,First-Person,Action,Space,Tactical,Atmospheric,Futuristic,Singleplayer,Immersive,Indie,Violent,Adventure,Old School,Survival"
1171320,Frog Detective 3: Corruption at Cowboy County,2022-10-26,2.74,https://www.metacritic.com/game/pc/frog-detective-3-corruption-at-cowboy-county?ftag=MCD-06-10aaa1f,"Single-player,Steam Achievements,Full controller support,Steam Cloud,Family Sharing","Adventure,Casual,Indie","Comedy,Funny,Short,Casual,Cute,Mystery,Detective,Exploration,Investigation,Colorful,Relaxing,Walking Simulator,Point & Click,Sequel,Soundtrack,Indie,Interactive Fiction,Adventure,Singleplayer,LGBTQ+"
916140,The Tale of Bistun,2022-07-13,5.39,https://www.metacritic.com/game/pc/the-tale-of-bistun?ftag=MCD-06-10aaa1f,"Single-player,Steam Achievements,Full controller support,Family Sharing","Action,Adventure,Casual,Indie","Adventure,Relaxing,Mythology,Indie,Narration,Romance,Action-Adventure,Isometric,Education,Combat,Story Rich,Singleplayer,Atmospheric,Action,Colorful,Historical,Controller,Emotional,Nature,Exploration"
3028310,Nordhold,2025-03-25,12.99,https://www.metacritic.com/game/pc/nordhold?ftag=MCD-06-10aaa1f,"Single-player,Steam Achievements,Steam Trading Cards,Steam Cloud,Steam Leaderboards,Family Sharing","Indie,Strategy","Rogue-lite,Tower Defense,City Builder,Top-Down,Management,Strategy,3D,Casual,Procedural Generation,Singleplayer,Medieval,PvE,Choices Matter,Tactical,Resource Management,Replay Value,Indie,Turn-Based Strategy,Rogue-like,Base-Building"
1347970,Patch Quest,2023-03-02,3.74,https://www.metacritic.com/game/pc/patch-quest?ftag=MCD-06-10aaa1f,"Single-player,Multi-player,Co-op,Shared/Split Screen Co-op,Shared/Split Screen,Steam Achievements,Full controller support,Color Alternatives,Save Anytime,Steam Cloud,Remote Play Together,Family Sharing","Action,Adventure,Indie","Adventure,Creature Collector,Rogue-lite,Base-Building,Bullet Hell,Shoot 'Em Up,Arena Shooter,Co-op,Twin Stick Shooter,Action Roguelike,Action,Metroidvania,Puzzle,Local Multiplayer,Arcade,Procedural Generation,Difficult,Dungeon Crawler,Roguevania,Indie"
1644320,Railway Empire 2,2023-05-25,27.49,https://www.metacritic.com/game/pc/railway-empire-2?ftag=MCD-06-10aaa1f,"Single-player,Multi-player,Co-op,Online Co-op,Steam Achievements,Steam Trading Cards,Partial Controller Support,Steam Cloud,Stats,Steam Leaderboards,Family Sharing","Simulation,Strategy","Simulation,Strategy,Trains,Management,Transportation,Sandbox,Economy,Resource Management,Building,Exploration,America,City Builder,Historical,Western,Trading,Crafting,Co-op,Singleplayer,Tutorial,Immersive Sim"
1815570,Aces & Adventures,2023-02-23,1.99,https://www.metacritic.com/game/pc/aces-and-adventures?ftag=MCD-06-10aaa1f,"Single-player,Steam Achievements,Steam Cloud,Family Sharing","Adventure,RPG,Strategy","Deckbuilding,Adventure,Card Game,Strategy,Rogue-lite,Atmospheric,Replay Value,Rogue-like,Tactical RPG,Action Roguelike,3D,Fantasy,Strategy RPG,Combat,Card Battler,Trading Card Game,Dark,RPG,Crafting,Mythology"
1811990,Wildfrost,2023-04-12,11.99,https://www.metacritic.com/game/pc/wildfrost?ftag=MCD-06-10aaa1f,"Single-player,Steam Achievements,Full controller support,Steam Workshop,Steam Workshop,Steam Cloud,Family Sharing","Indie,Strategy","Card Battler,Difficult,Roguelike Deckbuilder,Card Game,Turn-Based Tactics,Rogue-lite,Deckbuilding,Rogue-like,Singleplayer,Turn-Based,Unforgiving,Perma Death,Turn-Based Strategy,Replay Value,Procedural Generation,Strategy,Colorful,Controller,Fantasy,Base-Building"
2863640,The Midnight Walk,2025-05-08,21.99,https://www.metacritic.com/game/pc/the-midnight-walk?ftag=MCD-06-10aaa1f,"Single-player,Steam Achievements,Full controller support,VR Supported,Family Sharing","Adventure,Indie","Adventure,Atmospheric,Horror,Dark Fantasy,Singleplayer,Dark,Stealth,Narration,VR,Cinematic,Story Rich,Action-Adventure,Fantasy,Emotional,Puzzle,Exploration,Hand-drawn,Controller,First-Person,Lore-Rich"
962130,Grounded,2022-09-27,19.99,https://www.metacritic.com/game/pc/grounded?ftag=MCD-06-10aaa1f,"Single-player,Multi-player,Co-op,Online Co-op,Full controller support,Steam Trading Cards,Steam Cloud,Remote Play on Tablet,Family Sharing","Action,Adventure","Survival,Multiplayer,Co-op,Open World Survival Craft,Base-Building,Crafting,Adventure,Open World,Horror,Online Co-Op,Exploration,Action,Sandbox,First-Person,Singleplayer,RPG,Third Person,Cute,Funny,Early Access"
2377280,Eriksholm: The Stolen Dream,2025-07-15,29.99,https://www.metacritic.com/game/pc/eriksholm-the-stolen-dream?ftag=MCD-06-10aaa1f,"Single-player,Steam Achievements,Full controller support,Custom Volume Controls,Playable without Timed Input,Steam Cloud,Family Sharing","Action,Adventure,Strategy",
1735700,Back to the Dawn,2025-07-17,19.19,https://www.metacritic.com/game/pc/back-to-the-dawn?ftag=MCD-06-10aaa1f,"Single-player,Steam Achievements,Full controller support,Steam Trading Cards,Color Alternatives,Adjustable Difficulty,Stereo Sound,Steam Cloud,Family Sharing","Adventure,Indie,RPG,Simulation,Strategy","RPG,Story Rich,Pixel Graphics,Detective,Choices Matter,Multiple Endings,Adventure,Strategy RPG,Crime,Investigation,Singleplayer,Mystery,Indie,Drama,Simulation,Strategy,CRPG,Early Access,Funny,2.5D"
2367820,despelote,2025-05-01,9.74,https://www.metacritic.com/game/pc/despelote?ftag=MCD-06-10aaa1f,"Single-player,Full controller support,Family Sharing","Adventure,Sports","Adventure,Football (Soccer),Emotional,Sandbox,Story Rich,Interactive Fiction,Exploration,Immersive Sim,3D,Cinematic,Comic Book,First-Person,Stylized,Hand-drawn,Foreign,Conversation,Funny,Walking Simulator,Singleplayer,Sports"
1446780,MONSTER HUNTER RISE,2022-01-12,7.99,https://www.metacritic.com/game/pc/monster-hunter-rise?ftag=MCD-06-10aaa1f,"Single-player,Multi-player,Co-op,Online Co-op,Steam Achievements,Full controller support,Steam Trading Cards,Steam Cloud,HDR available,Family Sharing",Action,"Action,Hunting,Online Co-Op,Character Customization,RPG,Multiplayer,Action RPG,Co-op,Singleplayer,Third Person,JRPG,PvE,Fantasy,Anime,Dragons,3D,Nature,Atmospheric,Open World,Ninja"
1328840,Lost in Play,2022-08-10,5.99,https://www.metacritic.com/game/pc/lost-in-play?ftag=MCD-06-10aaa1f,"Single-player,Steam Achievements,Full controller support,Steam Cloud,Family Sharing","Adventure,Indie","Puzzle,Point & Click,Indie,Singleplayer,Mystery,Casual,Hand-drawn,Cartoon,Adventure,Female Protagonist,Fantasy,Wholesome,Comedy,Colorful,Story Rich,Family Friendly,Surreal,Funny,Atmospheric,2D"
2187220,Apollo Justice: Ace Attorney Trilogy,2024-01-24,19.99,https://www.metacritic.com/game/pc/apollo-justice-ace-attorney-trilogy?ftag=MCD-06-10aaa1f,"Single-player,Steam Achievements,Full controller support,Steam Cloud,Family Sharing",Adventure,"Adventure,Visual Novel,Detective,Anime,Investigation,Mystery,Singleplayer,Crime,3D,Story Rich,Choose Your Own Adventure,Text-Based,Great Soundtrack,Point & Click,Puzzle,Funny"
916350,Saturnalia,2023-11-08,4.49,https://www.metacritic.com/game/pc/saturnalia?ftag=MCD-06-10aaa1f,"Single-player,Steam Achievements,Full controller support,Steam Trading Cards,Camera Comfort,Custom Volume Controls,Adjustable Difficulty,Playable without Timed Input,Save Anytime,Stereo Sound,Subtitle Options,Steam Cloud,Family Sharing",Adventure,"Adventure,Action-Adventure,Exploration,Stylized,Third Person,1980s,Atmospheric,Conspiracy,Detective,Horror,Investigation,Lovecraftian,Mystery,Survival Horror,Thriller,Comic Book,Dynamic Narration,Controller,Open World,Multiple Endings"
1272320,Diplomacy is Not an Option,2024-10-04,13.49,https://www.metacritic.com/game/pc/diplomacy-is-not-an-option?ftag=MCD-06-10aaa1f,"Single-player,Steam Achievements,Steam Trading Cards,Steam Workshop,Steam Cloud,Includes level editor,Family Sharing","Indie,Simulation,Strategy","Real-Time with Pause,Resource Management,Simulation,Tactical,Military,Strategy,RTS,Base-Building,War,Singleplayer,Medieval,City Builder,Historical,PvE,Action RTS,Difficult,Tower Defense,Zombies,Survival,Colony Sim"
2183600,Kingdom Under Fire: A War of Heroes (GOLD Edition),2022-12-06,0.0,https://www.metacritic.com/game/pc/kingdom-under-fire-a-war-of-heroes?ftag=MCD-06-10aaa1f,"Single-player,Multi-player,PvP,Online PvP","Action,RPG,Strategy,Free To Play,Early Access",
1364780,Street Fighter™ 6,2023-06-01,19.99,https://www.metacritic.com/game/pc/street-fighter-6?ftag=MCD-06-10aaa1f,"Single-player,Multi-player,PvP,Online PvP,Shared/Split Screen PvP,Shared/Split Screen,Cross-Platform Multiplayer,Steam Achievements,Steam Trading Cards,In-App Purchases,Camera Comfort,Custom Volume Controls,Adjustable Difficulty,Keyboard Only Option,Save Anytime,Stereo Sound,Surround Sound,Partial Controller Support,Steam Cloud,Family Sharing","Action,Adventure","2D Fighter,Fighting,Character Customization,Arcade,Action,Multiplayer,Competitive,PvP,Adventure,Singleplayer,e-sports,Open World,Local Multiplayer,Controller,3D,Martial Arts,Action RPG,Great Soundtrack,Sandbox,Anime"
2525310,Drop Duchy,2025-05-05,11.24,https://www.metacritic.com/game/pc/drop-duchy?ftag=MCD-06-10aaa1f,"Single-player,Steam Achievements,Full controller support,Steam Cloud,Family Sharing","Adventure,Indie,Strategy","Puzzle,Strategy,Rogue-like,Singleplayer,Indie,Rogue-lite,Card Battler,Medieval,Board Game,Historical,Real Time Tactics,Tabletop,Procedural Generation,Turn-Based Tactics,Adventure,Colorful,Logic,Action,Arcade,Simulation"
2161700,Persona 3 Reload,2024-02-01,26.99,https://www.metacritic.com/game/pc/persona-3-reload?ftag=MCD-06-10aaa1f,"Single-player,Steam Achievements,Full controller support,Steam Trading Cards,Custom Volume Controls,Adjustable Difficulty,Keyboard Only Option,Playable without Timed Input,Stereo Sound,Surround Sound,Steam Cloud,Family Sharing","Adventure,RPG,Strategy","JRPG,RPG,Anime,Party-Based RPG,Turn-Based Strategy,Adventure,Dating Sim,Story Rich,Strategy,Dark,Emotional,Visual Novel,Strategy RPG,Great Soundtrack,Turn-Based Combat,Colorful,Mystery,Supernatural,Detective,Multiple Endings"
2291060,EARTH DEFENSE FORCE 6,2024-07-25,26.39,https://www.metacritic.com/game/pc/earth-defense-force-6?ftag=MCD-06-10aaa1f,"Single-player,Multi-player,Co-op,Online Co-op,Shared/Split Screen Co-op,Shared/Split Screen,Steam Achievements,Full controller support,Steam Cloud,Remote Play Together,Family Sharing",Action,"Action,Third-Person Shooter,Shooter,Online Co-Op,3D,Sci-fi,PvE,Singleplayer,Multiplayer,Co-op,Local Co-Op,Local Multiplayer,Gore,Violent,Mechs,Anime"
606160,ROUTINE,2025-12-04,24.99,https://www.metacritic.com/game/pc/routine?ftag=MCD-06-10aaa1f,"Single-player,Steam Achievements,Full controller support,Steam Cloud,Family Sharing","Action,Adventure,Indie",
1599330,Wildmender,2023-09-28,9.99,https://www.metacritic.com/game/pc/wildmender?ftag=MCD-06-10aaa1f,"Single-player,Multi-player,Co-op,Online Co-op,Steam Achievements,Full controller support,Steam Trading Cards,Steam Cloud,Family Sharing","Adventure,Indie,Simulation,Strategy","3D,Third Person,RPG,Simulation,Farming Sim,Strategy,Multiplayer,Singleplayer,Open World Survival Craft,Base-Building,Exploration,Survival,Nature,Agriculture,Relaxing,Crafting,Character Customization,Action-Adventure,Lore-Rich,Online Co-Op"
1173220,Bleak Faith: Forsaken,2023-03-10,14.99,https://www.metacritic.com/game/pc/bleak-faith-forsaken?ftag=MCD-06-10aaa1f,"Single-player,Steam Achievements,Full controller support,Steam Cloud,Family Sharing","Action,Adventure,Indie,RPG","Action,Souls-like,Adventure,RPG,Action RPG,Action-Adventure,Exploration,Open World,Survival Horror,Survival,3D,Third Person,Dark,Horror,Stealth,PvP,Choices Matter,Crafting,Singleplayer,Indie"
1479730,Commandos: Origins,2025-04-09,37.49,https://www.metacritic.com/game/pc/commandos-origins?ftag=MCD-06-10aaa1f,"Single-player,Multi-player,Co-op,Online Co-op,LAN Co-op,Shared/Split Screen Co-op,Shared/Split Screen,Cross-Platform Multiplayer,Steam Achievements,Full controller support,Steam Trading Cards,Color Alternatives,Custom Volume Controls,Adjustable Difficulty,Playable without Timed Input,Stereo Sound,Steam Cloud,Family Sharing",Strategy,"Strategy,Real Time Tactics,Action-Adventure,RTS,Wargame,3D,Isometric,Realistic,Top-Down,Military,World War II,Atmospheric,Stealth,Historical,Tactical,War,Singleplayer,Combat"
1556790,Isonzo,2022-09-13,5.99,https://www.metacritic.com/game/pc/isonzo?ftag=MCD-06-10aaa1f,"Single-player,Multi-player,PvP,Online PvP,Steam Achievements,Steam Trading Cards,Adjustable Text Size,Camera Comfort,Custom Volume Controls,Adjustable Difficulty,Keyboard Only Option,Playable without Timed Input,Stereo Sound,Surround Sound,Partial Controller Support,Steam Cloud,Family Sharing","Action,Indie,Massively Multiplayer,Simulation,Strategy","Atmospheric,Simulation,Indie,Team-Based,PvP,Realistic,Wargame,Class-Based,Military,Massively Multiplayer,War,World War I,FPS,Historical,First-Person,Singleplayer,Multiplayer,Shooter,Action,Tactical"
814000,ONE PIECE ODYSSEY,2023-01-12,14.79,https://www.metacritic.com/game/pc/one-piece-odyssey?ftag=MCD-06-10aaa1f,"Single-player,Steam Achievements,Full controller support,Steam Cloud,Family Sharing","Action,Adventure,Casual,RPG","Open World,Anime,JRPG,Turn-Based Combat,Story Rich,Party-Based RPG,Comedy,RPG,Pirates,Team-Based,Singleplayer,Funny,3D,Adventure,Cartoony,Third Person,Exploration,Colorful,Mystery,Action-Adventure"
1285190,Borderlands 4,2025-09-11,55.99,https://www.metacritic.com/game/pc/borderlands-4?ftag=MCD-06-10aaa1f,"Single-player,Multi-player,Co-op,Online Co-op,Cross-Platform Multiplayer,Steam Achievements,Adjustable Text Size,Camera Comfort,Color Alternatives,Custom Volume Controls,Adjustable Difficulty,Save Anytime,Stereo Sound,Subtitle Options,Surround Sound,Partial Controller Support,Family Sharing","Action,Adventure,RPG",
1888160,ARMORED CORE™ VI FIRES OF RUBICON™,2023-08-24,29.99,https://www.metacritic.com/game/pc/armored-core-vi-fires-of-rubicon?ftag=MCD-06-10aaa1f,"Single-player,Multi-player,PvP,Online PvP,Steam Achievements,Steam Trading Cards,Camera Comfort,Custom Volume Controls,Playable without Timed Input,Stereo Sound,Surround Sound,Partial Controller Support,Steam Cloud,Family Sharing",Action,"Mechs,Character Customization,Action,Robots,Third Person,Combat,Fast-Paced,Sci-fi,3D,Souls-like,Multiplayer,Futuristic,Post-apocalyptic,Singleplayer,Difficult,Vehicular Combat,Soundtrack,Military,Action-Adventure,Atmospheric"
2072450,Like a Dragon: Infinite Wealth,2024-01-25,20.99,https://www.metacritic.com/game/pc/like-a-dragon-infinite-wealth?ftag=MCD-06-10aaa1f,"Single-player,Steam Achievements,Full controller support,Steam Trading Cards,Steam Cloud,Family Sharing","Action,Adventure,RPG","Action,JRPG,Adventure,Turn-Based Combat,Sexual Content,Comedy,Story Rich,Singleplayer,Emotional,Funny,Action RPG,Violent,Turn-Based,Action-Adventure,RPG,Beat 'em up,Gore,Martial Arts,Great Soundtrack,Colorful"
1029210,30XX,2023-08-09,8.99,https://www.metacritic.com/game/pc/30xx?ftag=MCD-06-10aaa1f,"Single-player,Multi-player,Co-op,Online Co-op,Shared/Split Screen Co-op,Shared/Split Screen,Steam Achievements,Full controller support,Steam Cloud,Steam Leaderboards,Includes level editor,Remote Play on TV,Remote Play Together,Family Sharing","Action,Indie","Action Roguelike,Side Scroller,2D Platformer,Rogue-lite,Platformer,Perma Death,Rogue-like,2D,Female Protagonist,Controller,Procedural Generation,Pixel Graphics,Action,Sci-fi,Level Editor,Robots,Adventure,Co-op,Multiplayer,Local Co-Op"
2545740,Hive Jump 2: Survivors,2024-09-10,3.49,https://www.metacritic.com/game/pc/hive-jump-2-survivors?ftag=MCD-06-10aaa1f,"Single-player,Steam Achievements,Full controller support,Steam Cloud,Family Sharing","Action,Casual,Indie,RPG","Action,Singleplayer,RPG,Action Roguelike,Rogue-lite,Survival,Bullet Hell,Casual,Gun Customization,Sci-fi,Aliens,Top-Down Shooter,Pixel Graphics,Space,Twin Stick Shooter,2D,Controller,Top-Down,Shooter,Combat"
1951410,WE ARE FOOTBALL 2024,2024-03-04,19.99,https://www.metacritic.com/game/pc/we-are-football-2024?ftag=MCD-06-10aaa1f,"Single-player,Multi-player,PvP,Shared/Split Screen PvP,Shared/Split Screen,Steam Achievements,Steam Workshop,Steam Cloud,Includes level editor,Remote Play Together,Family Sharing","Casual,Simulation,Sports,Strategy","Football (Soccer),Sports,Simulation,Management,3D,Economy,Family Friendly,Strategy,PvP,Level Editor,Moddable,Tactical,PvE,Resource Management,Local Multiplayer,Multiplayer,Singleplayer,4 Player Local,Building,Time Management"
831050,Dolmen,2022-05-20,1.99,https://www.metacritic.com/game/pc/dolmen?ftag=MCD-06-10aaa1f,"Single-player,Multi-player,Co-op,Online Co-op,Steam Achievements,Full controller support,Family Sharing","Action,Adventure,Indie,RPG","Action,Souls-like,Adventure,Indie,RPG,Violent,Gore,Sci-fi,Horror,Third Person,Lovecraftian"
1989270,Slay the Princess — The Pristine Cut,2023-10-23,9.89,https://www.metacritic.com/game/pc/slay-the-princess?ftag=MCD-06-10aaa1f,"Single-player,Steam Achievements,Full controller support,Steam Trading Cards,Adjustable Text Size,Custom Volume Controls,Keyboard Only Option,Mouse Only Option,Narrated Game Menus,Playable without Timed Input,Save Anytime,Subtitle Options,Steam Cloud,Family Sharing","Adventure,Indie,RPG,Simulation","Visual Novel,Choices Matter,Psychological Horror,Horror,Choose Your Own Adventure,Story Rich,CRPG,Lore-Rich,Point & Click,Simulation,Hand-drawn,Romance,First-Person,Interactive Fiction,Dating Sim,Singleplayer,Adventure,Comic Book,RPG,Dark Humor"
2915930,Knockout City - Private Server Edition,2024-05-24,0.0,https://www.metacritic.com/game/pc/knockout-city?ftag=MCD-06-10aaa1f,"Single-player,Multi-player,PvP,Online PvP,LAN PvP,Full controller support","Action,Adventure,Sports,Free To Play",
3169790,Haneda Girl,2025-05-23,11.99,https://www.metacritic.com/game/pc/haneda-girl?ftag=MCD-06-10aaa1f,"Single-player,Steam Achievements,Full controller support,Custom Volume Controls,Playable without Timed Input,Family Sharing","Action,Indie","Action,Shooter,2D Platformer,Physics,Stylized,Sci-fi,Combat,Hack and Slash,Ninja,Stealth,Mechs,Score Attack,Singleplayer,Nonlinear,Indie,Cyberpunk,Female Protagonist,Soundtrack,Arcade,Platformer"
944430,The Last Friend,2021-09-30,1.49,https://www.metacritic.com/game/pc/the-last-friend?ftag=MCD-06-10aaa1f,"Single-player,Multi-player,Co-op,Shared/Split Screen Co-op,Shared/Split Screen,Steam Achievements,Full controller support,Remote Play Together,Family Sharing","Action,Indie,Strategy","Tower Defense,Singleplayer,Action,Indie,Beat 'em up,2D,Strategy,Hack and Slash,Casual,Cute,Anime,Cartoony,Dog,Colorful,1990's,Comedy,Family Friendly,Funny,Old School,Retro"
1244800,Terraformers,2023-03-09,7.99,https://www.metacritic.com/game/pc/terraformers?ftag=MCD-06-10aaa1f,"Single-player,Steam Achievements,Full controller support,Steam Trading Cards,Steam Cloud,Stats,Family Sharing",Strategy,"Simulation,Procedural Generation,Survival,Atmospheric,Rogue-like,Sci-fi,Singleplayer,Space,Choices Matter,Science,Resource Management,Card Game,Turn-Based,Mars,Board Game,Exploration,Turn-Based Strategy,Management,Futuristic,Nonlinear"
1137300,Sherlock Holmes Chapter One,2021-11-15,4.49,https://www.metacritic.com/game/pc/sherlock-holmes-chapter-one?ftag=MCD-06-10aaa1f,"Single-player,Steam Achievements,Full controller support,Steam Trading Cards,Steam Cloud,Family Sharing","Action,Adventure","Detective,Open World,Story Rich,Mystery,Action,Choices Matter,Crime,Adventure,Action-Adventure,Investigation,Atmospheric,Combat,Exploration,Third Person,Multiple Endings,Narration,Psychological,Thriller,Emotional,Drama"
1932640,Suikoden I&II HD Remaster Gate Rune and Dunan Unification Wars,2025-03-06,34.99,https://www.metacritic.com/game/pc/suikoden-i-ii-hd-remaster-gate-rune-and-dunan-unification-wars?ftag=MCD-06-10aaa1f,"Single-player,Steam Achievements,Steam Trading Cards,Partial Controller Support,Steam Cloud,Family Sharing",RPG,"RPG,JRPG,Pixel Graphics,2D,Story Rich,Singleplayer,Drama,Fantasy,Turn-Based Combat,Multiple Endings,Emotional,1990's,Exploration,CRPG,Controller,Turn-Based Tactics,War,Tactical RPG,Medieval,Tactical"
1025600,Battle Realms: Zen Edition,2025-01-27,13.49,https://www.metacritic.com/game/pc/battle-realms?ftag=MCD-06-10aaa1f,"Single-player,Multi-player,PvP,Online PvP,Co-op,Online Co-op,Steam Trading Cards,Captions available,Steam Cloud,Includes level editor,Family Sharing","Action,Strategy","Strategy,Action,RTS,Classic,Multiplayer,Early Access,Fantasy,Fast-Paced,Singleplayer,Base-Building"
1319460,Fashion Police Squad,2022-08-15,5.99,https://www.metacritic.com/game/pc/fashion-police-squad?ftag=MCD-06-10aaa1f,"Single-player,Steam Achievements,Full controller support,Family Sharing","Action,Adventure,Indie","Boomer Shooter,FPS,Arena Shooter,Shooter,Action,Arcade,First-Person,Action RPG,Pixel Graphics,3D,Funny,Adventure,Noir,Colorful,Comedy,Old School,Retro,Modern,Singleplayer,Combat"
899770,Last Epoch,2024-02-21,27.99,https://www.metacritic.com/game/pc/last-epoch?ftag=MCD-06-10aaa1f,"Single-player,Multi-player,Co-op,Online Co-op,Full controller support,In-App Purchases,Steam Cloud","Action,Adventure,Indie,RPG","Action RPG,Loot,Hack and Slash,RPG,Isometric,Multiplayer,Action,Co-op,Adventure,Top-Down,Dungeon Crawler,Indie,Singleplayer,Fantasy,Gore,MMORPG,Character Customization,Magic,Violent,Time Travel"
1142710,Total War: WARHAMMER III,2022-02-16,14.99,https://www.metacritic.com/game/pc/total-war-warhammer-iii?ftag=MCD-06-10aaa1f,"Single-player,Multi-player,PvP,Online PvP,LAN PvP,Co-op,Online Co-op,LAN Co-op,Steam Achievements,Steam Trading Cards,Camera Comfort,Color Alternatives,Custom Volume Controls,Adjustable Difficulty,Playable without Timed Input,Save Anytime,Stereo Sound,Surround Sound,Steam Cloud,Family Sharing","Action,Strategy","Strategy,Turn-Based Strategy,Grand Strategy,RTS,Fantasy,Real Time Tactics,War,Dark Fantasy,Action,Dwarf,Tactical,Games Workshop,Atmospheric,Multiplayer,Colorful,Co-op,PvP,Singleplayer,Warhammer 40K,Online Co-Op"
2492040,FATAL FURY: City of the Wolves,2025-04-24,19.79,https://www.metacritic.com/game/pc/fatal-fury-city-of-the-wolves?ftag=MCD-06-10aaa1f,"Single-player,Multi-player,PvP,Online PvP,Cross-Platform Multiplayer,Steam Achievements,Full controller support,Steam Cloud,Family Sharing",Action,"Action,2D Fighter,2D,PvP,Spectacle fighter,Singleplayer,Multiplayer,Fighting,3D,Arcade,Competitive,3D Platformer,Cartoony,Controller,Anime,Classic,Funny,Nudity,Old School,Cute"
964440,Hell is Others,2022-10-20,14.99,https://www.metacritic.com/game/pc/hell-is-others?ftag=MCD-06-10aaa1f,"Single-player,Multi-player,PvP,Online PvP,Steam Achievements,Partial Controller Support,Steam Cloud,Family Sharing","Action,Adventure,Indie","Rogue-like,Top-Down,Shooter,Horror,Survival,Extraction Shooter,PvP,Action,Multiplayer,Singleplayer,Rogue-lite,PvE,Twin Stick Shooter,RPG,Top-Down Shooter,2D,Pixel Graphics,Atmospheric,Adventure,Noir"
1012570,Knuckle Sandwich,2023-11-22,9.99,https://www.metacritic.com/game/pc/knuckle-sandwich?ftag=MCD-06-10aaa1f,"Single-player,Steam Achievements,Full controller support,Steam Cloud,Family Sharing","Adventure,Indie,RPG","Story Rich,Pixel Graphics,Minigames,Turn-Based,RPG,Funny,Indie,Colorful,Dark,Stylized,Retro,Singleplayer,Psychological Horror,Comedy,Exploration,Party-Based RPG,2D,Cute,Fantasy,Turn-Based Combat"
2885870,Strange Antiquities,2025-09-17,13.49,https://www.metacritic.com/game/pc/strange-antiquities?ftag=MCD-06-10aaa1f,"Single-player,Steam Achievements,Full controller support,Steam Trading Cards,Adjustable Text Size,Camera Comfort,Color Alternatives,Custom Volume Controls,Mouse Only Option,Playable without Timed Input,Save Anytime,Touch Only Option,Steam Cloud,Family Sharing","Adventure,Casual,Indie,Simulation",
1492680,The Pathless,2021-11-16,9.99,https://www.metacritic.com/game/pc/the-pathless?ftag=MCD-06-10aaa1f,"Single-player,Steam Achievements,Full controller support,Steam Cloud,Family Sharing","Action,Adventure,Indie","Adventure,Archery,Exploration,Singleplayer,Story Rich,Female Protagonist,Music,Atmospheric,Family Friendly,3D Platformer,Action,Open World,Stylized,Nature,Fantasy,Action-Adventure,Third Person,3D,Soundtrack,Indie"
774181,Rhythm Doctor,2025-12-06,15.99,https://www.metacritic.com/game/pc/rhythm-doctor?ftag=MCD-06-10aaa1f,"Single-player,Multi-player,Co-op,Shared/Split Screen Co-op,Shared/Split Screen,Steam Achievements,Full controller support,Steam Workshop,Custom Volume Controls,Adjustable Difficulty,Narrated Game Menus,Steam Cloud,Includes level editor,Remote Play Together,Family Sharing","Action,Casual,Indie,Strategy,Free To Play","Rhythm,Music,Pixel Graphics,Level Editor,Story Rich,Indie,Singleplayer,Early Access,Local Co-Op,2D,Funny,Action,Comedy,Local Multiplayer,Arcade,Adventure,Co-op,Anime,Cute,Modern"
1414250,CORPSE FACTORY,2022-05-31,5.99,https://www.metacritic.com/game/pc/corpse-factory?ftag=MCD-06-10aaa1f,"Single-player,Steam Achievements,Full controller support,Steam Trading Cards,Steam Cloud,Family Sharing","Adventure,Casual,Indie","Visual Novel,Violent,Psychological Horror,Anime,Thriller,Mystery,Casual,Story Rich,Horror,Interactive Fiction,Gore,Female Protagonist,Adventure,2D,Multiple Endings,Singleplayer,Dark,Psychological,Soundtrack,Hand-drawn"
1205520,Pentiment,2022-11-14,9.99,https://www.metacritic.com/game/pc/pentiment?ftag=MCD-06-10aaa1f,"Single-player,Steam Achievements,Full controller support,Family Sharing","Adventure,Casual","Historical,Story Rich,Investigation,Adventure,Stylized,Hand-drawn,Interactive Fiction,Exploration,Multiple Endings,Mystery,Choose Your Own Adventure,Singleplayer,Detective,2D,Medieval,Conspiracy,Point & Click,Casual,Choices Matter,Narrative"
1281490,The Night is Grey,2024-01-05,7.79,https://www.metacritic.com/game/pc/the-night-is-grey?ftag=MCD-06-10aaa1f,"Single-player,Steam Achievements,Family Sharing","Adventure,Casual,Indie","Point & Click,Adventure,Indie,Psychological Horror,Casual,Puzzle,Mystery,Hand-drawn,Cinematic,Third Person,Atmospheric,Dark Humor,Old School,Thriller,Story Rich,Singleplayer,2D,Cartoon,Drama,Conversation"
1031120,Bakery Simulator,2022-05-03,0.79,https://www.metacritic.com/game/pc/bakery-simulator?ftag=MCD-06-10aaa1f,"Single-player,Steam Achievements,Family Sharing","Casual,Indie,Simulation","Simulation,Time Management,Economy,Realistic,Indie,Casual,Singleplayer,Education,Life Sim,Crafting,First-Person,Resource Management,Cooking,Relaxing,Family Friendly,Funny,Management,Replay Value,Controller,3D"
377300,Thunder Tier One,2021-12-07,0.0,https://www.metacritic.com/game/pc/thunder-tier-one?ftag=MCD-06-10aaa1f,"Single-player,Multi-player,PvP,Online PvP,Co-op,Online Co-op,Steam Achievements,Steam Workshop,Steam Cloud,Stats,Steam Leaderboards","Action,Simulation,Free To Play","Free to Play,Online Co-Op,Top-Down Shooter,Tactical,Shooter,Realistic,Top-Down,Military,Multiplayer,Co-op,Singleplayer,Combat,PvE,PvP,Moddable,Action,Character Customization,Difficult,Team-Based,Real Time Tactics"
1466060,Tainted Grail: The Fall of Avalon,2025-05-23,31.49,https://www.metacritic.com/game/pc/tainted-grail-the-fall-of-avalon?ftag=MCD-06-10aaa1f,"Single-player,Steam Achievements,Full controller support,Steam Trading Cards,Steam Cloud,Family Sharing","Action,Adventure,Indie,RPG","Adventure,Open World,Dark Fantasy,RPG,First-Person,Third Person,Exploration,Character Customization,Singleplayer,Action RPG,Survival Horror,Choices Matter,Action,Nonlinear,Narrative,Immersive Sim,FPS,Story Rich,Immersive,Multiple Endings"
1307580,TOEM: A Photo Adventure,2021-09-17,3.99,https://www.metacritic.com/game/pc/toem?ftag=MCD-06-10aaa1f,"Single-player,Steam Achievements,Captions available,Camera Comfort,Custom Volume Controls,Keyboard Only Option,Playable without Timed Input,Save Anytime,Stereo Sound,Subtitle Options,Partial Controller Support,Steam Cloud,Family Sharing","Adventure,Casual,Indie","Cozy,Wholesome,Adventure,Puzzle,Exploration,Relaxing,Cute,Casual,Photo Editing,Hand-drawn,Hidden Object,Funny,Family Friendly,Atmospheric,Singleplayer,Cartoon,Music,Soundtrack,Stylized,Nature"
2140020,Stronghold: Definitive Edition,2023-11-07,4.49,https://www.metacritic.com/game/pc/stronghold-definitive-edition?ftag=MCD-06-10aaa1f,"Single-player,Multi-player,PvP,Online PvP,Steam Achievements,Steam Trading Cards,Steam Workshop,Custom Volume Controls,Adjustable Difficulty,Mouse Only Option,Playable without Timed Input,Save Anytime,Steam Cloud,Includes level editor,Family Sharing","Simulation,Strategy","City Builder,Strategy,Real Time Tactics,Medieval,Sandbox,Building,Colony Sim,RTS,Economy,Base-Building,Tower Defense,2D,Isometric,Historical,Simulation,Atmospheric,Resource Management,Open World,Funny,Multiplayer"
1425350,Botany Manor,2024-04-09,17.49,https://www.metacritic.com/game/pc/botany-manor?ftag=MCD-06-10aaa1f,"Single-player,Steam Achievements,Full controller support,Camera Comfort,Color Alternatives,Custom Volume Controls,Keyboard Only Option,Playable without Timed Input,Save Anytime,Family Sharing",Adventure,"Exploration,Puzzle,Walking Simulator,Immersive Sim,Female Protagonist,3D,First-Person,Relaxing,Historical,Controller,Story Rich,Linear,Colorful,Science,Stylized,Family Friendly,Nature,Logic,Investigation,Adventure"
2005010,"Warhammer 40,000: Boltgun",2023-05-23,8.79,https://www.metacritic.com/game/pc/warhammer-40000-boltgun?ftag=MCD-06-10aaa1f,"Single-player,Steam Achievements,Full controller support,Steam Trading Cards,Camera Comfort,Custom Volume Controls,Adjustable Difficulty,Playable without Timed Input,Save Anytime,Stereo Sound,Subtitle Options,Surround Sound,Family Sharing","Action,Indie","Boomer Shooter,FPS,Warhammer 40K,Retro,Shooter,Pixel Graphics,Action,Old School,First-Person,Gore,Arcade,1990's,Violent,Singleplayer,Demons,Sci-fi,Fantasy,Indie,Arena Shooter,Games Workshop"
2442460,Citizen Sleeper 2: Starward Vector,2025-01-31,16.74,https://www.metacritic.com/game/pc/citizen-sleeper-2-starward-vector?ftag=MCD-06-10aaa1f,"Single-player,Steam Achievements,Full controller support,Steam Trading Cards,Camera Comfort,Color Alternatives,Custom Volume Controls,Adjustable Difficulty,Mouse Only Option,Playable without Timed Input,Steam Cloud,Family Sharing","Adventure,Indie,RPG","RPG,Dice,Cyberpunk,Story Rich,Sci-fi,Narrative,Tabletop,Hand-drawn,Dystopian,Artificial Intelligence,Interactive Fiction,Text-Based,Multiple Endings,Space,Futuristic,Exploration,Atmospheric,Conversation,Indie,Adventure"
1432850,Farewell North,2024-08-16,11.99,https://www.metacritic.com/game/pc/farewell-north?ftag=MCD-06-10aaa1f,"Single-player,Steam Achievements,Full controller support,Adjustable Text Size,Camera Comfort,Custom Volume Controls,Stereo Sound,Subtitle Options,Steam Cloud,Family Sharing","Adventure,Casual,Indie","Adventure,Atmospheric,Story Rich,Dog,Exploration,Relaxing,Emotional,Female Protagonist,Third Person,Stylized,Nature,Colorful,Family Friendly,Dark,Action-Adventure,Open World,Indie,Singleplayer,Casual,Cinematic"
1453900,Curse of the Sea Rats,2023-04-06,4.99,https://www.metacritic.com/game/pc/curse-of-the-sea-rats?ftag=MCD-06-10aaa1f,"Single-player,Multi-player,Co-op,Shared/Split Screen Co-op,Shared/Split Screen,Steam Achievements,Full controller support,Steam Trading Cards,Steam Cloud,Remote Play Together,Family Sharing","Action,Adventure,RPG","Story Rich,Combat,Action,Co-op,Local Co-Op,Metroidvania,Side Scroller,Hand-drawn,Hack and Slash,2D Platformer,Co-op Campaign,RPG,Platformer,Action-Adventure,Multiple Endings,Pirates,Colorful,Local Multiplayer,Family Friendly,Fantasy"
668580,Atomic Heart,2023-02-20,14.99,https://www.metacritic.com/game/pc/atomic-heart?ftag=MCD-06-10aaa1f,"Single-player,Steam Achievements,Full controller support,Steam Trading Cards,Adjustable Text Size,Camera Comfort,Color Alternatives,Custom Volume Controls,Adjustable Difficulty,Playable without Timed Input,Stereo Sound,Surround Sound,Steam Cloud,Family Sharing","Action,Adventure,RPG","Sexual Content,FPS,Horror,Singleplayer,Puzzle,Robots,Mystery,Action,Shooter,Sci-fi,First-Person,Open World,Action-Adventure,Alternate History,Exploration,Atmospheric,Gore,Cyberpunk,Action RPG,RPG"
2089830,Beat Slayer,2024-04-04,11.99,https://www.metacritic.com/game/pc/beat-slayer?ftag=MCD-06-10aaa1f,"Single-player,Steam Achievements,Full controller support,Steam Cloud,Family Sharing","Action,Adventure,Indie","Rogue-lite,Rhythm,Action,Music,Adventure,Hack and Slash,Robots,Dungeon Crawler,Action-Adventure,Atmospheric,Singleplayer,Female Protagonist,Indie,Cartoony,Action Roguelike,Rogue-like,Realistic,Comedy,RPG,Isometric"
1778820,TEKKEN 8,2024-01-25,23.99,https://www.metacritic.com/game/pc/tekken-8?ftag=MCD-06-10aaa1f,"Single-player,Multi-player,PvP,Online PvP,Shared/Split Screen PvP,Shared/Split Screen,Steam Achievements,Steam Trading Cards,Partial Controller Support,Steam Cloud,Family Sharing",Action,"Fighting,3D Fighter,Action,Multiplayer,Local Multiplayer,e-sports,PvP,Arcade,Singleplayer,Competitive,Character Customization,Martial Arts,Casual,Great Soundtrack,Anime,Difficult,Controller,Gambling,Sexual Content,Story Rich"
1409830,Sons of Valhalla,2024-04-05,4.99,https://www.metacritic.com/game/pc/sons-of-valhalla?ftag=MCD-06-10aaa1f,"Single-player,Steam Achievements,Full controller support,Steam Trading Cards,Steam Cloud,Family Sharing","Action,RPG,Simulation,Strategy","War,Strategy,City Builder,Wargame,Medieval,Action,RTS,Open World,Survival,Tactical,RPG,Simulation,Adventure,Singleplayer,Dark Fantasy,Character Customization,Sandbox,Historical,Moddable,Real Time Tactics"
1658280,Eiyuden Chronicle: Hundred Heroes,2024-04-23,14.99,https://www.metacritic.com/game/pc/eiyuden-chronicle-hundred-heroes?ftag=MCD-06-10aaa1f,"Single-player,Steam Achievements,Custom Volume Controls,Adjustable Difficulty,Keyboard Only Option,Playable without Timed Input,Partial Controller Support,Family Sharing","Action,Adventure,Indie,RPG,Strategy","JRPG,RPG,Pixel Graphics,2.5D,Story Rich,Drama,Fantasy,Singleplayer,Turn-Based Combat,Adventure,Anime,Combat,2D,Strategy,Action-Adventure,Action RPG,Crafting,Political,Party-Based RPG,Action"
1172190,Chinatown Detective Agency,2022-04-07,9.99,https://www.metacritic.com/game/pc/chinatown-detective-agency?ftag=MCD-06-10aaa1f,"Single-player,Steam Achievements,Family Sharing",Adventure,"Detective,Investigation,Point & Click,Story Rich,Exploration,Noir,Crime,Mystery,Cyberpunk,Trivia,Pixel Graphics,Dark,Retro,Female Protagonist,Multiple Endings,Adventure,2D,Choices Matter,Dystopian,Singleplayer"
2963890,Expelled!,2025-03-12,8.99,https://www.metacritic.com/game/pc/expelled!?ftag=MCD-06-10aaa1f,"Single-player,Steam Achievements,Full controller support,Steam Cloud,Family Sharing","Adventure,Indie,RPG","Investigation,Interactive Fiction,Comic Book,Hand-drawn,Female Protagonist,Conversation,Funny,Visual Novel,Mystery,Choices Matter,Adventure,Drama,Detective,Historical,Choose Your Own Adventure,Story Rich,2D,Stylized,Multiple Endings,Singleplayer"
1647920,Valfaris: Mecha Therion,2023-11-21,4.99,https://www.metacritic.com/game/pc/valfaris-mecha-therion?ftag=MCD-06-10aaa1f,"Single-player,Steam Achievements,Full controller support,Family Sharing","Action,Indie","Action,Shoot 'Em Up,Arcade,Shooter,Indie,Gore,Sci-fi,Difficult,Aliens,Side Scroller,Colorful,Violent,Gothic,Dark,Retro,Bullet Hell,2.5D,Singleplayer,On-Rails Shooter,Sequel"
2155180,Pioneers of Pagonia,2025-12-11,24.49,https://www.metacritic.com/game/pc/pioneers-of-pagonia?ftag=MCD-06-10aaa1f,"Single-player,Multi-player,Co-op,Online Co-op,Steam Achievements,Steam Trading Cards,Adjustable Text Size,Camera Comfort,Color Alternatives,Custom Volume Controls,Adjustable Difficulty,Mouse Only Option,Playable without Timed Input,Save Anytime,Stereo Sound,Surround Sound,Steam Cloud,Family Sharing","Simulation,Strategy","Early Access,Base-Building,PvE,City Builder,Colony Sim,Building,Medieval,Economy,Management,RTS,Strategy,3D,Trading,Procedural Generation,Co-op,Fantasy,Family Friendly,Online Co-Op,Multiplayer,Top-Down"
2322010,God of War Ragnarök,2024-09-19,40.19,https://www.metacritic.com/game/pc/god-of-war-ragnarok?ftag=MCD-06-10aaa1f,"Single-player,Steam Achievements,Full controller support,Adjustable Text Size,Camera Comfort,Color Alternatives,Custom Volume Controls,Adjustable Difficulty,Narrated Game Menus,Playable without Timed Input,Save Anytime,Stereo Sound,Subtitle Options,Surround Sound,Steam Cloud,HDR available,Family Sharing","Action,Adventure,RPG","Action,Adventure,Action-Adventure,RPG,Hack and Slash,Cinematic,Action RPG,Third Person,Mythology,3D,Atmospheric,Story Rich,Emotional,Fantasy,Drama,Singleplayer,Combat,Open World,Gore,Souls-like"
3385670,World of Goo 2,2025-04-25,19.79,https://www.metacritic.com/game/pc/world-of-goo-2?ftag=MCD-06-10aaa1f,"Single-player,Steam Achievements,Steam Cloud,Family Sharing","Adventure,Casual,Indie","Physics,Puzzle,Building,Casual,2D,Cute,Colorful,Atmospheric,Family Friendly,Adventure,Comedy,Cartoon,Old School,Co-op,Local Co-Op,Local Multiplayer,Indie,Singleplayer,Multiplayer"
3352690,Dead Take,2025-07-31,11.99,https://www.metacritic.com/game/pc/dead-take?ftag=MCD-06-10aaa1f,"Single-player,Steam Achievements,Full controller support,Steam Trading Cards,Steam Cloud,Family Sharing","Adventure,Indie",
1593500,God of War,2022-01-14,19.99,https://www.metacritic.com/game/pc/god-of-war?ftag=MCD-06-10aaa1f,"Single-player,Steam Achievements,Full controller support,Adjustable Text Size,Camera Comfort,Color Alternatives,Custom Volume Controls,Adjustable Difficulty,Keyboard Only Option,Narrated Game Menus,Playable without Timed Input,Save Anytime,Stereo Sound,Subtitle Options,Surround Sound,Steam Cloud,Remote Play on TV,Family Sharing","Action,Adventure,RPG","Action,Singleplayer,Story Rich,Mythology,Adventure,Combat,Third Person,RPG,Hack and Slash,Violent,Open World,Fantasy,Exploration,Atmospheric,Action RPG,Gore,Souls-like,Emotional,3D,PvE"
2055590,Star Overdrive,2025-06-19,17.49,https://www.metacritic.com/game/pc/star-overdrive?ftag=MCD-06-10aaa1f,"Single-player,Steam Achievements,Full controller support,Steam Trading Cards,Camera Comfort,Custom Volume Controls,Stereo Sound,Subtitle Options,Surround Sound,Steam Cloud,Family Sharing","Action,Adventure,Indie",
1676130,Deadlink,2023-07-27,14.99,https://www.metacritic.com/game/pc/deadlink?ftag=MCD-06-10aaa1f,"Single-player,Steam Achievements,Full controller support,Steam Trading Cards,Steam Cloud,Family Sharing","Action,Indie","FPS,Action Roguelike,Cyberpunk,Class-Based,Fast-Paced,Difficult,Rogue-lite,Arena Shooter,Shooter,First-Person,Action,Stylized,Transhumanism,Comic Book,Singleplayer,Dystopian,Futuristic,Hacking,Perma Death,Cartoony"
1898500,Worldless,2023-11-20,7.99,https://www.metacritic.com/game/pc/worldless?ftag=MCD-06-10aaa1f,"Single-player,Steam Achievements,Full controller support,Family Sharing","Action,Adventure,RPG,Strategy","Colorful,RPG,Action,Singleplayer,Adventure,Action-Adventure,Platformer,2D Platformer,Turn-Based Strategy,Strategy RPG,Turn-Based Combat,Action RPG,Fantasy,Combat,Sci-fi,2D,Metroidvania,Female Protagonist,Difficult,Strategy"
1092790,Inscryption,2021-10-19,7.99,https://www.metacritic.com/game/pc/inscryption?ftag=MCD-06-10aaa1f,"Single-player,Steam Achievements,Steam Trading Cards,Steam Cloud,Family Sharing","Adventure,Indie,Strategy","Card Battler,Card Game,Story Rich,Deckbuilding,Horror,Dark,Puzzle,Rogue-lite,Strategy,Rogue-like,Psychological,Surreal,Experimental,First-Person,Point & Click,3D,2D,Pixel Graphics,FMV,Adventure"
913740,WORLD OF HORROR,2023-10-19,17.39,https://www.metacritic.com/game/pc/world-of-horror?ftag=MCD-06-10aaa1f,"Single-player,Family Sharing","Indie,RPG","Horror,Lovecraftian,Pixel Graphics,Survival Horror,Psychological Horror,Point & Click,Rogue-lite,2D,Unforgiving,RPG,Rogue-like,Turn-Based Combat,Survival,Anime,Atmospheric,Mystery,Card Game,Moddable,Adventure,Singleplayer"
1340990,Rise of the Ronin,2025-03-10,29.99,https://www.metacritic.com/game/pc/rise-of-the-ronin?ftag=MCD-06-10aaa1f,"Single-player,Multi-player,Co-op,Online Co-op,Steam Achievements,Steam Trading Cards,Captions available,Partial Controller Support,Steam Cloud,Steam Leaderboards,Family Sharing","Action,Adventure,RPG","RPG,Action RPG,Open World,Action,Swordplay,Third Person,Adventure,3D,Historical,Singleplayer,Online Co-Op,Gore,Multiple Endings,Souls-like,Violent,Co-op,Character Customization,Ninja,Asynchronous Multiplayer,Hack and Slash"
2304640,Hidden Through Time 2: Myths & Magic,2023-10-05,5.19,https://www.metacritic.com/game/pc/hidden-through-time-2-myths-magic?ftag=MCD-06-10aaa1f,"Single-player,Steam Achievements,Full controller support,Steam Cloud,Includes level editor,Family Sharing",Casual,"Hidden Object,Wholesome,Puzzle,Sandbox,Point & Click,Character Customization,Cute,Historical,Relaxing,Casual,2D,Colorful,Hand-drawn,Family Friendly,Fantasy,Level Editor,Singleplayer,Cozy"
1039360,Eyes in the Dark,2022-07-14,5.09,https://www.metacritic.com/game/pc/eyes-in-the-dark-the-curious-case-of-one-victoria-bloom?ftag=MCD-06-10aaa1f,"Single-player,Steam Achievements,Full controller support,Steam Trading Cards,Steam Cloud,Family Sharing",Indie,"Action Roguelike,Side Scroller,Twin Stick Shooter,Rogue-lite,2D Platformer,Difficult,Platformer,Shooter,Action-Adventure,2D,Rogue-like,Cute,Steampunk,Horror,Controller,Historical,Action,Minimalist,Cartoony,Stylized"
226620,Desktop Dungeons,2023-04-18,7.49,https://www.metacritic.com/game/pc/desktop-dungeons?ftag=MCD-06-10aaa1f,"Single-player,Steam Achievements,Steam Trading Cards,Family Sharing","Adventure,Casual,Indie,RPG,Strategy","Rogue-like,Turn-Based,Puzzle,RPG,Singleplayer,Fantasy,Resource Management,Difficult,Casual,Great Soundtrack,Rogue-lite,2D,Comedy,Dungeon Crawler,Addictive,Procedural Generation,Top-Down,Traditional Roguelike,Replay Value,Dwarf"
1147890,Bonfire Peaks,2021-09-30,6.99,https://www.metacritic.com/game/pc/bonfire-peaks?ftag=MCD-06-10aaa1f,"Single-player,Steam Achievements,Full controller support,Steam Cloud,Remote Play Together,Family Sharing",Indie,"Sokoban,Puzzle,Difficult,Indie,Adventure,Atmospheric,Voxel,3D,Grid-Based Movement,Nonlinear,Pixel Graphics,Cinematic,Stylized,Relaxing,Open World,Third Person,Singleplayer,Family Friendly,Retro"
1328350,Turbo Overkill,2023-08-11,9.99,https://www.metacritic.com/game/pc/turbo-overkill?ftag=MCD-06-10aaa1f,"Single-player,Steam Achievements,Steam Workshop,Partial Controller Support,Steam Cloud,Steam Leaderboards,Includes level editor,Family Sharing","Action,Indie","FPS,Boomer Shooter,Action,Cyberpunk,Shooter,Indie,Retro,Fast-Paced,Pixel Graphics,Violent,Gore,Singleplayer,Combat,First-Person,Arena Shooter,Sci-fi,Difficult,Multiplayer,Great Soundtrack,Controller"
1488200,Symphony of War: The Nephilim Saga,2022-06-10,6.99,https://www.metacritic.com/game/pc/symphony-of-war-the-nephilim-saga?ftag=MCD-06-10aaa1f,"Single-player,Steam Achievements,Partial Controller Support,Steam Cloud,Family Sharing","Adventure,Indie,RPG,Strategy","Tactical RPG,RPG,Story Rich,Fantasy,Turn-Based Strategy,Adventure,Female Protagonist,Strategy RPG,Pixel Graphics,Lore-Rich,Romance,Drama,Strategy,2D,JRPG,Party-Based RPG,Singleplayer,Indie,Auto Battler,Tactical"
2295610,Abathor,2024-07-25,7.49,https://www.metacritic.com/game/pc/abathor?ftag=MCD-06-10aaa1f,"Single-player,Multi-player,Co-op,Shared/Split Screen Co-op,Shared/Split Screen,Steam Achievements,Full controller support,Steam Cloud,Remote Play Together,Family Sharing","Action,Adventure,Indie","Platformer,Pixel Graphics,2D,Action,Indie,Retro,Difficult,Side Scroller,Adventure,Souls-like,2D Platformer,Multiplayer,Co-op,Local Co-Op,Funny,Precision Platformer,Singleplayer,Old School,Hack and Slash,Local Multiplayer"
2183900,"Warhammer 40,000: Space Marine 2",2024-09-09,23.99,https://www.metacritic.com/game/pc/warhammer-40000-space-marine-ii?ftag=MCD-06-10aaa1f,"Single-player,Multi-player,PvP,Online PvP,Co-op,Online Co-op,Cross-Platform Multiplayer,Steam Achievements,Full controller support,Steam Trading Cards,Adjustable Text Size,Camera Comfort,Color Alternatives,Custom Volume Controls,Adjustable Difficulty,Stereo Sound,Subtitle Options,Surround Sound,Steam Cloud,Family Sharing","Action,Adventure,RPG","Warhammer 40K,Action,Third-Person Shooter,Multiplayer,Co-op,PvE,Adventure,Action-Adventure,Third Person,Sci-fi,Wargame,3D,War,Fantasy,Space,Singleplayer,Narration,Realistic,Futuristic,Cinematic"
2296990,We Were Here Expeditions: The FriendShip,2023-09-14,1.99,https://www.metacritic.com/game/pc/we-were-here-expeditions-the-friendship?ftag=MCD-06-10aaa1f,"Multi-player,Co-op,Online Co-op,Cross-Platform Multiplayer,Steam Achievements,Custom Volume Controls,Subtitle Options,Partial Controller Support,Steam Cloud,Family Sharing","Adventure,Casual,Indie","Co-op,Puzzle,Online Co-Op,Multiplayer,Adventure,Casual,Emotional,Atmospheric,First-Person,Cute,3D,Mystery,Team-Based,Controller,Story Rich,Multiple Endings,Linear,Asynchronous Multiplayer,Indie,Drama"
1244090,Sea of Stars,2023-08-28,20.99,https://www.metacritic.com/game/pc/sea-of-stars?ftag=MCD-06-10aaa1f,"Single-player,Multi-player,Co-op,Shared/Split Screen Co-op,Shared/Split Screen,Steam Achievements,Full controller support,Steam Cloud,Remote Play Together,Family Sharing","Adventure,Indie,RPG","Pixel Graphics,JRPG,Turn-Based Combat,Local Co-Op,Party-Based RPG,Story Rich,Adventure,RPG,2D,Singleplayer,Fantasy,Indie,Lore-Rich,Retro,Co-op,Exploration,Funny,Multiplayer,Nostalgia,Emotional"
251950,WWII Online,2023-07-06,0.0,https://www.metacritic.com/game/pc/battleground-europe-world-war-ii-online?ftag=MCD-06-10aaa1f,"Multi-player,MMO,PvP,Online PvP,Co-op,Online Co-op,In-App Purchases","Action,Casual,Indie,Massively Multiplayer,RPG,Simulation,Strategy,Free To Play","Flight,FPS,Shooter,Action,Free to Play,Early Access,World War II,Massively Multiplayer,Vehicular Combat,Simulation,Multiplayer,Strategy,Open World,First-Person,Realistic,Military,Wargame,Historical,Indie,MMORPG"
1358840,Flat Eye,2022-11-14,5.69,https://www.metacritic.com/game/pc/flat-eye?ftag=MCD-06-10aaa1f,"Single-player,Steam Achievements,Steam Cloud,Family Sharing","Indie,Simulation","Artificial Intelligence,Immersive Sim,Dark Comedy,Atmospheric,Resource Management,Simulation,Strategy,Multiple Endings,3D,Building,Conversation,Management,Cyberpunk,Futuristic,Economy,Life Sim,Choices Matter,Stylized,Story Rich,Singleplayer"
1448760,The Plane Effect,2021-09-23,3.74,https://www.metacritic.com/game/pc/the-plane-effect?ftag=MCD-06-10aaa1f,"Single-player,Steam Achievements,Full controller support,Family Sharing","Adventure,Casual,Indie","Isometric,Atmospheric,Adventure,Dystopian,Illuminati,Horror,Cinematic,2.5D,Singleplayer,Point & Click,Stylized,Narrative,Narration,Walking Simulator,Puzzle,Futuristic,Conspiracy,Minimalist,Noir,Dark"
2132540,Mr. Run and Jump,2023-07-25,8.74,https://www.metacritic.com/game/pc/mr-run-and-jump?ftag=MCD-06-10aaa1f,"Single-player,Steam Achievements,Full controller support,Steam Trading Cards,Steam Cloud,Family Sharing","Action,Indie","Side Scroller,Precision Platformer,2D Platformer,Collectathon,Platformer,Action,Action-Adventure,2D,Linear,Controller,Cartoony,Stylized,Colorful,Family Friendly,Dog,Psychedelic,Adventure,Singleplayer,Retro,Modern"
1726120,Cursed to Golf,2022-08-18,1.19,https://www.metacritic.com/game/pc/cursed-to-golf?ftag=MCD-06-10aaa1f,"Single-player,Steam Achievements,Full controller support,Steam Cloud,Family Sharing","Action,Adventure,Indie,Sports","Rogue-like,Difficult,Golf,Adventure,Pixel Graphics,Funny,Turn-Based Tactics,Dungeon Crawler,Side Scroller,Rogue-lite,Action,2D,Cute,Sports,Physics,Score Attack,Colorful,Retro,Arcade,Platformer"
2486820,Sonic Racing: CrossWorlds,2025-09-25,48.99,https://www.metacritic.com/game/pc/sonic-racing-crossworlds?ftag=MCD-06-10aaa1f,"Single-player,Multi-player,PvP,Shared/Split Screen PvP,Shared/Split Screen,Cross-Platform Multiplayer,Steam Achievements,Full controller support,Steam Trading Cards,Camera Comfort,Custom Volume Controls,Adjustable Difficulty,Keyboard Only Option,Stereo Sound,Steam Cloud,Stats,Family Sharing","Action,Adventure,Racing",
1796580,Sorry We're Closed,2024-11-14,17.49,https://www.metacritic.com/game/pc/sorry-were-closed?ftag=MCD-06-10aaa1f,"Single-player,Steam Achievements,Full controller support,Steam Trading Cards,Camera Comfort,Custom Volume Controls,Adjustable Difficulty,Playable without Timed Input,Stereo Sound,Steam Cloud,Family Sharing","Action,Adventure,Indie","LGBTQ+,Female Protagonist,Survival Horror,Psychological Horror,Retro,Atmospheric,Indie,Singleplayer,Dark,Puzzle,Shooter,Action-Adventure,Action,Adventure,3D,Horror,Supernatural,Stylized,Third Person,Multiple Endings"
1542390,Monolith,2023-10-11,4.94,https://www.metacritic.com/game/pc/monolith?ftag=MCD-06-10aaa1f,"Single-player,Steam Achievements,Family Sharing","Adventure,Indie","Point & Click,Female Protagonist,2.5D,Sci-fi,Story Rich,Atmospheric,Hand-drawn,Emotional,Mystery,Adventure,Robots,Singleplayer,Futuristic,Interactive Fiction,Space,Indie,Logic,Puzzle"
1532710,Lucy Dreaming,2022-10-18,11.39,https://www.metacritic.com/game/pc/lucy-dreaming?ftag=MCD-06-10aaa1f,"Single-player,Steam Achievements,Full controller support,Steam Cloud,Family Sharing",Adventure,"Point & Click,Adventure,Comedy,Funny,Mystery,Pixel Graphics,Story Rich,Nostalgia,Puzzle,2D,Old School,Singleplayer,Retro,1980s,1990's,Dark Humor,Exploration,Atmospheric,Female Protagonist,Linear"
1245620,ELDEN RING,2022-02-24,38.99,https://www.metacritic.com/game/pc/elden-ring?ftag=MCD-06-10aaa1f,"Single-player,Multi-player,PvP,Online PvP,Co-op,Online Co-op,Steam Achievements,Full controller support,Steam Trading Cards,Camera Comfort,Custom Volume Controls,Playable without Timed Input,Save Anytime,Stereo Sound,Surround Sound,Steam Cloud,Family Sharing","Action,RPG","Souls-like,Open World,Dark Fantasy,RPG,Difficult,Action RPG,Third Person,Multiplayer,Fantasy,Singleplayer,Online Co-Op,Action,Co-op,Atmospheric,PvP,Great Soundtrack,Violent,3D,Character Customization,Family Friendly"
2934220,Monsters are Coming! Rock & Road,2025-11-20,8.99,https://www.metacritic.com/game/pc/monsters-are-coming!-rock-road?ftag=MCD-06-10aaa1f,"Single-player,Steam Achievements,Full controller support,Steam Cloud,Family Sharing","Action,Indie,Strategy",
1424330,Wobbledogs,2022-03-15,4.99,https://www.metacritic.com/game/pc/wobbledogs?ftag=MCD-06-10aaa1f,"Single-player,Steam Achievements,Steam Trading Cards,Partial Controller Support,Steam Cloud,Family Sharing","Casual,Indie,Simulation","Dog,Wholesome,Cute,Sandbox,Simulation,Colorful,Funny,Family Friendly,Life Sim,Physics,Singleplayer,Casual,3D,Experimental,Artificial Intelligence,Indie,Procedural Generation,Stylized,Great Soundtrack,Early Access"
1601570,The Alters,2025-06-13,24.49,https://www.metacritic.com/game/pc/the-alters?ftag=MCD-06-10aaa1f,"Single-player,Steam Achievements,Full controller support,Steam Trading Cards,Adjustable Text Size,Camera Comfort,Custom Volume Controls,Adjustable Difficulty,Playable without Timed Input,Stereo Sound,Subtitle Options,Surround Sound,Steam Cloud,Family Sharing",Adventure,
1383250,Please Fix The Road,2022-06-10,3.39,https://www.metacritic.com/game/pc/please-fix-the-road?ftag=MCD-06-10aaa1f,"Single-player,Steam Achievements,Full controller support,Steam Trading Cards,Steam Cloud,Family Sharing","Casual,Indie,Simulation","Puzzle,Casual,Simulation,Minimalist,Cute,Building,Indie,Nature,Relaxing,Singleplayer,Transportation,Stylized,Colorful,Top-Down,Family Friendly,City Builder,Atmospheric,Tutorial,Difficult,Logic"
2446600,Dark Deity 2,2025-03-24,17.49,https://www.metacritic.com/game/pc/dark-deity-2?ftag=MCD-06-10aaa1f,"Single-player,Steam Achievements,Full controller support,Family Sharing","Adventure,Indie,RPG,Strategy","Turn-Based Strategy,Strategy RPG,Anime,Top-Down,Tactical,Pixel Graphics,Fantasy,Lore-Rich,RPG,Strategy,Adventure,Retro,Tactical RPG,JRPG,Party-Based RPG,Turn-Based Tactics,Isometric,Character Customization,Magic,2D"
3287520,NINJA GAIDEN 2 Black,2025-01-23,29.99,https://www.metacritic.com/game/pc/ninja-gaiden-2-black?ftag=MCD-06-10aaa1f,"Single-player,Steam Achievements,Full controller support,Captions available,Steam Cloud,Stats,Steam Leaderboards,HDR available,Family Sharing","Action,Adventure","Action,Martial Arts,Ninja,Hack and Slash,Third Person,Gore,Action-Adventure,Swordplay,Adventure,Violent,Singleplayer,Combat,Difficult,Spectacle fighter,Realistic,Character Action Game,Sexual Content"
2851150,Tomba! Special Edition,2024-07-31,7.99,https://www.metacritic.com/game/pc/tomba!-special-edition?ftag=MCD-06-10aaa1f,"Single-player,Steam Achievements,Full controller support,Steam Cloud,Family Sharing",Action,"Action,Platformer,2D Platformer,2.5D,Old School,Retro,Singleplayer,3D Platformer,Metroidvania,Adventure,Funny,Exploration,Classic,Cute,Anime"
1602010,Persona 4 Arena Ultimax,2022-03-16,8.99,https://www.metacritic.com/game/pc/persona-4-arena-ultimax?ftag=MCD-06-10aaa1f,"Single-player,Multi-player,PvP,Online PvP,Steam Achievements,Full controller support,Steam Trading Cards,Steam Cloud,Remote Play Together,Family Sharing",Action,"2D Fighter,Action,Fighting,Anime,Story Rich,Multiplayer,2D,Great Soundtrack,Visual Novel,Singleplayer,JRPG,Arcade,Local Multiplayer,Funny,Colorful,Sexual Content"
865680,The Eternal Cylinder,2022-10-13,7.49,https://www.metacritic.com/game/pc/the-eternal-cylinder?ftag=MCD-06-10aaa1f,"Single-player,Steam Achievements,Full controller support,Steam Trading Cards,Steam Cloud,Family Sharing","Action,Adventure","Story Rich,Open World,Exploration,Surreal,Survival,Narration,Family Friendly,Atmospheric,Puzzle-Platformer,Colorful,Cute,Action-Adventure,Action,Third Person,Adventure,Puzzle,Platformer,Aliens,Singleplayer,Inventory Management"
3117820,Sultan's Game,2025-03-30,19.99,https://www.metacritic.com/game/pc/sultans-game?ftag=MCD-06-10aaa1f,"Single-player,Steam Achievements,Full controller support,Steam Trading Cards,Steam Workshop,Steam Cloud,Family Sharing","Adventure,Indie,RPG,Simulation,Strategy","RPG,Simulation,Adventure,Tabletop,Strategy,Story Rich,Card Game,Time Management,Choose Your Own Adventure,Psychological Horror,Turn-Based Strategy,Dark Fantasy,Emotional,Lore-Rich,Dark Humor,Choices Matter,Multiple Endings,Drama,Singleplayer,Management"
2893260,Maliki : Poison Of The Past,2025-04-22,17.99,https://www.metacritic.com/game/pc/maliki-poison-of-the-past?ftag=MCD-06-10aaa1f,"Single-player,Steam Achievements,Full controller support,Family Sharing","Adventure,Casual,Indie,RPG","Adventure,RPG,Strategy RPG,Turn-Based Strategy,CRPG,Tactical RPG,3D,Anime,Colorful,Cartoon,Comic Book,Cats,Comedy,Fantasy,Funny,LGBTQ+,JRPG,Casual,Third Person,Cartoony"
1668190,Once Upon a Jester,2022-11-09,3.74,https://www.metacritic.com/game/pc/once-upon-a-jester?ftag=MCD-06-10aaa1f,"Single-player,Steam Achievements,Full controller support,Family Sharing","Action,Adventure,Casual,Indie","Story Rich,Adventure,Cute,Casual,Indie,2D,Mystery,Funny,Cartoon,Exploration,Music,Rhythm,Interactive Fiction,Choices Matter,Action-Adventure,Colorful,Singleplayer,Comedy,Side Scroller,Drama"
2376270,Lunar Lander Beyond,2024-04-23,11.99,https://www.metacritic.com/game/pc/lunar-lander-beyond?ftag=MCD-06-10aaa1f,"Single-player,Steam Achievements,Full controller support,Steam Trading Cards,Steam Cloud,Family Sharing","Action,Adventure","Exploration,Flight,Perma Death,Space Sim,2D,Comic Book,Psychological Horror,Action,Controller,Story Rich,Anime,Hand-drawn,Sci-fi,Space,Adventure,Psychological,Aliens,Futuristic,Singleplayer,Platformer"
1507580,Enigma of Fear,2024-11-28,16.49,https://www.metacritic.com/game/pc/enigma-of-fear?ftag=MCD-06-10aaa1f,"Single-player,Steam Achievements,Full controller support,Steam Trading Cards,Steam Cloud,Remote Play on TV,Family Sharing","Action,Adventure,Indie","Mystery,Investigation,Supernatural,Detective,Survival Horror,Pixel Graphics,Puzzle,2D,Female Protagonist,Dog,Story Rich,Open World,Exploration,Multiple Endings,Psychological Horror,Hand-drawn,Isometric,Combat,Time Travel,Music-Based Procedural Generation"
2157210,Dead of Darkness,2025-01-23,11.19,https://www.metacritic.com/game/pc/dead-of-darkness?ftag=MCD-06-10aaa1f,"Single-player,Steam Achievements,Full controller support,Steam Trading Cards,Custom Volume Controls,Adjustable Difficulty,Keyboard Only Option,Steam Cloud,Family Sharing","Action,Adventure,Indie","Survival Horror,Horror,Pixel Graphics,Story Rich,Narrative,Dark,2D,Anime,Exploration,Puzzle,Action-Adventure,Psychological Horror,Action,Lovecraftian,Thriller,Atmospheric,Mystery,Adventure,Singleplayer,Gore"
1233070,Isles of Sea and Sky,2024-05-22,5.99,https://www.metacritic.com/game/pc/isles-of-sea-and-sky?ftag=MCD-06-10aaa1f,"Single-player,Steam Achievements,Full controller support,Steam Cloud,Family Sharing","Adventure,Indie","Metroidvania,Retro,Atmospheric,Open World,Collectathon,Puzzle,Adventure,Sokoban,Exploration,Pixel Graphics,Old School,Mythology,Singleplayer,Multiple Endings,Nonlinear,Relaxing,Strategy,2D,Colorful,Cute"
1547890,Let's Build a Zoo,2021-11-05,6.99,https://www.metacritic.com/game/pc/lets-build-a-zoo?ftag=MCD-06-10aaa1f,"Single-player,Steam Achievements,Full controller support,Steam Cloud,Family Sharing","Simulation,Strategy","Simulation,Pixel Graphics,City Builder,Management,Strategy,Sandbox,Building,Creature Collector,Cute,Resource Management,Colorful,Economy,Singleplayer,Relaxing,Open World,Indie,Dinosaurs"
1933190,Bahnsen Knights,2023-12-14,2.99,https://www.metacritic.com/game/pc/bahnsen-knights?ftag=MCD-06-10aaa1f,"Single-player,Steam Achievements,Full controller support,Steam Cloud,Family Sharing","Adventure,Indie","Choose Your Own Adventure,Interactive Fiction,Visual Novel,Narrative,Thriller,Pixel Graphics,Story Rich,2D,1980s,Detective,Choices Matter,Conversation,Singleplayer,Adventure,Investigation,Mystery,America,Retro,Supernatural,Dark"
2118420,Stories from Sol: The Gun-Dog,2025-02-19,11.69,https://www.metacritic.com/game/pc/stories-from-sol-the-gun-dog?ftag=MCD-06-10aaa1f,"Single-player,Steam Achievements,Steam Trading Cards,Partial Controller Support,Steam Cloud,Family Sharing","Adventure,Indie,RPG","Retro,Sci-fi,Multiple Endings,Visual Novel,Story Rich,Adventure,Choices Matter,Mechs,Stylized,Interactive Fiction,RPG,Choose Your Own Adventure,Anime,First-Person,Pixel Graphics,Space,Military,Atmospheric,Singleplayer,Drama"
1448440,Wo Long: Fallen Dynasty,2023-03-03,23.99,https://www.metacritic.com/game/pc/wo-long-fallen-dynasty?ftag=MCD-06-10aaa1f,"Single-player,Multi-player,PvP,Online PvP,Co-op,Online Co-op,Steam Achievements,Adjustable Text Size,Camera Comfort,Custom Volume Controls,Keyboard Only Option,Playable without Timed Input,Stereo Sound,Surround Sound,Partial Controller Support,Steam Cloud,Steam Leaderboards,HDR available,Family Sharing","Action,Adventure,RPG","Action,Souls-like,RPG,Difficult,Action RPG,Dark Fantasy,Historical,Hack and Slash,Singleplayer,Fantasy,Gore,Character Customization,Violent,Martial Arts,JRPG,Co-op,Adventure,Third Person,Atmospheric,Female Protagonist"
1574260,My Friendly Neighborhood,2023-07-18,17.99,https://www.metacritic.com/game/pc/my-friendly-neighborhood?ftag=MCD-06-10aaa1f,"Single-player,Steam Achievements,Full controller support,Steam Trading Cards,Captions available,Steam Cloud,Family Sharing","Action,Adventure,Indie","Singleplayer,Survival Horror,Funny,Horror,Puzzle,Resource Management,Exploration,Survival,First-Person,FPS,Shooter,Adventure,Story Rich,Choices Matter,Lore-Rich,Multiple Endings,Atmospheric,Action,Action-Adventure,3D"
1517180,Mindcop,2024-11-14,6.74,https://www.metacritic.com/game/pc/mindcop?ftag=MCD-06-10aaa1f,"Single-player,Steam Achievements,Full controller support,Steam Cloud,Family Sharing","Adventure,Casual,Indie","Adventure,Detective,Hand-drawn,Mystery,Time Management,Puzzle,Nonlinear,Noir,Match 3,Story Rich,2D,Interactive Fiction,Casual,Supernatural,Choices Matter,Point & Click,Singleplayer,Investigation,Cartoony,Psychedelic"
2014550,Voidwrought,2024-10-24,6.79,https://www.metacritic.com/game/pc/voidwrought?ftag=MCD-06-10aaa1f,"Single-player,Steam Achievements,Full controller support,Custom Volume Controls,Keyboard Only Option,Steam Cloud,Family Sharing","Action,Adventure,Indie","Metroidvania,Dark,Lore-Rich,2D Platformer,Exploration,Lovecraftian,2D,Action,Combat,Platformer,Atmospheric,Action-Adventure,Controller,Mythology,Hand-drawn,Fantasy,Horror,Supernatural,Singleplayer,Dark Fantasy"
1617030,tERRORbane,2022-04-01,4.79,https://www.metacritic.com/game/pc/terrorbane?ftag=MCD-06-10aaa1f,"Single-player,Steam Achievements,Full controller support,Family Sharing","Adventure,Indie","Multiple Endings,Adventure,Singleplayer,Choose Your Own Adventure,Choices Matter,Action-Adventure,Exploration,Comedy,Funny,Pixel Graphics,Parody,Narration,Old School,Retro,Post-apocalyptic,Colorful,Fantasy,2D,Top-Down,Isometric"
493520,GTFO,2021-12-09,13.99,https://www.metacritic.com/game/pc/gtfo?ftag=MCD-06-10aaa1f,"Multi-player,Co-op,Online Co-op,Steam Achievements,Steam Trading Cards,Partial Controller Support,Family Sharing",Action,"Online Co-Op,Horror,Co-op,FPS,Difficult,Multiplayer,Shooter,Survival Horror,Action,Stealth,Tactical,Team-Based,Gore,First-Person,Zombies,PvE,Atmospheric,Character Customization,Violent,Replay Value"
2879840,Escape Simulator 2,2025-10-27,15.99,https://www.metacritic.com/game/pc/escape-simulator-2?ftag=MCD-06-10aaa1f,"Single-player,Multi-player,Co-op,Online Co-op,Cross-Platform Multiplayer,Steam Achievements,Full controller support,Steam Trading Cards,Captions available,Steam Workshop,Steam Workshop,Adjustable Text Size,Camera Comfort,Color Alternatives,Custom Volume Controls,Playable without Timed Input,Save Anytime,Stereo Sound,Surround Sound,Steam Cloud,Includes level editor,Remote Play on TV,Family Sharing","Adventure,Casual,Indie,Simulation",
2259210,Mega City Force,2023-07-28,11.24,https://www.metacritic.com/game/pc/mega-city-police?ftag=MCD-06-10aaa1f,"Single-player,Multi-player,Co-op,Shared/Split Screen Co-op,Shared/Split Screen,Steam Achievements,Full controller support,Steam Cloud,Remote Play Together,Family Sharing","Action,Indie","Action,Rogue-like,Hero Shooter,Shooter,Action Roguelike,America,Bullet Hell,Dungeon Crawler,Shoot 'Em Up,Top-Down Shooter,Twin Stick Shooter,Pixel Graphics,1980s,Dystopian,Difficult,Action-Adventure,Sci-fi,Singleplayer,Procedural Generation,Rogue-lite"
1235100,"Rolling Hills: Make Sushi, Make Friends",2024-06-04,10.49,https://www.metacritic.com/game/pc/rolling-hills-make-sushi-make-friends?ftag=MCD-06-10aaa1f,"Single-player,Steam Achievements,Full controller support,Steam Trading Cards,Steam Cloud,Family Sharing","Action,Casual,Indie,Simulation","Casual,Cooking,Time Management,Management,Wholesome,Singleplayer,Life Sim,Simulation,Cute,Crafting,Family Friendly,Clicker,Relaxing,Building,Robots,3D,Colorful,Top-Down,Action,Funny"
2350270,Primal Planet,2025-07-28,9.99,https://www.metacritic.com/game/pc/primal-planet?ftag=MCD-06-10aaa1f,"Single-player,Multi-player,Co-op,Shared/Split Screen Co-op,Shared/Split Screen,Steam Achievements,Full controller support,Custom Volume Controls,Keyboard Only Option,Playable without Timed Input,Stereo Sound,Steam Cloud,Remote Play Together,Family Sharing","Action,Adventure,Indie",
1875830,Shin Megami Tensei V: Vengeance,2024-06-13,23.99,https://www.metacritic.com/game/pc/shin-megami-tensei-v-vengeance?ftag=MCD-06-10aaa1f,"Single-player,Steam Achievements,Full controller support,Steam Cloud,Family Sharing","Adventure,RPG","JRPG,RPG,Story Rich,Demons,Adventure,Choices Matter,Exploration,Anime,Turn-Based Strategy,Creature Collector,Third Person,Atmospheric,3D,Turn-Based,Dark,Multiple Endings,Difficult,Destruction,Singleplayer,Post-apocalyptic"
1581770,SpellForce: Conquest of Eo,2023-02-03,9.89,https://www.metacritic.com/game/pc/spellforce-conquest-of-eo?ftag=MCD-06-10aaa1f,"Single-player,Steam Achievements,Full controller support,Steam Trading Cards,Steam Cloud,Family Sharing","RPG,Strategy","Strategy,RPG,Turn-Based Strategy,Tactical RPG,Grand Strategy,Strategy RPG,3D,Fantasy,Top-Down,Crafting,Singleplayer,Dwarf,Dark Fantasy,Lore-Rich,Horses,Magic,Old School,Medieval,Turn-Based Tactics,Military"
2510710,Kunitsu-Gami: Path of the Goddess,2024-07-18,29.99,https://www.metacritic.com/game/pc/kunitsu-gami-path-of-the-goddess?ftag=MCD-06-10aaa1f,"Single-player,Steam Achievements,Full controller support,Steam Trading Cards,Steam Cloud,Family Sharing","Action,Strategy","Action,Strategy,Tower Defense,3D,Mythology,Lore-Rich,Supernatural,Singleplayer,Hack and Slash"
1445790,Make Way,2023-12-04,4.94,https://www.metacritic.com/game/pc/make-way?ftag=MCD-06-10aaa1f,"Single-player,Multi-player,PvP,Online PvP,Shared/Split Screen PvP,Shared/Split Screen,Cross-Platform Multiplayer,Steam Achievements,Full controller support,Camera Comfort,Color Alternatives,Custom Volume Controls,Adjustable Difficulty,Keyboard Only Option,Playable without Timed Input,Steam Cloud,Remote Play Together,Family Sharing","Action,Casual,Indie,Racing","Local Multiplayer,Multiplayer,Party,Racing,PvP,Building,Family Friendly,Funny,Arcade,Action,Combat Racing,Casual,Comedy,Top-Down,Combat,Cartoony,Procedural Generation,Colorful,3D,LEGO"
1561340,Berserk Boy,2024-03-06,10.0,https://www.metacritic.com/game/pc/berserk-boy?ftag=MCD-06-10aaa1f,"Single-player,Steam Achievements,Full controller support,Steam Cloud,Family Sharing","Action,Adventure,Indie","Action-Adventure,2D,Old School,2D Platformer,Action,Platformer,Adventure,Singleplayer,Sci-fi,Anime,Retro,Pixel Graphics,Side Scroller,Difficult,Robots,Hack and Slash,Female Protagonist,Story Rich,Soundtrack,Metroidvania"
1401400,Lovecraft's Untold Stories 2,2022-09-13,3.99,https://www.metacritic.com/game/pc/lovecrafts-untold-stories-2?ftag=MCD-06-10aaa1f,"Single-player,Steam Achievements,Partial Controller Support,Steam Cloud,Family Sharing","Action,Indie,RPG","Action RPG,Lovecraftian,Rogue-like,Action,RPG,Adventure,Noir,Indie,Violent,Crafting,Combat,Comic Book,Psychedelic,Horror,Action Roguelike,Inventory Management,Singleplayer,Isometric,Anime,PvE"
1252330,DEATHLOOP,2021-09-13,11.99,https://www.metacritic.com/game/pc/deathloop?ftag=MCD-06-10aaa1f,"Single-player,Multi-player,PvP,Online PvP,Steam Achievements,Steam Trading Cards,Color Alternatives,Stereo Sound,Surround Sound,Partial Controller Support,Steam Cloud,HDR available,Family Sharing",Action,"FPS,Action,Stealth,Immersive Sim,First-Person,Shooter,Singleplayer,Multiplayer,Time Manipulation,Assassin,Rogue-lite,Story Rich,Adventure,PvP,Violent,Tactical,Gore,Parkour,Action-Adventure,Sexual Content"
1676840,For The King II,2023-11-02,9.99,https://www.metacritic.com/game/pc/for-the-king-ii?ftag=MCD-06-10aaa1f,"Single-player,Multi-player,Co-op,Online Co-op,Shared/Split Screen Co-op,Shared/Split Screen,Cross-Platform Multiplayer,Steam Achievements,Full controller support,Steam Trading Cards,Adjustable Text Size,Camera Comfort,Custom Volume Controls,Adjustable Difficulty,Keyboard Only Option,Mouse Only Option,Save Anytime,Steam Cloud,Remote Play Together,Family Sharing","Adventure,Indie,RPG,Strategy","Adventure,RPG,Strategy,Party-Based RPG,Board Game,Rogue-like,Turn-Based Strategy,Rogue-lite,Tabletop,Multiplayer,Turn-Based Combat,Online Co-Op,Co-op,Fantasy,Local Co-Op,Hex Grid,Local Multiplayer,Open World,Singleplayer,PvP"
1234180,Moons Of Darsalon,2023-04-19,11.8,https://www.metacritic.com/game/pc/moons-of-darsalon?ftag=MCD-06-10aaa1f,"Single-player,Full controller support,Family Sharing","Action,Adventure,Indie,Strategy","Action,Adventure,Retro,2D,Side Scroller,Pixel Graphics,Singleplayer,Arcade,Physics,Controller,Indie,Strategy,Puzzle,Shooter,Platformer,2D Platformer,Lemmings"
1016360,PERISH,2023-02-02,4.99,https://www.metacritic.com/game/pc/perish?ftag=MCD-06-10aaa1f,"Single-player,Multi-player,Co-op,Online Co-op,Steam Achievements,Full controller support,Steam Cloud,Remote Play on TV,Family Sharing","Action,Indie","Action,Violent,Gore,Indie,Rogue-lite,Online Co-Op,First-Person,FPS,Multiplayer,Demons,Singleplayer,PvE,Shooter,Mature,Co-op,Atmospheric,Blood,Great Soundtrack,Difficult,Hack and Slash"
3314070,The Sims™ 2 Legacy Collection,2025-01-31,20.99,https://www.metacritic.com/game/pc/the-sims-2?ftag=MCD-06-10aaa1f,"Single-player,Family Sharing",Simulation,"Sandbox,Life Sim,Building,Simulation,Management,Immersive Sim,Character Customization,Story Rich,Colorful,Cartoony,Atmospheric,Singleplayer,Classic,Sexual Content,LGBTQ+"
1399700,Kapital: Sparks of Revolution,2022-04-28,2.99,https://www.metacritic.com/game/pc/kapital-sparks-of-revolution?ftag=MCD-06-10aaa1f,"Single-player,Steam Achievements,Steam Cloud,Family Sharing","Indie,Simulation,Strategy","Strategy,City Builder,Economy,Capitalism,Survival,Management,Resource Management,Singleplayer,Sandbox,Choices Matter,2D,Isometric,Simulation,Indie,Multiple Endings,Building,Political,Politics,Alternate History,Female Protagonist"
2129530,REANIMAL,2026-02-13,39.99,https://www.metacritic.com/game/pc/reanimal?ftag=MCD-06-10aaa1f,"Single-player,Multi-player,Co-op,Online Co-op,Shared/Split Screen Co-op,Shared/Split Screen,Cross-Platform Multiplayer,Steam Achievements,Full controller support,Steam Trading Cards,Custom Volume Controls,Playable without Timed Input,Stereo Sound,Surround Sound,Steam Cloud,Remote Play Together,Family Sharing",Adventure,
